Protocollo;Gruppo;DataOraIncidente;Localizzazione1;STRADA1;Localizzazione2;STRADA2;Strada02;Chilometrica;DaSpecificare;NaturaIncidente;particolaritastrade;TipoStrada;FondoStradale;Pavimentazione;Segnaletica;CondizioneAtmosferica;Traffico;Visibilita;Illuminazione;NUM_FERITI;NUM_RISERVATA;NUM_MORTI;NUM_ILLESI;Longitudine;Latitudine;Confermato;Progressivo;TipoVeicolo;StatoVeicolo;TipoPersona;Sesso;Tipolesione;Deceduto;DecedutoDopo;CinturaCascoUtilizzato;Airbag;
5262923;2;01/02/2021 08:50:00;Strada Urbana;VIA SALARIA;in corrispondenza;;del civico n.;fr. 412;;Tamponamento;Rettilineo;Una carreggiata a doppio senso;Asciutto;Asfaltata;Verticale ed orizzontale;Sereno;Intenso;Buona;;0;0;0;2;12.5115;41.9873;-1;2;Quadriciclo;In marcia / fermata / arresto;Conducente;M;Illeso;0;;Non accertato;Inesploso
5262925;2;01/02/2021 05:30:00;Strada Urbana;LUNGOTEVERE SALVO D'ACQUISTO;da specificare;;;;pross. VIA SASSI DI SAN GIULIANO;Fuoriuscita dalla sede stradale;Rettilineo;Una carreggiata a doppio senso;Bagnato (umidit� in atto);Asfaltata;Verticale ed orizzontale;Nebbia;Scarso;Insufficiente;;1;0;0;0;12.4736;41.9354;-1;1;Autovettura privata;In marcia / fermata / arresto;Conducente;M;Rimandato;0;NON DECEDUTO;;
5262927;2;01/02/2021 11:20:00;Strada Urbana;VIA GIUSEPPE PISANELLI;in prossimit�;;del civico n.;1;;Scontro laterale fra veicoli in marcia;Rettilineo;Una carreggiata a senso unico di marcia;Asciutto;Asfaltata;Verticale ed orizzontale;Sereno;Normale;Buona;;0;0;0;2;12.473;41.9135;-1;1;Autovettura privata;In marcia / fermata / arresto;Conducente;M;Illeso;0;;Non accertato;Inesploso
5262927;2;01/02/2021 11:20:00;Strada Urbana;VIA GIUSEPPE PISANELLI;in prossimit�;;del civico n.;1;;Scontro laterale fra veicoli in marcia;Rettilineo;Una carreggiata a senso unico di marcia;Asciutto;Asfaltata;Verticale ed orizzontale;Sereno;Normale;Buona;;0;0;0;2;12.473;41.9135;-1;2;Autovettura privata;In marcia / fermata / arresto;Conducente;M;Illeso;0;;Non accertato;Inesploso
5263095;12;02/02/2021 08:41:00;Strada Urbana;VIALE BARTOLOMEO CAVACEPPI;da specificare;;;;in corrispondenza entrata "parco dei Fumetti";Tamponamento;Rettilineo;Due carreggiate;Asciutto;Asfaltata;Verticale ed orizzontale;Sereno;Normale;Buona;;0;0;0;3;12.4308;41.7971;-1;1;Autovettura privata;In marcia / fermata / arresto;Conducente;F;Illeso;0;;Utilizzato;Inesploso
5263095;12;02/02/2021 08:41:00;Strada Urbana;VIALE BARTOLOMEO CAVACEPPI;da specificare;;;;in corrispondenza entrata "parco dei Fumetti";Tamponamento;Rettilineo;Due carreggiate;Asciutto;Asfaltata;Verticale ed orizzontale;Sereno;Normale;Buona;;0;0;0;3;12.4308;41.7971;-1;1;Autovettura privata;In marcia / fermata / arresto;Passeggero;M;Illeso;0;;Utilizzato;
5263095;12;02/02/2021 08:41:00;Strada Urbana;VIALE BARTOLOMEO CAVACEPPI;da specificare;;;;in corrispondenza entrata "parco dei Fumetti";Tamponamento;Rettilineo;Due carreggiate;Asciutto;Asfaltata;Verticale ed orizzontale;Sereno;Normale;Buona;;0;0;0;3;12.4308;41.7971;-1;2;Autovettura privata;In marcia / fermata / arresto;Conducente;M;Illeso;0;;Utilizzato;Inesploso
5263117;10;02/02/2021 12:30:00;Statale entro l'abitato;VIA TUSCOLANA;in prossimit�;;del civico n.;1245;;Scontro frontale/laterale DX fra veicoli in marcia;Rettilineo;Due carreggiate;Asciutto;Asfaltata;Verticale ed orizzontale;Sereno;Normale;Buona;;0;0;0;3;12.602;41.8361;-1;1;Autovettura privata;In marcia / fermata / arresto;Conducente;F;Illeso;0;;Non accertato;Inesploso
5263117;10;02/02/2021 12:30:00;Statale entro l'abitato;VIA TUSCOLANA;in prossimit�;;del civico n.;1245;;Scontro frontale/laterale DX fra veicoli in marcia;Rettilineo;Due carreggiate;Asciutto;Asfaltata;Verticale ed orizzontale;Sereno;Normale;Buona;;0;0;0;3;12.602;41.8361;-1;2;Autovettura privata;In marcia / fermata / arresto;Conducente;M;Illeso;0;;Non accertato;Inesploso
5263117;10;02/02/2021 12:30:00;Statale entro l'abitato;VIA TUSCOLANA;in prossimit�;;del civico n.;1245;;Scontro frontale/laterale DX fra veicoli in marcia;Rettilineo;Due carreggiate;Asciutto;Asfaltata;Verticale ed orizzontale;Sereno;Normale;Buona;;0;0;0;3;12.602;41.8361;-1;2;Autovettura privata;In marcia / fermata / arresto;Passeggero;F;Illeso;0;;Non accertato;Inesploso
5263125;12;02/02/2021 09:55:00;Strada Urbana;VIA CINA;all'intersezione con;VIA DEL FOSSO DEL TORRINO;VIA DEL FOSSO DEL TORRINO;;;Investimento di pedone;Intersezione stradale segnalata;Una carreggiata a doppio senso;Asciutto;Asfaltata;Verticale ed orizzontale;Sereno;Normale;Buona;;1;0;0;1;12.4361;41.8149;-1;;;;Pedone;M;Ricoverato;0;NON DECEDUTO;;
5263125;12;02/02/2021 09:55:00;Strada Urbana;VIA CINA;all'intersezione con;VIA DEL FOSSO DEL TORRINO;VIA DEL FOSSO DEL TORRINO;;;Investimento di pedone;Intersezione stradale segnalata;Una carreggiata a doppio senso;Asciutto;Asfaltata;Verticale ed orizzontale;Sereno;Normale;Buona;;1;0;0;1;12.4361;41.8149;-1;1;Autovettura privata;In marcia / fermata / arresto;Conducente;M;Illeso;0;;Non accertato;Inesploso
5263181;17;02/02/2021 07:30:00;Strada Urbana;VIA CIPRO;da specificare;;;;pressi via Fra' Albenzio;Scontro laterale fra veicoli in marcia;Rettilineo;Due carreggiate;Asciutto;Asfaltata;Verticale ed orizzontale;Sereno;Intenso;Buona;;0;0;0;4;12.4466;41.9071;-1;1;Autovettura privata;In marcia / fermata / arresto;Conducente;M;Illeso;0;;;
5263181;17;02/02/2021 07:30:00;Strada Urbana;VIA CIPRO;da specificare;;;;pressi via Fra' Albenzio;Scontro laterale fra veicoli in marcia;Rettilineo;Due carreggiate;Asciutto;Asfaltata;Verticale ed orizzontale;Sereno;Intenso;Buona;;0;0;0;4;12.4466;41.9071;-1;1;Autovettura privata;In marcia / fermata / arresto;Passeggero;F;Illeso;0;;;
5263181;17;02/02/2021 07:30:00;Strada Urbana;VIA CIPRO;da specificare;;;;pressi via Fra' Albenzio;Scontro laterale fra veicoli in marcia;Rettilineo;Due carreggiate;Asciutto;Asfaltata;Verticale ed orizzontale;Sereno;Intenso;Buona;;0;0;0;4;12.4466;41.9071;-1;1;Autovettura privata;In marcia / fermata / arresto;Passeggero;M;Illeso;0;;;
5263181;17;02/02/2021 07:30:00;Strada Urbana;VIA CIPRO;da specificare;;;;pressi via Fra' Albenzio;Scontro laterale fra veicoli in marcia;Rettilineo;Due carreggiate;Asciutto;Asfaltata;Verticale ed orizzontale;Sereno;Intenso;Buona;;0;0;0;4;12.4466;41.9071;-1;2;Motociclo a solo;In marcia / fermata / arresto;Conducente;M;Illeso;0;;;
5263250;12;02/02/2021 09:15:00;Strada Urbana;VIALE DEI CADUTI NELLA GUERRA DI LIBERAZIONE;all'intersezione con;VIA DOMENICO DE' GIOVANNI;VIA DOMENICO DE' GIOVANNI;;;Scontro frontale/laterale DX fra veicoli in marcia;Incrocio;Una carreggiata a senso unico di marcia;Asciutto;Asfaltata;Verticale ed orizzontale;Sereno;Normale;Buona;;0;0;0;4;12.4457;41.7875;-1;1;Autovettura privata;In marcia / fermata / arresto;Conducente;M;Illeso;0;;Utilizzato;Inesploso
5263250;12;02/02/2021 09:15:00;Strada Urbana;VIALE DEI CADUTI NELLA GUERRA DI LIBERAZIONE;all'intersezione con;VIA DOMENICO DE' GIOVANNI;VIA DOMENICO DE' GIOVANNI;;;Scontro frontale/laterale DX fra veicoli in marcia;Incrocio;Una carreggiata a senso unico di marcia;Asciutto;Asfaltata;Verticale ed orizzontale;Sereno;Normale;Buona;;0;0;0;4;12.4457;41.7875;-1;2;Autovettura privata;In marcia / fermata / arresto;Conducente;F;Illeso;0;;Utilizzato;Inesploso
5263250;12;02/02/2021 09:15:00;Strada Urbana;VIALE DEI CADUTI NELLA GUERRA DI LIBERAZIONE;all'intersezione con;VIA DOMENICO DE' GIOVANNI;VIA DOMENICO DE' GIOVANNI;;;Scontro frontale/laterale DX fra veicoli in marcia;Incrocio;Una carreggiata a senso unico di marcia;Asciutto;Asfaltata;Verticale ed orizzontale;Sereno;Normale;Buona;;0;0;0;4;12.4457;41.7875;-1;3;Autovettura privata;In marcia / fermata / arresto;Conducente;F;Illeso;0;;Utilizzato;Inesploso
5263250;12;02/02/2021 09:15:00;Strada Urbana;VIALE DEI CADUTI NELLA GUERRA DI LIBERAZIONE;all'intersezione con;VIA DOMENICO DE' GIOVANNI;VIA DOMENICO DE' GIOVANNI;;;Scontro frontale/laterale DX fra veicoli in marcia;Incrocio;Una carreggiata a senso unico di marcia;Asciutto;Asfaltata;Verticale ed orizzontale;Sereno;Normale;Buona;;0;0;0;4;12.4457;41.7875;-1;4;Autovettura privata;In marcia / fermata / arresto;Conducente;M;Illeso;0;;Utilizzato;Inesploso
5263258;17;02/02/2021 11:15:00;Strada Urbana;VIA TRIONFALE;all'intersezione con;VIA RAFFAELE ROSSETTI;VIA RAFFAELE ROSSETTI;;;Veicolo in marcia contro veicolo in sosta;Incrocio;Una carreggiata a doppio senso;Asciutto;Asfaltata;Verticale ed orizzontale;Sereno;Normale;Buona;;0;0;0;1;12.4229;41.9409;-1;1;Autovettura privata;In marcia / fermata / arresto;Conducente;F;Illeso;0;;;
5263258;17;02/02/2021 11:15:00;Strada Urbana;VIA TRIONFALE;all'intersezione con;VIA RAFFAELE ROSSETTI;VIA RAFFAELE ROSSETTI;;;Veicolo in marcia contro veicolo in sosta;Incrocio;Una carreggiata a doppio senso;Asciutto;Asfaltata;Verticale ed orizzontale;Sereno;Normale;Buona;;0;0;0;1;12.4229;41.9409;-1;2;Autocarro inferiore 35 q.;Sosta;;;;;;;
5263413;1;02/02/2021 10:00:00;Strada Urbana;VIA VITTORIO VENETO;all'intersezione semaforizzata con;VIA BONCOMPAGNI;VIA BONCOMPAGNI;;;Scontro laterale fra veicoli in marcia;Intersezione semaforizzata;Una carreggiata a doppio senso;Asciutto;Asfaltata;Verticale ed orizzontale;Sereno;Normale;Buona;;1;0;0;1;12.4899;41.9074;-1;1;Autobus di linea;In marcia / fermata / arresto;Conducente;F;Illeso;0;;Non accertato;Inesploso
5263413;1;02/02/2021 10:00:00;Strada Urbana;VIA VITTORIO VENETO;all'intersezione semaforizzata con;VIA BONCOMPAGNI;VIA BONCOMPAGNI;;;Scontro laterale fra veicoli in marcia;Intersezione semaforizzata;Una carreggiata a doppio senso;Asciutto;Asfaltata;Verticale ed orizzontale;Sereno;Normale;Buona;;1;0;0;1;12.4899;41.9074;-1;2;Motociclo a solo;In marcia / fermata / arresto;Conducente;F;Rifiuta cure immediate;0;NON DECEDUTO;Non accertato;
5263453;18;02/02/2021 08:30:00;Strada Urbana;VIA BALDO DEGLI UBALDI;da specificare;;;;fronte civico 366;Scontro laterale fra veicoli in marcia;Rettilineo;Due carreggiate;Asciutto;Asfaltata;Verticale ed orizzontale;Sereno;Normale;Buona;;0;0;0;2;12.4363;41.8999;-1;1;Autovettura privata;In marcia / fermata / arresto;Conducente;M;Illeso;0;;;
5263453;18;02/02/2021 08:30:00;Strada Urbana;VIA BALDO DEGLI UBALDI;da specificare;;;;fronte civico 366;Scontro laterale fra veicoli in marcia;Rettilineo;Due carreggiate;Asciutto;Asfaltata;Verticale ed orizzontale;Sereno;Normale;Buona;;0;0;0;2;12.4363;41.8999;-1;2;Autovettura privata;In marcia / fermata / arresto;Conducente;M;Illeso;0;;;
5263491;9;02/02/2021 12:00:00;Strada Urbana;VIA APPIA NUOVA;in prossimit�;;del civico n.;419;;Tamponamento;Rettilineo;Due carreggiate;Asciutto;Asfaltata;Orizzontale;Sereno;Normale;Buona;;1;0;0;1;12.5241;41.8741;-1;1;Motociclo a solo;In marcia / fermata / arresto;Conducente;M;Rimandato;0;NON DECEDUTO;Non accertato;
5263491;9;02/02/2021 12:00:00;Strada Urbana;VIA APPIA NUOVA;in prossimit�;;del civico n.;419;;Tamponamento;Rettilineo;Due carreggiate;Asciutto;Asfaltata;Orizzontale;Sereno;Normale;Buona;;1;0;0;1;12.5241;41.8741;-1;2;Motociclo a solo;In marcia / fermata / arresto;Conducente;M;Illeso;0;;Non accertato;
5263666;15;02/02/2021 08:50:00;Strada Urbana;VIA DI AFFOGALASINO;da specificare;;;;fronte civico 75;Scontro frontale/laterale DX fra veicoli in marcia;Rettilineo;Una carreggiata a doppio senso;Asciutto;Asfaltata;Verticale ed orizzontale;Sereno;Normale;Buona;;1;0;0;1;12.4352;41.8585;-1;1;Motociclo a solo;In marcia / fermata / arresto;Conducente;M;Rimandato;0;NON DECEDUTO;Non accertato;
5263666;15;02/02/2021 08:50:00;Strada Urbana;VIA DI AFFOGALASINO;da specificare;;;;fronte civico 75;Scontro frontale/laterale DX fra veicoli in marcia;Rettilineo;Una carreggiata a doppio senso;Asciutto;Asfaltata;Verticale ed orizzontale;Sereno;Normale;Buona;;1;0;0;1;12.4352;41.8585;-1;2;Autovettura privata;In marcia / fermata / arresto;Conducente;F;Illeso;0;;Non accertato;Inesploso
5263715;15;02/02/2021 10:30:00;Strada Urbana;VIA DELLA MURATELLA;in prossimit�;;del civico n.;165;;Scontro laterale fra veicoli in marcia;Rettilineo;Una carreggiata a doppio senso;Asciutto;Asfaltata;Verticale ed orizzontale;Sereno;Normale;Buona;;0;0;0;4;12.3244;41.826;-1;1;Autovettura privata;In marcia / fermata / arresto;Conducente;M;Illeso;0;;Non accertato;Inesploso
5263715;15;02/02/2021 10:30:00;Strada Urbana;VIA DELLA MURATELLA;in prossimit�;;del civico n.;165;;Scontro laterale fra veicoli in marcia;Rettilineo;Una carreggiata a doppio senso;Asciutto;Asfaltata;Verticale ed orizzontale;Sereno;Normale;Buona;;0;0;0;4;12.3244;41.826;-1;1;Autovettura privata;In marcia / fermata / arresto;Passeggero;F;Illeso;0;;Non accertato;Inesploso
5263715;15;02/02/2021 10:30:00;Strada Urbana;VIA DELLA MURATELLA;in prossimit�;;del civico n.;165;;Scontro laterale fra veicoli in marcia;Rettilineo;Una carreggiata a doppio senso;Asciutto;Asfaltata;Verticale ed orizzontale;Sereno;Normale;Buona;;0;0;0;4;12.3244;41.826;-1;2;Autovettura privata;In marcia / fermata / arresto;Conducente;M;Illeso;0;;Non accertato;Esploso
5263715;15;02/02/2021 10:30:00;Strada Urbana;VIA DELLA MURATELLA;in prossimit�;;del civico n.;165;;Scontro laterale fra veicoli in marcia;Rettilineo;Una carreggiata a doppio senso;Asciutto;Asfaltata;Verticale ed orizzontale;Sereno;Normale;Buona;;0;0;0;4;12.3244;41.826;-1;2;Autovettura privata;In marcia / fermata / arresto;Passeggero;F;Illeso;0;;Non accertato;Inesploso
5263729;12;02/02/2021 09:30:00;Strada Urbana;VIADOTTO DELLA MAGLIANA;da specificare;;;;immissione roma fiumicino;Scontro laterale fra veicoli in marcia;Rettilineo;Due carreggiate;Asciutto;Asfaltata;Verticale ed orizzontale;Sereno;Intenso;Buona;;0;0;0;2;12.4632;41.8418;-1;1;Autovettura privata;In marcia / fermata / arresto;Conducente;M;Illeso;0;;Utilizzato;Inesploso
5263729;12;02/02/2021 09:30:00;Strada Urbana;VIADOTTO DELLA MAGLIANA;da specificare;;;;immissione roma fiumicino;Scontro laterale fra veicoli in marcia;Rettilineo;Due carreggiate;Asciutto;Asfaltata;Verticale ed orizzontale;Sereno;Intenso;Buona;;0;0;0;2;12.4632;41.8418;-1;2;Autovettura privata;In marcia / fermata / arresto;Conducente;M;Illeso;0;;;
5263780;3;01/02/2021 12:30:00;Strada Urbana;VIA DEI MARRUCINI;all'intersezione con;VIA DEI RAMNI;VIA DEI RAMNI;;;Scontro frontale/laterale DX fra veicoli in marcia;Incrocio;Una carreggiata a senso unico di marcia;Asciutto;Asfaltata;Verticale ed orizzontale;Nuvoloso;Normale;Buona;;0;0;0;2;12.514;41.9;-1;1;Autobus urbano;In marcia / fermata / arresto;Conducente;M;Illeso;0;;;
5263780;3;01/02/2021 12:30:00;Strada Urbana;VIA DEI MARRUCINI;all'intersezione con;VIA DEI RAMNI;VIA DEI RAMNI;;;Scontro frontale/laterale DX fra veicoli in marcia;Incrocio;Una carreggiata a senso unico di marcia;Asciutto;Asfaltata;Verticale ed orizzontale;Nuvoloso;Normale;Buona;;0;0;0;2;12.514;41.9;-1;2;Autocarro inferiore 35 q.;In marcia / fermata / arresto;Conducente;M;Illeso;0;;;
5263781;5;02/02/2021 11:00:00;Strada Urbana;VIA DEL CASALE DI S. BASILIO;all'intersezione con;VIA TINO BUAZZELLI;VIA TINO BUAZZELLI;;;Scontro laterale fra veicoli in marcia;Incrocio;Una carreggiata a doppio senso;Asciutto;Asfaltata;Verticale ed orizzontale;Sereno;Normale;Buona;;0;0;0;2;12.5689;41.9445;-1;1;Motociclo a solo;In marcia / fermata / arresto;Conducente;M;Illeso;0;;Non accertato;
5263781;5;02/02/2021 11:00:00;Strada Urbana;VIA DEL CASALE DI S. BASILIO;all'intersezione con;VIA TINO BUAZZELLI;VIA TINO BUAZZELLI;;;Scontro laterale fra veicoli in marcia;Incrocio;Una carreggiata a doppio senso;Asciutto;Asfaltata;Verticale ed orizzontale;Sereno;Normale;Buona;;0;0;0;2;12.5689;41.9445;-1;2;Autovettura privata;In marcia / fermata / arresto;Conducente;M;Illeso;0;;Non accertato;
5263784;5;02/02/2021 12:40:00;Strada Urbana;VIA DOMENICO DE DOMINICIS;all'intersezione con;PIAZZA TOMMASO DE CRISTOFORIS;PIAZZA TOMMASO DE CRISTOFORIS;;;Veicolo in marcia contro ostacolo accidentale;Incrocio;Una carreggiata a doppio senso;Asciutto;Asfaltata;Verticale ed orizzontale;Sereno;Normale;Buona;;0;0;0;1;12.5349;41.9008;-1;1;Motociclo a solo;In marcia / fermata / arresto;Conducente;F;Illeso;0;;Non accertato;
5263788;3;01/02/2021 13:20:00;Strada Urbana;VIA TIBURTINA;da specificare;;;;altezza civico 656;Scontro laterale fra veicoli in marcia;Rettilineo;Due carreggiate;Asciutto;Asfaltata;Verticale ed orizzontale;Nuvoloso;Normale;Buona;;0;0;0;2;12.5497;41.9105;-1;1;Autovettura privata;In marcia / fermata / arresto;Conducente;M;Illeso;0;;;
5263788;3;01/02/2021 13:20:00;Strada Urbana;VIA TIBURTINA;da specificare;;;;altezza civico 656;Scontro laterale fra veicoli in marcia;Rettilineo;Due carreggiate;Asciutto;Asfaltata;Verticale ed orizzontale;Nuvoloso;Normale;Buona;;0;0;0;2;12.5497;41.9105;-1;2;Autovettura privata;In marcia / fermata / arresto;Conducente;M;Illeso;0;;;
5263898;15;02/02/2021 13:20:00;Strada Urbana;VIA DELLA MAGLIANA;da specificare;;;;fronte civico 424;Scontro laterale fra veicoli in marcia;Rettilineo;Due carreggiate;Asciutto;Asfaltata;Orizzontale;Sereno;Normale;Buona;;1;0;0;1;12.4196;41.8317;-1;1;Autovettura privata;In marcia / fermata / arresto;Conducente;M;Illeso;0;;Non accertato;Inesploso
5263898;15;02/02/2021 13:20:00;Strada Urbana;VIA DELLA MAGLIANA;da specificare;;;;fronte civico 424;Scontro laterale fra veicoli in marcia;Rettilineo;Due carreggiate;Asciutto;Asfaltata;Orizzontale;Sereno;Normale;Buona;;1;0;0;1;12.4196;41.8317;-1;2;Motociclo a solo;In marcia / fermata / arresto;Conducente;M;Rimandato;0;NON DECEDUTO;;
5263900;15;02/02/2021 15:30:00;Strada Urbana;VIA LANFRANCO MAROI;in corrispondenza;;del civico n.;82;;Tamponamento;Rettilineo;Una carreggiata a doppio senso;Asciutto;Asfaltata;Orizzontale;Sereno;Scarso;Sufficiente;;0;0;0;4;12.4169;41.8442;-1;1;Autovettura privata;In marcia / fermata / arresto;Conducente;M;Illeso;0;;Non accertato;Inesploso
5263900;15;02/02/2021 15:30:00;Strada Urbana;VIA LANFRANCO MAROI;in corrispondenza;;del civico n.;82;;Tamponamento;Rettilineo;Una carreggiata a doppio senso;Asciutto;Asfaltata;Orizzontale;Sereno;Scarso;Sufficiente;;0;0;0;4;12.4169;41.8442;-1;1;Autovettura privata;In marcia / fermata / arresto;Passeggero;F;Illeso;0;;Non accertato;Inesploso
5263900;15;02/02/2021 15:30:00;Strada Urbana;VIA LANFRANCO MAROI;in corrispondenza;;del civico n.;82;;Tamponamento;Rettilineo;Una carreggiata a doppio senso;Asciutto;Asfaltata;Orizzontale;Sereno;Scarso;Sufficiente;;0;0;0;4;12.4169;41.8442;-1;2;Autocarro inferiore 35 q.;In marcia / fermata / arresto;Conducente;M;Illeso;0;;Non accertato;Inesploso
5263900;15;02/02/2021 15:30:00;Strada Urbana;VIA LANFRANCO MAROI;in corrispondenza;;del civico n.;82;;Tamponamento;Rettilineo;Una carreggiata a doppio senso;Asciutto;Asfaltata;Orizzontale;Sereno;Scarso;Sufficiente;;0;0;0;4;12.4169;41.8442;-1;2;Autocarro inferiore 35 q.;In marcia / fermata / arresto;Passeggero;M;Illeso;0;;Non accertato;Inesploso
5264023;8;02/02/2021 11:50:00;Strada Urbana;VIA AMICO ASPERTINI;da specificare;;;;fermata bus Aspertini-Gabbiani;Tamponamento;Rettilineo;Una carreggiata a doppio senso;Asciutto;Asfaltata;Verticale ed orizzontale;Sereno;Normale;Buona;;2;0;0;2;12.6299;41.8728;-1;;;;Pedone;F;Rifiuta cure immediate;0;NON DECEDUTO;;
5264023;8;02/02/2021 11:50:00;Strada Urbana;VIA AMICO ASPERTINI;da specificare;;;;fermata bus Aspertini-Gabbiani;Tamponamento;Rettilineo;Una carreggiata a doppio senso;Asciutto;Asfaltata;Verticale ed orizzontale;Sereno;Normale;Buona;;2;0;0;2;12.6299;41.8728;-1;1;Autovettura privata;In marcia / fermata / arresto;Conducente;M;Rifiuta cure immediate;0;NON DECEDUTO;;
5264023;8;02/02/2021 11:50:00;Strada Urbana;VIA AMICO ASPERTINI;da specificare;;;;fermata bus Aspertini-Gabbiani;Tamponamento;Rettilineo;Una carreggiata a doppio senso;Asciutto;Asfaltata;Verticale ed orizzontale;Sereno;Normale;Buona;;2;0;0;2;12.6299;41.8728;-1;1;Autovettura privata;In marcia / fermata / arresto;Passeggero;M;Illeso;0;;;
5264023;8;02/02/2021 11:50:00;Strada Urbana;VIA AMICO ASPERTINI;da specificare;;;;fermata bus Aspertini-Gabbiani;Tamponamento;Rettilineo;Una carreggiata a doppio senso;Asciutto;Asfaltata;Verticale ed orizzontale;Sereno;Normale;Buona;;2;0;0;2;12.6299;41.8728;-1;2;Autovettura privata;In marcia / fermata / arresto;Conducente;M;Illeso;0;;;
5264024;8;02/02/2021 14:25:00;Provinciale entro l'abitato;VIA POLENSE;in corrispondenza;;della chilometrica;20.2;;Tamponamento;Rettilineo;Una carreggiata a doppio senso;Asciutto;Asfaltata;Verticale ed orizzontale;Sereno;Normale;Buona;;2;0;0;1;12.7087;41.9031;-1;1;Autovettura privata;In marcia / fermata / arresto;Conducente;M;Illeso;0;;Non accertato;Inesploso
5264024;8;02/02/2021 14:25:00;Provinciale entro l'abitato;VIA POLENSE;in corrispondenza;;della chilometrica;20.2;;Tamponamento;Rettilineo;Una carreggiata a doppio senso;Asciutto;Asfaltata;Verticale ed orizzontale;Sereno;Normale;Buona;;2;0;0;1;12.7087;41.9031;-1;2;Autovettura privata;In marcia / fermata / arresto;Conducente;M;Rifiuta cure immediate;0;NON DECEDUTO;Non accertato;Inesploso
5264024;8;02/02/2021 14:25:00;Provinciale entro l'abitato;VIA POLENSE;in corrispondenza;;della chilometrica;20.2;;Tamponamento;Rettilineo;Una carreggiata a doppio senso;Asciutto;Asfaltata;Verticale ed orizzontale;Sereno;Normale;Buona;;2;0;0;1;12.7087;41.9031;-1;2;Autovettura privata;In marcia / fermata / arresto;Passeggero;F;Rifiuta cure immediate;0;NON DECEDUTO;Non accertato;Inesploso
5264032;8;02/02/2021 07:30:00;Strada Urbana;VIA PIETRO BELON;all'intersezione con;VIA DI CASA CALDA;VIA DI CASA CALDA;;;Scontro laterale fra veicoli in marcia;Intersezione stradale segnalata;Una carreggiata a doppio senso;Asciutto;Asfaltata;Verticale ed orizzontale;Sereno;Normale;Buona;;0;0;0;3;12.591;41.8703;-1;1;Autocarro inferiore 35 q.;In marcia / fermata / arresto;Conducente;M;Illeso;0;;;
5264032;8;02/02/2021 07:30:00;Strada Urbana;VIA PIETRO BELON;all'intersezione con;VIA DI CASA CALDA;VIA DI CASA CALDA;;;Scontro laterale fra veicoli in marcia;Intersezione stradale segnalata;Una carreggiata a doppio senso;Asciutto;Asfaltata;Verticale ed orizzontale;Sereno;Normale;Buona;;0;0;0;3;12.591;41.8703;-1;2;Autovettura privata;In marcia / fermata / arresto;Conducente;M;Illeso;0;;;
5264032;8;02/02/2021 07:30:00;Strada Urbana;VIA PIETRO BELON;all'intersezione con;VIA DI CASA CALDA;VIA DI CASA CALDA;;;Scontro laterale fra veicoli in marcia;Intersezione stradale segnalata;Una carreggiata a doppio senso;Asciutto;Asfaltata;Verticale ed orizzontale;Sereno;Normale;Buona;;0;0;0;3;12.591;41.8703;-1;2;Autovettura privata;In marcia / fermata / arresto;Passeggero;M;Illeso;0;;;
5264034;8;02/02/2021 08:00:00;Strada Urbana;VIA DI TOR VERGATA;da specificare;;;;altezza Via Berkeley;Scontro laterale fra veicoli in marcia;Rettilineo;Due carreggiate;Asciutto;Asfaltata;Verticale ed orizzontale;Sereno;Scarso;Buona;;0;0;0;2;12.6247;41.8492;-1;1;Autovettura privata;In marcia / fermata / arresto;Conducente;F;Illeso;0;;Non accertato;Inesploso
5264034;8;02/02/2021 08:00:00;Strada Urbana;VIA DI TOR VERGATA;da specificare;;;;altezza Via Berkeley;Scontro laterale fra veicoli in marcia;Rettilineo;Due carreggiate;Asciutto;Asfaltata;Verticale ed orizzontale;Sereno;Scarso;Buona;;0;0;0;2;12.6247;41.8492;-1;2;Autovettura privata;In marcia / fermata / arresto;Conducente;F;Illeso;0;;Non accertato;Inesploso
5264036;8;02/02/2021 15:00:00;Strada Urbana;VIA DI TORRENOVA;in corrispondenza;;del civico n.;295;;Tamponamento;Rettilineo;Una carreggiata a doppio senso;Asciutto;Asfaltata;Verticale ed orizzontale;Sereno;Intenso;Buona;;1;0;0;2;12.6173;41.8823;-1;1;Autovettura privata;In marcia / fermata / arresto;Conducente;F;Illeso;0;;Non accertato;Inesploso
5264036;8;02/02/2021 15:00:00;Strada Urbana;VIA DI TORRENOVA;in corrispondenza;;del civico n.;295;;Tamponamento;Rettilineo;Una carreggiata a doppio senso;Asciutto;Asfaltata;Verticale ed orizzontale;Sereno;Intenso;Buona;;1;0;0;2;12.6173;41.8823;-1;2;Autovettura privata;In marcia / fermata / arresto;Conducente;M;Rifiuta cure immediate;0;NON DECEDUTO;Non accertato;Inesploso
5264036;8;02/02/2021 15:00:00;Strada Urbana;VIA DI TORRENOVA;in corrispondenza;;del civico n.;295;;Tamponamento;Rettilineo;Una carreggiata a doppio senso;Asciutto;Asfaltata;Verticale ed orizzontale;Sereno;Intenso;Buona;;1;0;0;2;12.6173;41.8823;-1;2;Autovettura privata;In marcia / fermata / arresto;Passeggero;F;Illeso;0;;Non accertato;Inesploso