Protocollo;Gruppo;DataOraIncidente;Localizzazione1;STRADA1;Localizzazione2;STRADA2;Strada02;Chilometrica;DaSpecificare;NaturaIncidente;particolaritastrade;TipoStrada;FondoStradale;Pavimentazione;Segnaletica;CondizioneAtmosferica;Traffico;Visibilita;Illuminazione;NUM_FERITI;NUM_RISERVATA;NUM_MORTI;NUM_ILLESI;Longitudine;Latitudine;Confermato;Progressivo;TipoVeicolo;StatoVeicolo;TipoPersona;Sesso;Tipolesione;Deceduto;DecedutoDopo;CinturaCascoUtilizzato;Airbag;
5267456;8;04/02/2021 08:50:00;Strada Urbana;VIA MARTINO ROTA;all'intersezione con;VIA BERNARDO MINOZZI;VIA BERNARDO MINOZZI;;;Veicolo in marcia contro veicolo fermo;Intersezione stradale segnalata;Una carreggiata a senso unico di marcia;Asciutto;Asfaltata;Verticale;Sereno;Normale;Buona;;0;0;0;3;12.6268;41.87;-1;2;Autovettura privata;In marcia / fermata / arresto;Conducente;M;Illeso;0;;Non accertato;Inesploso
5267456;8;04/02/2021 08:50:00;Strada Urbana;VIA MARTINO ROTA;all'intersezione con;VIA BERNARDO MINOZZI;VIA BERNARDO MINOZZI;;;Veicolo in marcia contro veicolo fermo;Intersezione stradale segnalata;Una carreggiata a senso unico di marcia;Asciutto;Asfaltata;Verticale;Sereno;Normale;Buona;;0;0;0;3;12.6268;41.87;-1;2;Autovettura privata;In marcia / fermata / arresto;Passeggero;F;Illeso;0;;Non accertato;Inesploso
5267457;8;04/02/2021 14:30:00;Strada Urbana;VIA PRENESTINA;in prossimit�;;del civico n.;1153;;Veicolo in marcia contro veicolo fermo;Rettilineo;Una carreggiata a doppio senso;Asciutto;Asfaltata;Orizzontale;Sereno;Normale;Buona;;1;0;0;1;12.6254;41.8934;-1;1;Autovettura privata;In marcia / fermata / arresto;Conducente;M;Rifiuta cure immediate;0;NON DECEDUTO;Non accertato;Inesploso
5267457;8;04/02/2021 14:30:00;Strada Urbana;VIA PRENESTINA;in prossimit�;;del civico n.;1153;;Veicolo in marcia contro veicolo fermo;Rettilineo;Una carreggiata a doppio senso;Asciutto;Asfaltata;Orizzontale;Sereno;Normale;Buona;;1;0;0;1;12.6254;41.8934;-1;2;Autovettura privata;In marcia / fermata / arresto;Conducente;M;Illeso;0;;Non accertato;Inesploso
5267460;8;04/02/2021 13:45:00;Strada Urbana;VIA CASILINA;in corrispondenza;;del palo luce n.;648;;Tamponamento;Rettilineo;Una carreggiata a doppio senso;Asciutto;Asfaltata;Verticale ed orizzontale;Sereno;Normale;Buona;;2;0;0;5;12.6212;41.8626;-1;;;;Pedone;F;Rifiuta cure immediate;0;NON DECEDUTO;;
5267460;8;04/02/2021 13:45:00;Strada Urbana;VIA CASILINA;in corrispondenza;;del palo luce n.;648;;Tamponamento;Rettilineo;Una carreggiata a doppio senso;Asciutto;Asfaltata;Verticale ed orizzontale;Sereno;Normale;Buona;;2;0;0;5;12.6212;41.8626;-1;;;;Pedone;F;Illeso;0;;;
5267460;8;04/02/2021 13:45:00;Strada Urbana;VIA CASILINA;in corrispondenza;;del palo luce n.;648;;Tamponamento;Rettilineo;Una carreggiata a doppio senso;Asciutto;Asfaltata;Verticale ed orizzontale;Sereno;Normale;Buona;;2;0;0;5;12.6212;41.8626;-1;;;;Pedone;F;Rifiuta cure immediate;0;NON DECEDUTO;;
5267460;8;04/02/2021 13:45:00;Strada Urbana;VIA CASILINA;in corrispondenza;;del palo luce n.;648;;Tamponamento;Rettilineo;Una carreggiata a doppio senso;Asciutto;Asfaltata;Verticale ed orizzontale;Sereno;Normale;Buona;;2;0;0;5;12.6212;41.8626;-1;1;Autocarro inferiore 35 q.;In marcia / fermata / arresto;Conducente;M;Illeso;0;;;
5267460;8;04/02/2021 13:45:00;Strada Urbana;VIA CASILINA;in corrispondenza;;del palo luce n.;648;;Tamponamento;Rettilineo;Una carreggiata a doppio senso;Asciutto;Asfaltata;Verticale ed orizzontale;Sereno;Normale;Buona;;2;0;0;5;12.6212;41.8626;-1;2;Autovettura privata;In marcia / fermata / arresto;Conducente;M;Illeso;0;;;
5267460;8;04/02/2021 13:45:00;Strada Urbana;VIA CASILINA;in corrispondenza;;del palo luce n.;648;;Tamponamento;Rettilineo;Una carreggiata a doppio senso;Asciutto;Asfaltata;Verticale ed orizzontale;Sereno;Normale;Buona;;2;0;0;5;12.6212;41.8626;-1;2;Autovettura privata;In marcia / fermata / arresto;Passeggero;M;Illeso;0;;;
5267460;8;04/02/2021 13:45:00;Strada Urbana;VIA CASILINA;in corrispondenza;;del palo luce n.;648;;Tamponamento;Rettilineo;Una carreggiata a doppio senso;Asciutto;Asfaltata;Verticale ed orizzontale;Sereno;Normale;Buona;;2;0;0;5;12.6212;41.8626;-1;2;Autovettura privata;In marcia / fermata / arresto;Passeggero;M;Illeso;0;;;
5267461;8;04/02/2021 20:30:00;Strada Urbana;VIA TIBURTINA;da specificare;;;;corsia inversione di marcia prox Via Caponia;Veicolo in marcia contro ostacolo fisso;Rettilineo;Due carreggiate;Asciutto;Asfaltata;Orizzontale;Sereno;Scarso;Buona;;0;0;0;0;12.5739;41.9257;-1;1;Autovettura privata;In marcia / fermata / arresto;;;;;;;
5267592;1;04/02/2021 17:10:00;Strada Urbana;PIAZZA GIUSEPPE GIOACHINO BELLI;all'intersezione semaforizzata con;LUNGOTEVERE DEGLI ANGUILLARA;LUNGOTEVERE DEGLI ANGUILLARA;;;Veicolo in marcia contro ostacolo fisso;Intersezione semaforizzata;Una carreggiata a doppio senso;Asciutto;Asfaltata;Verticale ed orizzontale;Nuvoloso;Normale;Buona;;1;0;0;1;12.4743;41.89;-1;1;Autovettura pubblica;In marcia / fermata / arresto;Conducente;M;Rimandato;0;NON DECEDUTO;;
5267592;1;04/02/2021 17:10:00;Strada Urbana;PIAZZA GIUSEPPE GIOACHINO BELLI;all'intersezione semaforizzata con;LUNGOTEVERE DEGLI ANGUILLARA;LUNGOTEVERE DEGLI ANGUILLARA;;;Veicolo in marcia contro ostacolo fisso;Intersezione semaforizzata;Una carreggiata a doppio senso;Asciutto;Asfaltata;Verticale ed orizzontale;Nuvoloso;Normale;Buona;;1;0;0;1;12.4743;41.89;-1;1;Autovettura pubblica;In marcia / fermata / arresto;Passeggero;M;Illeso;0;;;
5267603;11;04/02/2021 07:10:00;Strada Urbana;VIA MARTIN ALONZO PINZ�N;da specificare;;;;in prosimit� Via R da Triana;Scontro frontale/laterale SX fra veicoli in marcia;Rettilineo;Una carreggiata a doppio senso;Asciutto;Asfaltata;Verticale ed orizzontale;Sereno;Scarso;Buona;;1;0;0;1;12.4946;41.8703;-1;1;Autovettura privata;In marcia / fermata / arresto;Conducente;F;Illeso;0;;;
5267603;11;04/02/2021 07:10:00;Strada Urbana;VIA MARTIN ALONZO PINZ�N;da specificare;;;;in prosimit� Via R da Triana;Scontro frontale/laterale SX fra veicoli in marcia;Rettilineo;Una carreggiata a doppio senso;Asciutto;Asfaltata;Verticale ed orizzontale;Sereno;Scarso;Buona;;1;0;0;1;12.4946;41.8703;-1;2;Motociclo con passeggero;In marcia / fermata / arresto;Conducente;M;Rimandato;0;NON DECEDUTO;;
5267606;6;04/02/2021 20:15:00;Strada Urbana;VIA COLLATINA;in prossimit�;;del civico n.;48;;Investimento di pedone;Rettilineo;Una carreggiata a doppio senso;Asciutto;Asfaltata;Orizzontale;Sereno;Scarso;Buona;;1;0;0;1;12.5627;41.8973;-1;;;;Pedone;M;Rimandato;0;NON DECEDUTO;;
5267606;6;04/02/2021 20:15:00;Strada Urbana;VIA COLLATINA;in prossimit�;;del civico n.;48;;Investimento di pedone;Rettilineo;Una carreggiata a doppio senso;Asciutto;Asfaltata;Orizzontale;Sereno;Scarso;Buona;;1;0;0;1;12.5627;41.8973;-1;1;Autovettura privata;In marcia / fermata / arresto;Conducente;F;Illeso;0;;;
5267612;11;04/02/2021 10:00:00;Strada Urbana;VIA DEL COMMERCIO;in corrispondenza;;del civico n.;22a;;Scontro laterale fra veicoli in marcia;Rettilineo;Una carreggiata a senso unico di marcia;Asciutto;Asfaltata;Verticale ed orizzontale;Sereno;Normale;Buona;;1;0;0;1;12.4777;41.8707;-1;1;Autovettura privata;In marcia / fermata / arresto;Conducente;F;Illeso;0;;Non accertato;
5267612;11;04/02/2021 10:00:00;Strada Urbana;VIA DEL COMMERCIO;in corrispondenza;;del civico n.;22a;;Scontro laterale fra veicoli in marcia;Rettilineo;Una carreggiata a senso unico di marcia;Asciutto;Asfaltata;Verticale ed orizzontale;Sereno;Normale;Buona;;1;0;0;1;12.4777;41.8707;-1;2;Autovettura privata;Sosta;;;;;;;
5267612;11;04/02/2021 10:00:00;Strada Urbana;VIA DEL COMMERCIO;in corrispondenza;;del civico n.;22a;;Scontro laterale fra veicoli in marcia;Rettilineo;Una carreggiata a senso unico di marcia;Asciutto;Asfaltata;Verticale ed orizzontale;Sereno;Normale;Buona;;1;0;0;1;12.4777;41.8707;-1;3;Motociclo a solo;In marcia / fermata / arresto;Conducente;M;Ricoverato;0;NON DECEDUTO;Non accertato;
5267612;11;04/02/2021 10:00:00;Strada Urbana;VIA DEL COMMERCIO;in corrispondenza;;del civico n.;22a;;Scontro laterale fra veicoli in marcia;Rettilineo;Una carreggiata a senso unico di marcia;Asciutto;Asfaltata;Verticale ed orizzontale;Sereno;Normale;Buona;;1;0;0;1;12.4777;41.8707;-1;4;Autovettura privata;Sosta;;;;;;;
5267613;8;04/02/2021 14:00:00;Strada Urbana;VIA DEL TORRACCIO DI TORRENOVA;da specificare;;;;area parcheggio fronte civico 71;Investimento di pedone;Rettilineo;Una carreggiata a doppio senso;Asciutto;Lastricata;Assente;Sereno;Scarso;Buona;;1;0;0;1;12.6259;41.8684;-1;;;;Pedone;F;Rimandato;0;NON DECEDUTO;;
5267613;8;04/02/2021 14:00:00;Strada Urbana;VIA DEL TORRACCIO DI TORRENOVA;da specificare;;;;area parcheggio fronte civico 71;Investimento di pedone;Rettilineo;Una carreggiata a doppio senso;Asciutto;Lastricata;Assente;Sereno;Scarso;Buona;;1;0;0;1;12.6259;41.8684;-1;1;Autovettura privata;In marcia / fermata / arresto;Conducente;M;Illeso;0;;Non accertato;Inesploso
5267617;10;05/02/2021 06:45:00;Strada Urbana;VIA TUSCOLANA;all'intersezione semaforizzata con;VIALE PALMIRO TOGLIATTI;VIALE PALMIRO TOGLIATTI;;;Scontro laterale fra veicoli in marcia;Intersezione semaforizzata;Due carreggiate;Asciutto;Asfaltata;Verticale ed orizzontale;Sereno;Normale;Buona;;0;0;0;3;12.5699;41.8522;-1;1;Autobus turistico;In marcia / fermata / arresto;Conducente;M;Illeso;0;;Non accertato;Inesploso
5267617;10;05/02/2021 06:45:00;Strada Urbana;VIA TUSCOLANA;all'intersezione semaforizzata con;VIALE PALMIRO TOGLIATTI;VIALE PALMIRO TOGLIATTI;;;Scontro laterale fra veicoli in marcia;Intersezione semaforizzata;Due carreggiate;Asciutto;Asfaltata;Verticale ed orizzontale;Sereno;Normale;Buona;;0;0;0;3;12.5699;41.8522;-1;2;Autovettura privata;In marcia / fermata / arresto;Conducente;M;Illeso;0;;Non accertato;Inesploso
5267617;10;05/02/2021 06:45:00;Strada Urbana;VIA TUSCOLANA;all'intersezione semaforizzata con;VIALE PALMIRO TOGLIATTI;VIALE PALMIRO TOGLIATTI;;;Scontro laterale fra veicoli in marcia;Intersezione semaforizzata;Due carreggiate;Asciutto;Asfaltata;Verticale ed orizzontale;Sereno;Normale;Buona;;0;0;0;3;12.5699;41.8522;-1;2;Autovettura privata;In marcia / fermata / arresto;Passeggero;M;Illeso;0;;Non accertato;Inesploso
5267622;8;04/02/2021 16:30:00;Strada Urbana;VIA GIORGIO GRAPPELLI;da specificare;;;;alt.entrata C.C. Roma Est pross. fermata bus 82203;Scontro laterale fra veicoli in marcia;Rettilineo;Una carreggiata a senso unico di marcia;Asciutto;Asfaltata;Verticale ed orizzontale;Sereno;Normale;Buona;;2;0;0;3;12.6611;41.9123;-1;1;Autovettura privata;In marcia / fermata / arresto;Conducente;M;Illeso;0;;Non accertato;Inesploso
5267622;8;04/02/2021 16:30:00;Strada Urbana;VIA GIORGIO GRAPPELLI;da specificare;;;;alt.entrata C.C. Roma Est pross. fermata bus 82203;Scontro laterale fra veicoli in marcia;Rettilineo;Una carreggiata a senso unico di marcia;Asciutto;Asfaltata;Verticale ed orizzontale;Sereno;Normale;Buona;;2;0;0;3;12.6611;41.9123;-1;1;Autovettura privata;In marcia / fermata / arresto;Passeggero;M;Illeso;0;;Non accertato;Inesploso
5267622;8;04/02/2021 16:30:00;Strada Urbana;VIA GIORGIO GRAPPELLI;da specificare;;;;alt.entrata C.C. Roma Est pross. fermata bus 82203;Scontro laterale fra veicoli in marcia;Rettilineo;Una carreggiata a senso unico di marcia;Asciutto;Asfaltata;Verticale ed orizzontale;Sereno;Normale;Buona;;2;0;0;3;12.6611;41.9123;-1;2;Autovettura privata;In marcia / fermata / arresto;Conducente;M;Rifiuta cure immediate;0;NON DECEDUTO;Non accertato;Inesploso
5267622;8;04/02/2021 16:30:00;Strada Urbana;VIA GIORGIO GRAPPELLI;da specificare;;;;alt.entrata C.C. Roma Est pross. fermata bus 82203;Scontro laterale fra veicoli in marcia;Rettilineo;Una carreggiata a senso unico di marcia;Asciutto;Asfaltata;Verticale ed orizzontale;Sereno;Normale;Buona;;2;0;0;3;12.6611;41.9123;-1;3;Autovettura privata;In marcia / fermata / arresto;Conducente;M;Illeso;0;;Non accertato;Inesploso
5267622;8;04/02/2021 16:30:00;Strada Urbana;VIA GIORGIO GRAPPELLI;da specificare;;;;alt.entrata C.C. Roma Est pross. fermata bus 82203;Scontro laterale fra veicoli in marcia;Rettilineo;Una carreggiata a senso unico di marcia;Asciutto;Asfaltata;Verticale ed orizzontale;Sereno;Normale;Buona;;2;0;0;3;12.6611;41.9123;-1;3;Autovettura privata;In marcia / fermata / arresto;Passeggero;F;Rifiuta cure immediate;0;NON DECEDUTO;Non accertato;Inesploso
5267624;8;04/02/2021 14:55:00;Strada Urbana;VIA GIOVAMBATTISTA CREMA;all'intersezione con;VIA NICCOLO' CANNICCI;VIA NICCOLO' CANNICCI;;;Scontro frontale/laterale SX fra veicoli in marcia;Intersezione stradale segnalata;Una carreggiata a doppio senso;Asciutto;Asfaltata;Assente;Sereno;Scarso;Buona;;1;0;0;1;12.6617;41.8619;-1;1;Motociclo a solo;In marcia / fermata / arresto;Conducente;M;Rifiuta cure immediate;0;NON DECEDUTO;Non accertato;
5267624;8;04/02/2021 14:55:00;Strada Urbana;VIA GIOVAMBATTISTA CREMA;all'intersezione con;VIA NICCOLO' CANNICCI;VIA NICCOLO' CANNICCI;;;Scontro frontale/laterale SX fra veicoli in marcia;Intersezione stradale segnalata;Una carreggiata a doppio senso;Asciutto;Asfaltata;Assente;Sereno;Scarso;Buona;;1;0;0;1;12.6617;41.8619;-1;2;Autovettura privata;In marcia / fermata / arresto;Conducente;F;Illeso;0;;Non accertato;Inesploso
5267627;15;04/02/2021 10:30:00;Strada Urbana;LUNGOTEVERE DEGLI INVENTORI;da specificare;;;;fronte civico 6;Scontro frontale/laterale SX fra veicoli in marcia;Rettilineo;Una carreggiata a doppio senso;Asciutto;Asfaltata;Verticale ed orizzontale;Sereno;Intenso;Buona;;1;0;0;2;12.4671;41.8611;-1;1;Autovettura privata;In marcia / fermata / arresto;Conducente;F;Illeso;0;;Non accertato;Inesploso
5267627;15;04/02/2021 10:30:00;Strada Urbana;LUNGOTEVERE DEGLI INVENTORI;da specificare;;;;fronte civico 6;Scontro frontale/laterale SX fra veicoli in marcia;Rettilineo;Una carreggiata a doppio senso;Asciutto;Asfaltata;Verticale ed orizzontale;Sereno;Intenso;Buona;;1;0;0;2;12.4671;41.8611;-1;1;Autovettura privata;In marcia / fermata / arresto;Passeggero;F;Illeso;0;;Non accertato;Inesploso
5267627;15;04/02/2021 10:30:00;Strada Urbana;LUNGOTEVERE DEGLI INVENTORI;da specificare;;;;fronte civico 6;Scontro frontale/laterale SX fra veicoli in marcia;Rettilineo;Una carreggiata a doppio senso;Asciutto;Asfaltata;Verticale ed orizzontale;Sereno;Intenso;Buona;;1;0;0;2;12.4671;41.8611;-1;2;Autovettura privata;In marcia / fermata / arresto;Conducente;F;Rimandato;0;NON DECEDUTO;Non accertato;Inesploso
5267643;12;04/02/2021 11:30:00;Strada Urbana;VIA LAURENTINA;da specificare;;;;ROTATORIA TOR PAGNOTTA;Scontro laterale fra veicoli in marcia;Rotatoria;Due carreggiate;Asciutto;Asfaltata;Verticale ed orizzontale;Sereno;Normale;Buona;;0;0;0;2;12.4856;41.8103;-1;1;Autovettura privata;In marcia / fermata / arresto;Conducente;M;Illeso;0;;Utilizzato;Inesploso
5267643;12;04/02/2021 11:30:00;Strada Urbana;VIA LAURENTINA;da specificare;;;;ROTATORIA TOR PAGNOTTA;Scontro laterale fra veicoli in marcia;Rotatoria;Due carreggiate;Asciutto;Asfaltata;Verticale ed orizzontale;Sereno;Normale;Buona;;0;0;0;2;12.4856;41.8103;-1;2;Autovettura privata;In marcia / fermata / arresto;Conducente;M;Illeso;0;;Non accertato;Inesploso
5267676;15;04/02/2021 17:20:00;Strada Urbana;VIA PORTUENSE;all'intersezione semaforizzata con;VIA DEI RANGONI;VIA DEI RANGONI;;;Scontro frontale/laterale DX fra veicoli in marcia;Intersezione semaforizzata;Una carreggiata a doppio senso;Asciutto;Asfaltata;Verticale ed orizzontale;Sereno;Normale;Buona;;0;0;0;5;12.414;41.8469;-1;1;Autovettura privata;In marcia / fermata / arresto;Conducente;M;Illeso;0;;Non accertato;Inesploso
5267676;15;04/02/2021 17:20:00;Strada Urbana;VIA PORTUENSE;all'intersezione semaforizzata con;VIA DEI RANGONI;VIA DEI RANGONI;;;Scontro frontale/laterale DX fra veicoli in marcia;Intersezione semaforizzata;Una carreggiata a doppio senso;Asciutto;Asfaltata;Verticale ed orizzontale;Sereno;Normale;Buona;;0;0;0;5;12.414;41.8469;-1;2;Autoambulanza;In marcia / fermata / arresto;Conducente;M;Illeso;0;;Non accertato;Inesploso
5267676;15;04/02/2021 17:20:00;Strada Urbana;VIA PORTUENSE;all'intersezione semaforizzata con;VIA DEI RANGONI;VIA DEI RANGONI;;;Scontro frontale/laterale DX fra veicoli in marcia;Intersezione semaforizzata;Una carreggiata a doppio senso;Asciutto;Asfaltata;Verticale ed orizzontale;Sereno;Normale;Buona;;0;0;0;5;12.414;41.8469;-1;2;Autoambulanza;In marcia / fermata / arresto;Passeggero;F;Illeso;0;;Non accertato;Inesploso
5267676;15;04/02/2021 17:20:00;Strada Urbana;VIA PORTUENSE;all'intersezione semaforizzata con;VIA DEI RANGONI;VIA DEI RANGONI;;;Scontro frontale/laterale DX fra veicoli in marcia;Intersezione semaforizzata;Una carreggiata a doppio senso;Asciutto;Asfaltata;Verticale ed orizzontale;Sereno;Normale;Buona;;0;0;0;5;12.414;41.8469;-1;2;Autoambulanza;In marcia / fermata / arresto;Passeggero;F;Illeso;0;;Non accertato;Inesploso
5267676;15;04/02/2021 17:20:00;Strada Urbana;VIA PORTUENSE;all'intersezione semaforizzata con;VIA DEI RANGONI;VIA DEI RANGONI;;;Scontro frontale/laterale DX fra veicoli in marcia;Intersezione semaforizzata;Una carreggiata a doppio senso;Asciutto;Asfaltata;Verticale ed orizzontale;Sereno;Normale;Buona;;0;0;0;5;12.414;41.8469;-1;2;Autoambulanza;In marcia / fermata / arresto;Passeggero;F;Illeso;0;;Non accertato;Inesploso
5267690;20;04/02/2021 12:00:00;Strada Urbana;VIA DEL FORO ITALICO;da specificare;;;;direzione Stadio altezza Galleria Farnesina;Tamponamento;Rettilineo;Due carreggiate;Asciutto;Asfaltata;Orizzontale;Sereno;Normale;Buona;;0;0;0;2;12.4613;41.9398;-1;1;Autovettura privata;In marcia / fermata / arresto;Conducente;M;Illeso;0;;Non accertato;
5267690;20;04/02/2021 12:00:00;Strada Urbana;VIA DEL FORO ITALICO;da specificare;;;;direzione Stadio altezza Galleria Farnesina;Tamponamento;Rettilineo;Due carreggiate;Asciutto;Asfaltata;Orizzontale;Sereno;Normale;Buona;;0;0;0;2;12.4613;41.9398;-1;2;Autovettura privata;In marcia / fermata / arresto;Conducente;M;Illeso;0;;;
5267694;1;04/02/2021 12:30:00;Strada Urbana;PIAZZA DI PASQUINO;in prossimit�;;del civico n.;74;;Infortunio per sola frenata improvvisa;Rettilineo;Una carreggiata a senso unico di marcia;Asciutto;Acciotolata;Verticale ed orizzontale;Nuvoloso;Scarso;Buona;;1;0;0;1;12.472;41.8977;-1;1;Motociclo a solo;In marcia / fermata / arresto;Conducente;M;Rimandato;0;NON DECEDUTO;;
5267694;1;04/02/2021 12:30:00;Strada Urbana;PIAZZA DI PASQUINO;in prossimit�;;del civico n.;74;;Infortunio per sola frenata improvvisa;Rettilineo;Una carreggiata a senso unico di marcia;Asciutto;Acciotolata;Verticale ed orizzontale;Nuvoloso;Scarso;Buona;;1;0;0;1;12.472;41.8977;-1;2;Autovettura pubblica;In marcia / fermata / arresto;Conducente;M;Illeso;0;;;
5267711;17;04/02/2021 17:50:00;Strada Urbana;VIA NICOTERA;in prossimit�;;del civico n.;33;;Veicolo in marcia contro veicolo in sosta;Rettilineo;Una carreggiata a senso unico di marcia;Asciutto;Asfaltata;Verticale ed orizzontale;Sereno;Scarso;Buona;;0;0;0;1;12.4675;41.9169;-1;1;Autovettura privata;In marcia / fermata / arresto;Conducente;F;Illeso;0;;;
5267711;17;04/02/2021 17:50:00;Strada Urbana;VIA NICOTERA;in prossimit�;;del civico n.;33;;Veicolo in marcia contro veicolo in sosta;Rettilineo;Una carreggiata a senso unico di marcia;Asciutto;Asfaltata;Verticale ed orizzontale;Sereno;Scarso;Buona;;0;0;0;1;12.4675;41.9169;-1;2;Autovettura privata;Sosta;;;;;;;
5267716;4;04/02/2021 13:15:00;Strada Urbana;VIA DEI PRATI FISCALI;all'intersezione con;VIA ANTONIO SILVANI;VIA ANTONIO SILVANI;;;Scontro frontale/laterale DX fra veicoli in marcia;Intersezione non regolata/non segnalata;Due carreggiate;Asciutto;Asfaltata;Verticale ed orizzontale;Sereno;Normale;Buona;;0;0;0;3;12.5165;41.9461;-1;1;Autovettura privata;In marcia / fermata / arresto;Conducente;F;Illeso;0;;Non accertato;Inesploso
5267716;4;04/02/2021 13:15:00;Strada Urbana;VIA DEI PRATI FISCALI;all'intersezione con;VIA ANTONIO SILVANI;VIA ANTONIO SILVANI;;;Scontro frontale/laterale DX fra veicoli in marcia;Intersezione non regolata/non segnalata;Due carreggiate;Asciutto;Asfaltata;Verticale ed orizzontale;Sereno;Normale;Buona;;0;0;0;3;12.5165;41.9461;-1;2;Autovettura privata;In marcia / fermata / arresto;Conducente;F;Illeso;0;;Non accertato;Inesploso
5267716;4;04/02/2021 13:15:00;Strada Urbana;VIA DEI PRATI FISCALI;all'intersezione con;VIA ANTONIO SILVANI;VIA ANTONIO SILVANI;;;Scontro frontale/laterale DX fra veicoli in marcia;Intersezione non regolata/non segnalata;Due carreggiate;Asciutto;Asfaltata;Verticale ed orizzontale;Sereno;Normale;Buona;;0;0;0;3;12.5165;41.9461;-1;2;Autovettura privata;In marcia / fermata / arresto;Passeggero;F;Illeso;0;;Non accertato;Inesploso
5267724;20;04/02/2021 12:55:00;Regionale entro l'abitato;VIA FLAMINIA NUOVA;da specificare;;;;pross. via Bomarzo;Tamponamento Multiplo;Rettilineo;Una carreggiata a senso unico di marcia;Asciutto;Asfaltata;Verticale ed orizzontale;Sereno;Intenso;Buona;;0;0;0;5;12.4791;41.9551;-1;1;Autovettura privata;In marcia / fermata / arresto;Conducente;M;Illeso;0;;;Esploso
5267724;20;04/02/2021 12:55:00;Regionale entro l'abitato;VIA FLAMINIA NUOVA;da specificare;;;;pross. via Bomarzo;Tamponamento Multiplo;Rettilineo;Una carreggiata a senso unico di marcia;Asciutto;Asfaltata;Verticale ed orizzontale;Sereno;Intenso;Buona;;0;0;0;5;12.4791;41.9551;-1;1;Autovettura privata;In marcia / fermata / arresto;Passeggero;F;Illeso;0;;;
5267724;20;04/02/2021 12:55:00;Regionale entro l'abitato;VIA FLAMINIA NUOVA;da specificare;;;;pross. via Bomarzo;Tamponamento Multiplo;Rettilineo;Una carreggiata a senso unico di marcia;Asciutto;Asfaltata;Verticale ed orizzontale;Sereno;Intenso;Buona;;0;0;0;5;12.4791;41.9551;-1;2;Autocarro inferiore 35 q.;In marcia / fermata / arresto;Conducente;M;Illeso;0;;;
5267724;20;04/02/2021 12:55:00;Regionale entro l'abitato;VIA FLAMINIA NUOVA;da specificare;;;;pross. via Bomarzo;Tamponamento Multiplo;Rettilineo;Una carreggiata a senso unico di marcia;Asciutto;Asfaltata;Verticale ed orizzontale;Sereno;Intenso;Buona;;0;0;0;5;12.4791;41.9551;-1;3;Autoveicolo trasp.promisc.;In marcia / fermata / arresto;Conducente;M;Illeso;0;;;
5267724;20;04/02/2021 12:55:00;Regionale entro l'abitato;VIA FLAMINIA NUOVA;da specificare;;;;pross. via Bomarzo;Tamponamento Multiplo;Rettilineo;Una carreggiata a senso unico di marcia;Asciutto;Asfaltata;Verticale ed orizzontale;Sereno;Intenso;Buona;;0;0;0;5;12.4791;41.9551;-1;3;Autoveicolo trasp.promisc.;In marcia / fermata / arresto;Passeggero;M;Illeso;0;;;Inesploso
5267727;11;04/02/2021 10:15:00;Strada Urbana;VIALE GUGLIELMO MARCONI;all'intersezione semaforizzata con;PIAZZALE TOMMASO EDISON;PIAZZALE TOMMASO EDISON;;;Infortunio per sola frenata improvvisa;Intersezione semaforizzata;Due carreggiate;Asciutto;Asfaltata;Verticale ed orizzontale;Sereno;Normale;Buona;;1;0;0;0;12.4709;41.8587;-1;1;Motociclo a solo;In marcia / fermata / arresto;Conducente;M;Rimandato;0;NON DECEDUTO;Non accertato;
5267734;12;04/02/2021 21:55:00;Strada Urbana;VIA DI TOR PAGNOTTA;in prossimit�;;del civico n.;3;;Veicolo in marcia contro ostacolo fisso;Rettilineo;Una carreggiata a doppio senso;Asciutto;Asfaltata;Verticale ed orizzontale;Sereno;Scarso;Buona;;0;0;0;1;12.4838;41.8032;-1;1;Autovettura privata;In marcia / fermata / arresto;Conducente;M;Illeso;0;;;Esploso
5267749;11;04/02/2021 10:40:00;Strada Urbana;CIRCONVALLAZIONE OSTIENSE;in corrispondenza;;del civico n.;149;;Scontro laterale fra veicoli in marcia;Rettilineo;Due carreggiate;Asciutto;Asfaltata;Verticale ed orizzontale;Sereno;Normale;Buona;;0;0;0;2;12.4859;41.8674;-1;1;Autovettura privata;In marcia / fermata / arresto;Conducente;F;Illeso;0;;;
5267749;11;04/02/2021 10:40:00;Strada Urbana;CIRCONVALLAZIONE OSTIENSE;in corrispondenza;;del civico n.;149;;Scontro laterale fra veicoli in marcia;Rettilineo;Due carreggiate;Asciutto;Asfaltata;Verticale ed orizzontale;Sereno;Normale;Buona;;0;0;0;2;12.4859;41.8674;-1;2;Motociclo con passeggero;In marcia / fermata / arresto;Conducente;M;Illeso;0;;;
5267756;20;04/02/2021 08:15:00;Regionale entro l'abitato;VIA CASSIA;all'intersezione con;VIA ORIOLO ROMANO;VIA ORIOLO ROMANO;;;Infortunio per sola frenata improvvisa;Incrocio;Una carreggiata a doppio senso;Asciutto;Asfaltata;Orizzontale;Sereno;Intenso;Buona;;1;0;0;1;12.4578;41.9573;-1;1;Autobus di linea;In marcia / fermata / arresto;Conducente;M;Illeso;0;;;