Protocollo;Gruppo;DataOraIncidente;Localizzazione1;STRADA1;Localizzazione2;STRADA2;Strada02;Chilometrica;DaSpecificare;NaturaIncidente;particolaritastrade;TipoStrada;FondoStradale;Pavimentazione;Segnaletica;CondizioneAtmosferica;Traffico;Visibilita;Illuminazione;NUM_FERITI;NUM_RISERVATA;NUM_MORTI;NUM_ILLESI;Longitudine;Latitudine;Confermato;Progressivo;TipoVeicolo;StatoVeicolo;TipoPersona;Sesso;Tipolesione;Deceduto;DecedutoDopo;CinturaCascoUtilizzato;Airbag;
5272495;16;08/02/2021 09:35:00;Strada Urbana;CIRCONVALLAZIONE GIANICOLENSE;in prossimit�;;del civico n.;323;;Tamponamento;Rettilineo;Pi� di due carreggiate;Asciutto;Asfaltata;Verticale ed orizzontale;Sereno;Normale;Buona;;0;0;0;2;12.4408;41.8772;-1;1;Autovettura privata;In marcia / fermata / arresto;Conducente;F;Illeso;0;;Non accertato;
5272495;16;08/02/2021 09:35:00;Strada Urbana;CIRCONVALLAZIONE GIANICOLENSE;in prossimit�;;del civico n.;323;;Tamponamento;Rettilineo;Pi� di due carreggiate;Asciutto;Asfaltata;Verticale ed orizzontale;Sereno;Normale;Buona;;0;0;0;2;12.4408;41.8772;-1;2;Autovettura privata;In marcia / fermata / arresto;Conducente;M;Illeso;0;;Non accertato;
5272523;17;08/02/2021 12:45:00;Strada Urbana;LARGO GIOVANNI XXIII;all'intersezione semaforizzata con;VIA DELLA CONCILIAZIONE;VIA DELLA CONCILIAZIONE;;;Scontro frontale/laterale SX fra veicoli in marcia;Intersezione semaforizzata;Due carreggiate;Asciutto;In cubetti di porfido;Verticale ed orizzontale;Nuvoloso;Normale;Buona;;0;0;0;2;12.4644;41.9023;-1;1;Autovettura privata;In marcia / fermata / arresto;Conducente;F;Illeso;0;;;
5272523;17;08/02/2021 12:45:00;Strada Urbana;LARGO GIOVANNI XXIII;all'intersezione semaforizzata con;VIA DELLA CONCILIAZIONE;VIA DELLA CONCILIAZIONE;;;Scontro frontale/laterale SX fra veicoli in marcia;Intersezione semaforizzata;Due carreggiate;Asciutto;In cubetti di porfido;Verticale ed orizzontale;Nuvoloso;Normale;Buona;;0;0;0;2;12.4644;41.9023;-1;2;Altro;In marcia / fermata / arresto;Conducente;M;Illeso;0;;;
5272599;19;06/02/2021 17:55:00;Strada Urbana;VIA TRIONFALE;in corrispondenza;;del civico n.;10902;;Scontro frontale fra veicoli in marcia;Rettilineo;Una carreggiata a doppio senso;Asciutto;Asfaltata;Orizzontale;Sereno;Normale;Buona;;1;0;0;3;12.4124;41.9571;-1;1;Autovettura privata;In marcia / fermata / arresto;Conducente;M;Illeso;0;;Non accertato;Inesploso
5272599;19;06/02/2021 17:55:00;Strada Urbana;VIA TRIONFALE;in corrispondenza;;del civico n.;10902;;Scontro frontale fra veicoli in marcia;Rettilineo;Una carreggiata a doppio senso;Asciutto;Asfaltata;Orizzontale;Sereno;Normale;Buona;;1;0;0;3;12.4124;41.9571;-1;2;Autovettura privata;In marcia / fermata / arresto;Conducente;M;Illeso;0;;Non accertato;Inesploso
5272599;19;06/02/2021 17:55:00;Strada Urbana;VIA TRIONFALE;in corrispondenza;;del civico n.;10902;;Scontro frontale fra veicoli in marcia;Rettilineo;Una carreggiata a doppio senso;Asciutto;Asfaltata;Orizzontale;Sereno;Normale;Buona;;1;0;0;3;12.4124;41.9571;-1;2;Autovettura privata;In marcia / fermata / arresto;Passeggero;F;Illeso;0;;;
5272599;19;06/02/2021 17:55:00;Strada Urbana;VIA TRIONFALE;in corrispondenza;;del civico n.;10902;;Scontro frontale fra veicoli in marcia;Rettilineo;Una carreggiata a doppio senso;Asciutto;Asfaltata;Orizzontale;Sereno;Normale;Buona;;1;0;0;3;12.4124;41.9571;-1;3;Motociclo a solo;In marcia / fermata / arresto;Conducente;M;Rimandato;0;NON DECEDUTO;Non accertato;
5272693;15;08/02/2021 15:30:00;Strada Urbana;PONTE GUGLIELMO MARCONI;da specificare;;;;prox penultimo palo Acea direz. P.zza a. Righi;Scontro laterale fra veicoli in marcia;Rettilineo;Una carreggiata a doppio senso;Bagnato (umidit� in atto);Asfaltata;Verticale ed orizzontale;Nuvoloso;Intenso;Buona;;0;0;0;4;12.4706;41.8599;-1;1;Autovettura privata;In marcia / fermata / arresto;Conducente;M;Illeso;0;;Non accertato;Inesploso
5272693;15;08/02/2021 15:30:00;Strada Urbana;PONTE GUGLIELMO MARCONI;da specificare;;;;prox penultimo palo Acea direz. P.zza a. Righi;Scontro laterale fra veicoli in marcia;Rettilineo;Una carreggiata a doppio senso;Bagnato (umidit� in atto);Asfaltata;Verticale ed orizzontale;Nuvoloso;Intenso;Buona;;0;0;0;4;12.4706;41.8599;-1;1;Autovettura privata;In marcia / fermata / arresto;Passeggero;F;Illeso;0;;Non accertato;Inesploso
5272693;15;08/02/2021 15:30:00;Strada Urbana;PONTE GUGLIELMO MARCONI;da specificare;;;;prox penultimo palo Acea direz. P.zza a. Righi;Scontro laterale fra veicoli in marcia;Rettilineo;Una carreggiata a doppio senso;Bagnato (umidit� in atto);Asfaltata;Verticale ed orizzontale;Nuvoloso;Intenso;Buona;;0;0;0;4;12.4706;41.8599;-1;2;Autovettura pubblica;In marcia / fermata / arresto;Conducente;M;Illeso;0;;Non accertato;Inesploso
5272693;15;08/02/2021 15:30:00;Strada Urbana;PONTE GUGLIELMO MARCONI;da specificare;;;;prox penultimo palo Acea direz. P.zza a. Righi;Scontro laterale fra veicoli in marcia;Rettilineo;Una carreggiata a doppio senso;Bagnato (umidit� in atto);Asfaltata;Verticale ed orizzontale;Nuvoloso;Intenso;Buona;;0;0;0;4;12.4706;41.8599;-1;2;Autovettura pubblica;In marcia / fermata / arresto;Passeggero;F;Illeso;0;;Non accertato;Inesploso
5272751;19;08/02/2021 09:00:00;Strada Urbana;VIA EMMA CARELLI;all'intersezione con;VIA GIOVANNI ZENATELLO;VIA GIOVANNI ZENATELLO;;;Scontro frontale/laterale DX fra veicoli in marcia;Incrocio;Una carreggiata a senso unico di marcia;Asciutto;Asfaltata;Verticale;Sereno;Normale;Sufficiente;;1;0;0;1;12.4222;41.9246;-1;1;Autovettura privata;In marcia / fermata / arresto;Conducente;M;Illeso;0;;Non accertato;
5272751;19;08/02/2021 09:00:00;Strada Urbana;VIA EMMA CARELLI;all'intersezione con;VIA GIOVANNI ZENATELLO;VIA GIOVANNI ZENATELLO;;;Scontro frontale/laterale DX fra veicoli in marcia;Incrocio;Una carreggiata a senso unico di marcia;Asciutto;Asfaltata;Verticale;Sereno;Normale;Sufficiente;;1;0;0;1;12.4222;41.9246;-1;2;Autovettura privata;In marcia / fermata / arresto;Conducente;M;Rifiuta cure immediate;0;NON DECEDUTO;Non accertato;
5272755;19;08/02/2021 12:40:00;Strada Urbana;VIA DELLA PINETA SACCHETTI;all'intersezione semaforizzata con;VIA LUIGI ARBIB PASCUCCI;VIA LUIGI ARBIB PASCUCCI;;;Infortunio per sola frenata improvvisa;Intersezione semaforizzata;Una carreggiata a senso unico di marcia;Bagnato (pioggia);Asfaltata;Verticale ed orizzontale;Nuvoloso;Normale;Buona;;1;0;0;0;12.4266;41.9267;0;1;Motociclo a solo;In marcia / fermata / arresto;Conducente;M;Rimandato;0;NON DECEDUTO;Utilizzato;
5272769;5;08/02/2021 10:15:00;Strada Urbana;VIA DI CASAL BRUCIATO;in prossimit�;;del civico n.;13;;Scontro laterale fra veicoli in marcia;Rettilineo;Una carreggiata a senso unico di marcia;Asciutto;Asfaltata;Orizzontale;Sereno;Normale;Buona;;1;0;0;1;12.546;41.9078;-1;1;Motociclo a solo;In marcia / fermata / arresto;Conducente;M;Rimandato;0;NON DECEDUTO;Non accertato;
5272769;5;08/02/2021 10:15:00;Strada Urbana;VIA DI CASAL BRUCIATO;in prossimit�;;del civico n.;13;;Scontro laterale fra veicoli in marcia;Rettilineo;Una carreggiata a senso unico di marcia;Asciutto;Asfaltata;Orizzontale;Sereno;Normale;Buona;;1;0;0;1;12.546;41.9078;-1;2;Autovettura privata;In marcia / fermata / arresto;Conducente;F;Illeso;0;;Non accertato;
5272772;5;08/02/2021 11:20:00;Strada Urbana;NUOVA CIRCONVALLAZIONE INTERNA;da specificare;;;;direzione S.Giovanni pross. uscita St. Tiburtina;Tamponamento Multiplo;Galleria illuminata;Una carreggiata a senso unico di marcia;Asciutto;Asfaltata;Verticale ed orizzontale;Nuvoloso;Intenso;Buona;;1;0;0;3;12.5333;41.9098;-1;1;Autovettura privata;In marcia / fermata / arresto;Conducente;M;Illeso;0;;Non accertato;
5272772;5;08/02/2021 11:20:00;Strada Urbana;NUOVA CIRCONVALLAZIONE INTERNA;da specificare;;;;direzione S.Giovanni pross. uscita St. Tiburtina;Tamponamento Multiplo;Galleria illuminata;Una carreggiata a senso unico di marcia;Asciutto;Asfaltata;Verticale ed orizzontale;Nuvoloso;Intenso;Buona;;1;0;0;3;12.5333;41.9098;-1;2;Autovettura privata;In marcia / fermata / arresto;Conducente;M;Illeso;0;;Non accertato;
5272772;5;08/02/2021 11:20:00;Strada Urbana;NUOVA CIRCONVALLAZIONE INTERNA;da specificare;;;;direzione S.Giovanni pross. uscita St. Tiburtina;Tamponamento Multiplo;Galleria illuminata;Una carreggiata a senso unico di marcia;Asciutto;Asfaltata;Verticale ed orizzontale;Nuvoloso;Intenso;Buona;;1;0;0;3;12.5333;41.9098;-1;3;Autovettura privata;In marcia / fermata / arresto;Conducente;M;Rimandato;0;NON DECEDUTO;Non accertato;
5272772;5;08/02/2021 11:20:00;Strada Urbana;NUOVA CIRCONVALLAZIONE INTERNA;da specificare;;;;direzione S.Giovanni pross. uscita St. Tiburtina;Tamponamento Multiplo;Galleria illuminata;Una carreggiata a senso unico di marcia;Asciutto;Asfaltata;Verticale ed orizzontale;Nuvoloso;Intenso;Buona;;1;0;0;3;12.5333;41.9098;-1;4;Autocarro inferiore 35 q.;In marcia / fermata / arresto;Conducente;M;Illeso;0;;Non accertato;
5272775;5;08/02/2021 14:05:00;Strada Urbana;VIA ZOE FONTANA;in prossimit�;;del civico n.;206;;Scontro frontale fra veicoli in marcia;Rettilineo;Una carreggiata a doppio senso;Asciutto;Asfaltata;Verticale ed orizzontale;Nuvoloso;Scarso;Buona;;0;0;0;2;12.6102;41.933;-1;1;Autovettura privata;In marcia / fermata / arresto;Conducente;M;Illeso;0;;Non accertato;
5272775;5;08/02/2021 14:05:00;Strada Urbana;VIA ZOE FONTANA;in prossimit�;;del civico n.;206;;Scontro frontale fra veicoli in marcia;Rettilineo;Una carreggiata a doppio senso;Asciutto;Asfaltata;Verticale ed orizzontale;Nuvoloso;Scarso;Buona;;0;0;0;2;12.6102;41.933;-1;2;Autovettura privata;In marcia / fermata / arresto;Conducente;M;Illeso;0;;Non accertato;Esploso
5272779;5;08/02/2021 17:05:00;Strada Urbana;VIA TIBURTINA;in prossimit�;;del civico n.;661;;Tamponamento;Rettilineo;Due carreggiate;Asciutto;Asfaltata;Verticale;Sereno;Normale;Buona;;1;0;0;1;12.5484;41.9103;-1;1;Motociclo a solo;In marcia / fermata / arresto;Conducente;M;Ricoverato;0;NON DECEDUTO;Non accertato;
5272779;5;08/02/2021 17:05:00;Strada Urbana;VIA TIBURTINA;in prossimit�;;del civico n.;661;;Tamponamento;Rettilineo;Due carreggiate;Asciutto;Asfaltata;Verticale;Sereno;Normale;Buona;;1;0;0;1;12.5484;41.9103;-1;2;Autovettura privata;In marcia / fermata / arresto;Conducente;F;Illeso;0;;Non accertato;
5272783;12;08/02/2021 12:50:00;Strada Urbana;VIA FIUME BIANCO;in prossimit�;;del civico n.;42;;Scontro laterale fra veicoli in marcia;Rettilineo;Una carreggiata a doppio senso;Bagnato (umidit� in atto);Asfaltata;Verticale ed orizzontale;Nuvoloso;Scarso;Buona;;0;0;0;1;12.4404;41.8149;-1;1;Autovettura privata;In marcia / fermata / arresto;Conducente;F;Illeso;0;;Non accertato;Inesploso
5272783;12;08/02/2021 12:50:00;Strada Urbana;VIA FIUME BIANCO;in prossimit�;;del civico n.;42;;Scontro laterale fra veicoli in marcia;Rettilineo;Una carreggiata a doppio senso;Bagnato (umidit� in atto);Asfaltata;Verticale ed orizzontale;Nuvoloso;Scarso;Buona;;0;0;0;1;12.4404;41.8149;-1;2;Autovettura privata;Allontanatosi;;;;;;;
5272852;10;08/02/2021 20:30:00;Strada Urbana;VIA GIUSEPPE LUSINA;all'intersezione con;VIA PRENESTINA;VIA PRENESTINA;;;Investimento di pedone;Intersezione stradale segnalata;Due carreggiate;Asciutto;Asfaltata;Verticale ed orizzontale;Sereno;Scarso;Sufficiente;;1;0;0;0;12.5666;41.8946;-1;;;;Pedone;M;Rimandato;0;NON DECEDUTO;;
5272852;10;08/02/2021 20:30:00;Strada Urbana;VIA GIUSEPPE LUSINA;all'intersezione con;VIA PRENESTINA;VIA PRENESTINA;;;Investimento di pedone;Intersezione stradale segnalata;Due carreggiate;Asciutto;Asfaltata;Verticale ed orizzontale;Sereno;Scarso;Sufficiente;;1;0;0;0;12.5666;41.8946;-1;1;Motociclo a solo;In marcia / fermata / arresto;;;;;;;
5272878;8;09/02/2021 02:15:00;Strada Urbana;VIA DI TOR BELLA MONACA;in prossimit�;;del palo luce n.;17;;Veicolo in marcia contro ostacolo accidentale;Rettilineo;Due carreggiate;Bagnato (pioggia);Asfaltata;Verticale ed orizzontale;Pioggia in atto;Scarso;Sufficiente;;0;0;0;0;12.6281;41.8764;-1;1;Autovettura privata;In marcia / fermata / arresto;;;;;;;
5273036;8;08/02/2021 07:55:00;Strada Urbana;VIA DI TOR VERGATA;da specificare;;;;intersezione rotatoria PTV;Scontro frontale/laterale DX fra veicoli in marcia;Rotatoria;Una carreggiata a senso unico di marcia;Asciutto;Asfaltata;Verticale ed orizzontale;Sereno;Normale;Buona;;0;0;0;2;12.6226;41.8468;-1;1;Autovettura privata;In marcia / fermata / arresto;Conducente;F;Illeso;0;;Non accertato;Inesploso
5273036;8;08/02/2021 07:55:00;Strada Urbana;VIA DI TOR VERGATA;da specificare;;;;intersezione rotatoria PTV;Scontro frontale/laterale DX fra veicoli in marcia;Rotatoria;Una carreggiata a senso unico di marcia;Asciutto;Asfaltata;Verticale ed orizzontale;Sereno;Normale;Buona;;0;0;0;2;12.6226;41.8468;-1;2;Autovettura privata;In marcia / fermata / arresto;Conducente;M;Illeso;0;;Non accertato;Inesploso
5273046;8;08/02/2021 08:05:00;Strada Urbana;VIA PRENESTINA;in prossimit�;;del civico n.;1162;;Veicolo in marcia che urta buche nella carreggiata;Rettilineo;Una carreggiata a doppio senso;Asciutto;Asfaltata;Assente;Nuvoloso;Normale;Buona;;0;0;0;1;12.6212;41.8931;-1;1;Autovettura privata;In marcia / fermata / arresto;Conducente;M;Illeso;0;;Non accertato;Inesploso
5273047;12;08/02/2021 16:15:00;Strada Urbana;VIA LAURENTINA;da specificare;;;;altezza fermata bus n�82256;Tamponamento;Rettilineo;Una carreggiata a doppio senso;Bagnato (umidit� in atto);Asfaltata;Verticale ed orizzontale;Nuvoloso;Normale;Buona;;1;0;0;1;12.4813;41.8197;-1;1;Autobus urbano;In marcia / fermata / arresto;Conducente;M;Illeso;0;;Non accertato;Inesploso
5273047;12;08/02/2021 16:15:00;Strada Urbana;VIA LAURENTINA;da specificare;;;;altezza fermata bus n�82256;Tamponamento;Rettilineo;Una carreggiata a doppio senso;Bagnato (umidit� in atto);Asfaltata;Verticale ed orizzontale;Nuvoloso;Normale;Buona;;1;0;0;1;12.4813;41.8197;-1;2;Autovettura pubblica;In marcia / fermata / arresto;Conducente;F;Rimandato;0;NON DECEDUTO;Non accertato;Inesploso
5273051;8;08/02/2021 12:05:00;Strada Urbana;VIA DI LUNGHEZZINA;all'intersezione con;VIA POLENSE;VIA POLENSE;;;Scontro frontale/laterale DX fra veicoli in marcia;Intersezione stradale segnalata;Una carreggiata a doppio senso;Asciutto;Asfaltata;Verticale ed orizzontale;Nuvoloso;Normale;Buona;;0;0;0;3;12.7272;41.9112;-1;1;Autovettura privata;In marcia / fermata / arresto;Conducente;M;Illeso;0;;Non accertato;Inesploso
5273051;8;08/02/2021 12:05:00;Strada Urbana;VIA DI LUNGHEZZINA;all'intersezione con;VIA POLENSE;VIA POLENSE;;;Scontro frontale/laterale DX fra veicoli in marcia;Intersezione stradale segnalata;Una carreggiata a doppio senso;Asciutto;Asfaltata;Verticale ed orizzontale;Nuvoloso;Normale;Buona;;0;0;0;3;12.7272;41.9112;-1;1;Autovettura privata;In marcia / fermata / arresto;Passeggero;M;Illeso;0;;Non accertato;Inesploso
5273051;8;08/02/2021 12:05:00;Strada Urbana;VIA DI LUNGHEZZINA;all'intersezione con;VIA POLENSE;VIA POLENSE;;;Scontro frontale/laterale DX fra veicoli in marcia;Intersezione stradale segnalata;Una carreggiata a doppio senso;Asciutto;Asfaltata;Verticale ed orizzontale;Nuvoloso;Normale;Buona;;0;0;0;3;12.7272;41.9112;-1;2;Autovettura privata;In marcia / fermata / arresto;Conducente;M;Illeso;0;;Non accertato;Inesploso
5273060;8;08/02/2021 16:20:00;Strada Urbana;VIALE DI TORRE MAURA;all'intersezione semaforizzata con;VIA DI TORRE SPACCATA;VIA DI TORRE SPACCATA;;;Tamponamento;Intersezione semaforizzata;Due carreggiate;Asciutto;Asfaltata;Verticale ed orizzontale;Sereno;Normale;Buona;;0;0;0;2;12.5921;41.8603;-1;1;Autovettura privata;In marcia / fermata / arresto;Conducente;M;Illeso;0;;;
5273060;8;08/02/2021 16:20:00;Strada Urbana;VIALE DI TORRE MAURA;all'intersezione semaforizzata con;VIA DI TORRE SPACCATA;VIA DI TORRE SPACCATA;;;Tamponamento;Intersezione semaforizzata;Due carreggiate;Asciutto;Asfaltata;Verticale ed orizzontale;Sereno;Normale;Buona;;0;0;0;2;12.5921;41.8603;-1;2;Autovettura privata;In marcia / fermata / arresto;Conducente;F;Illeso;0;;;
5273063;17;06/02/2021 11:30:00;Strada Urbana;VIALE ANGELICO;all'intersezione semaforizzata con;VIA GIOVANNI BETTOLO;VIA GIOVANNI BETTOLO;;;Scontro frontale/laterale SX fra veicoli in marcia;Intersezione semaforizzata;Pi� di due carreggiate;Asciutto;Asfaltata;Verticale ed orizzontale;Sereno;Scarso;Buona;;0;0;0;4;12.458;41.9121;-1;1;Autovettura privata;In marcia / fermata / arresto;Conducente;M;Illeso;0;;;
5273063;17;06/02/2021 11:30:00;Strada Urbana;VIALE ANGELICO;all'intersezione semaforizzata con;VIA GIOVANNI BETTOLO;VIA GIOVANNI BETTOLO;;;Scontro frontale/laterale SX fra veicoli in marcia;Intersezione semaforizzata;Pi� di due carreggiate;Asciutto;Asfaltata;Verticale ed orizzontale;Sereno;Scarso;Buona;;0;0;0;4;12.458;41.9121;-1;1;Autovettura privata;In marcia / fermata / arresto;Passeggero;F;Illeso;0;;;
5273063;17;06/02/2021 11:30:00;Strada Urbana;VIALE ANGELICO;all'intersezione semaforizzata con;VIA GIOVANNI BETTOLO;VIA GIOVANNI BETTOLO;;;Scontro frontale/laterale SX fra veicoli in marcia;Intersezione semaforizzata;Pi� di due carreggiate;Asciutto;Asfaltata;Verticale ed orizzontale;Sereno;Scarso;Buona;;0;0;0;4;12.458;41.9121;-1;2;Autovettura privata;In marcia / fermata / arresto;Conducente;F;Illeso;0;;;
5273063;17;06/02/2021 11:30:00;Strada Urbana;VIALE ANGELICO;all'intersezione semaforizzata con;VIA GIOVANNI BETTOLO;VIA GIOVANNI BETTOLO;;;Scontro frontale/laterale SX fra veicoli in marcia;Intersezione semaforizzata;Pi� di due carreggiate;Asciutto;Asfaltata;Verticale ed orizzontale;Sereno;Scarso;Buona;;0;0;0;4;12.458;41.9121;-1;2;Autovettura privata;In marcia / fermata / arresto;Passeggero;F;Illeso;0;;;
5273065;8;08/02/2021 17:50:00;Strada Urbana;VIA DI TORRENOVA;da specificare;;;;prossimit� VIA MAGLIE;Investimento di pedone;Rettilineo;Una carreggiata a doppio senso;Bagnato (umidit� in atto);Asfaltata;Verticale ed orizzontale;Nuvoloso;Normale;Sufficiente;;1;0;0;1;12.6183;41.8782;-1;;;;Pedone;F;Rimandato;0;NON DECEDUTO;;
5273065;8;08/02/2021 17:50:00;Strada Urbana;VIA DI TORRENOVA;da specificare;;;;prossimit� VIA MAGLIE;Investimento di pedone;Rettilineo;Una carreggiata a doppio senso;Bagnato (umidit� in atto);Asfaltata;Verticale ed orizzontale;Nuvoloso;Normale;Sufficiente;;1;0;0;1;12.6183;41.8782;-1;1;Autovettura privata;In marcia / fermata / arresto;Conducente;M;Illeso;0;;Non accertato;Inesploso
5273071;11;08/02/2021 16:00:00;Strada Urbana;VIALE GIUSTINIANO IMPERATORE;all'intersezione con;VIALE LEONARDO DA VINCI;VIALE LEONARDO DA VINCI;;;Scontro laterale fra veicoli in marcia;Intersezione semaforizzata;Una carreggiata a senso unico di marcia;Bagnato (pioggia);Asfaltata;Verticale ed orizzontale;Nuvoloso;Normale;Buona;;0;0;0;2;12.4809;41.8565;-1;1;Autovettura privata;In marcia / fermata / arresto;Conducente;F;Illeso;0;;Non accertato;
5273071;11;08/02/2021 16:00:00;Strada Urbana;VIALE GIUSTINIANO IMPERATORE;all'intersezione con;VIALE LEONARDO DA VINCI;VIALE LEONARDO DA VINCI;;;Scontro laterale fra veicoli in marcia;Intersezione semaforizzata;Una carreggiata a senso unico di marcia;Bagnato (pioggia);Asfaltata;Verticale ed orizzontale;Nuvoloso;Normale;Buona;;0;0;0;2;12.4809;41.8565;-1;2;Motociclo a solo;In marcia / fermata / arresto;Conducente;M;Illeso;0;;Non accertato;
5273074;1;08/02/2021 15:50:00;Strada Urbana;PIAZZA DEL COLOSSEO;da specificare;;;;attraversamento pedonale prox metro b colosseo;Investimento di pedone;Rettilineo;Una carreggiata a doppio senso;Asciutto;Asfaltata;Verticale ed orizzontale;Nuvoloso;Scarso;Buona;;1;0;0;1;12.493;41.8909;-1;;;;Pedone;F;Rimandato;0;NON DECEDUTO;;
5273074;1;08/02/2021 15:50:00;Strada Urbana;PIAZZA DEL COLOSSEO;da specificare;;;;attraversamento pedonale prox metro b colosseo;Investimento di pedone;Rettilineo;Una carreggiata a doppio senso;Asciutto;Asfaltata;Verticale ed orizzontale;Nuvoloso;Scarso;Buona;;1;0;0;1;12.493;41.8909;-1;1;Autobus di linea;In marcia / fermata / arresto;Conducente;M;Illeso;0;;;
5273081;8;08/02/2021 20:15:00;Provinciale entro l'abitato;VIA PRENESTINA;da specificare;;;;G.R.A. direzione Napoli;Tamponamento Multiplo;Rettilineo;Una carreggiata a doppio senso;Asciutto;Asfaltata;Verticale ed orizzontale;Sereno;Normale;Buona;;1;0;0;2;12.6155;41.8933;-1;1;Autovettura privata;In marcia / fermata / arresto;Conducente;M;Illeso;0;;Non accertato;Inesploso
5273081;8;08/02/2021 20:15:00;Provinciale entro l'abitato;VIA PRENESTINA;da specificare;;;;G.R.A. direzione Napoli;Tamponamento Multiplo;Rettilineo;Una carreggiata a doppio senso;Asciutto;Asfaltata;Verticale ed orizzontale;Sereno;Normale;Buona;;1;0;0;2;12.6155;41.8933;-1;2;Autovettura privata;In marcia / fermata / arresto;Conducente;M;Rimandato;0;NON DECEDUTO;Non accertato;Inesploso
5273081;8;08/02/2021 20:15:00;Provinciale entro l'abitato;VIA PRENESTINA;da specificare;;;;G.R.A. direzione Napoli;Tamponamento Multiplo;Rettilineo;Una carreggiata a doppio senso;Asciutto;Asfaltata;Verticale ed orizzontale;Sereno;Normale;Buona;;1;0;0;2;12.6155;41.8933;-1;3;Autovettura privata;In marcia / fermata / arresto;Conducente;M;Illeso;0;;Non accertato;Inesploso
5273107;20;08/02/2021 11:15:00;Regionale entro l'abitato;VIA CASSIA;all'intersezione con;VIA CAPRAROLA;VIA CAPRAROLA;;;Scontro frontale/laterale SX fra veicoli in marcia;Incrocio;Una carreggiata a doppio senso;Asciutto;Asfaltata;Verticale ed orizzontale;Nuvoloso;Normale;Buona;;1;0;0;1;12.4397;41.969;-1;1;Autovettura privata;In marcia / fermata / arresto;Conducente;F;Illeso;0;;Non accertato;
5273107;20;08/02/2021 11:15:00;Regionale entro l'abitato;VIA CASSIA;all'intersezione con;VIA CAPRAROLA;VIA CAPRAROLA;;;Scontro frontale/laterale SX fra veicoli in marcia;Incrocio;Una carreggiata a doppio senso;Asciutto;Asfaltata;Verticale ed orizzontale;Nuvoloso;Normale;Buona;;1;0;0;1;12.4397;41.969;-1;2;Motociclo a solo;In marcia / fermata / arresto;Conducente;M;Rimandato;0;NON DECEDUTO;Non accertato;
5273112;8;08/02/2021 18:30:00;Strada Urbana;VIA DI VERMICINO;in prossimit�;;del civico n.;91;;Scontro laterale fra veicoli in marcia;Rettilineo;Una carreggiata a doppio senso;Asciutto;Asfaltata;Verticale ed orizzontale;Sereno;Normale;Buona;;0;0;0;2;12.6743;41.8581;-1;1;Autovettura privata;In marcia / fermata / arresto;Conducente;M;Illeso;0;;;
5273112;8;08/02/2021 18:30:00;Strada Urbana;VIA DI VERMICINO;in prossimit�;;del civico n.;91;;Scontro laterale fra veicoli in marcia;Rettilineo;Una carreggiata a doppio senso;Asciutto;Asfaltata;Verticale ed orizzontale;Sereno;Normale;Buona;;0;0;0;2;12.6743;41.8581;-1;2;Autovettura privata;In marcia / fermata / arresto;Conducente;M;Illeso;0;;Non accertato;
5273132;18;09/02/2021 05:00:00;Strada Urbana;VIA AURELIA;in prossimit�;;del civico n.;532;;Veicolo in marcia contro veicoli in sosta;Rettilineo;Una carreggiata a doppio senso;Bagnato (pioggia);Asfaltata;Verticale ed orizzontale;Nuvoloso;Normale;Buona;;0;0;0;1;12.4194;41.8963;-1;1;Autovettura privata;In marcia / fermata / arresto;Conducente;M;Illeso;0;;Non accertato;Inesploso
5273132;18;09/02/2021 05:00:00;Strada Urbana;VIA AURELIA;in prossimit�;;del civico n.;532;;Veicolo in marcia contro veicoli in sosta;Rettilineo;Una carreggiata a doppio senso;Bagnato (pioggia);Asfaltata;Verticale ed orizzontale;Nuvoloso;Normale;Buona;;0;0;0;1;12.4194;41.8963;-1;2;Autovettura privata;Sosta;;;;;;;
5273132;18;09/02/2021 05:00:00;Strada Urbana;VIA AURELIA;in prossimit�;;del civico n.;532;;Veicolo in marcia contro veicoli in sosta;Rettilineo;Una carreggiata a doppio senso;Bagnato (pioggia);Asfaltata;Verticale ed orizzontale;Nuvoloso;Normale;Buona;;0;0;0;1;12.4194;41.8963;-1;3;Autovettura privata;Sosta;;;;;;;
5273132;18;09/02/2021 05:00:00;Strada Urbana;VIA AURELIA;in prossimit�;;del civico n.;532;;Veicolo in marcia contro veicoli in sosta;Rettilineo;Una carreggiata a doppio senso;Bagnato (pioggia);Asfaltata;Verticale ed orizzontale;Nuvoloso;Normale;Buona;;0;0;0;1;12.4194;41.8963;-1;4;Autovettura privata;Sosta;;;;;;;
5273144;20;08/02/2021 16:30:00;Strada Urbana;VIALE DEL FORO ITALICO;all'intersezione semaforizzata con;LARGO FERRARIS IV;LARGO FERRARIS IV;;;Tamponamento;Intersezione semaforizzata;Una carreggiata a senso unico di marcia;Asciutto;Asfaltata;Verticale ed orizzontale;Sereno;Normale;Buona;;1;0;0;1;12.4551;41.9362;-1;1;Autovettura privata;In marcia / fermata / arresto;Conducente;M;Illeso;0;;;