Protocollo;Gruppo;DataOraIncidente;Localizzazione1;STRADA1;Localizzazione2;STRADA2;Strada02;Chilometrica;DaSpecificare;NaturaIncidente;particolaritastrade;TipoStrada;FondoStradale;Pavimentazione;Segnaletica;CondizioneAtmosferica;Traffico;Visibilita;Illuminazione;NUM_FERITI;NUM_RISERVATA;NUM_MORTI;NUM_ILLESI;Longitudine;Latitudine;Confermato;Progressivo;TipoVeicolo;StatoVeicolo;TipoPersona;Sesso;Tipolesione;Deceduto;DecedutoDopo;CinturaCascoUtilizzato;Airbag;
5273144;20;08/02/2021 16:30:00;Strada Urbana;VIALE DEL FORO ITALICO;all'intersezione semaforizzata con;LARGO FERRARIS IV;LARGO FERRARIS IV;;;Tamponamento;Intersezione semaforizzata;Una carreggiata a senso unico di marcia;Asciutto;Asfaltata;Verticale ed orizzontale;Sereno;Normale;Buona;;1;0;0;1;12.4551;41.9362;-1;2;Autovettura privata;In marcia / fermata / arresto;Conducente;M;Rimandato;0;NON DECEDUTO;;
5273152;10;08/02/2021 06:33:00;Strada Urbana;VIA FILOMUSI GUELFI;all'intersezione con;VIA CARLO FADDA;VIA CARLO FADDA;;;Scontro frontale/laterale DX fra veicoli in marcia;Incrocio;Una carreggiata a doppio senso;Asciutto;Asfaltata;Verticale ed orizzontale;Sereno;Normale;Buona;;2;0;0;0;12.5714;41.8626;-1;1;Autovettura privata;In marcia / fermata / arresto;Conducente;M;Rimandato;0;NON DECEDUTO;Non accertato;Esploso
5273152;10;08/02/2021 06:33:00;Strada Urbana;VIA FILOMUSI GUELFI;all'intersezione con;VIA CARLO FADDA;VIA CARLO FADDA;;;Scontro frontale/laterale DX fra veicoli in marcia;Incrocio;Una carreggiata a doppio senso;Asciutto;Asfaltata;Verticale ed orizzontale;Sereno;Normale;Buona;;2;0;0;0;12.5714;41.8626;-1;2;Autovettura privata;In marcia / fermata / arresto;Conducente;F;Rimandato;0;NON DECEDUTO;;
5273156;20;08/02/2021 09:20:00;Strada Urbana;VIA DEI DUE PONTI;all'intersezione con;VIA SIGNA;VIA SIGNA;;;Scontro frontale/laterale DX fra veicoli in marcia;Incrocio;Una carreggiata a doppio senso;Bagnato (pioggia);Asfaltata;Verticale ed orizzontale;Sereno;Normale;Buona;;0;0;0;1;12.4543;41.9649;-1;1;Autovettura privata;In marcia / fermata / arresto;Conducente;M;Illeso;0;;;
5273156;20;08/02/2021 09:20:00;Strada Urbana;VIA DEI DUE PONTI;all'intersezione con;VIA SIGNA;VIA SIGNA;;;Scontro frontale/laterale DX fra veicoli in marcia;Incrocio;Una carreggiata a doppio senso;Bagnato (pioggia);Asfaltata;Verticale ed orizzontale;Sereno;Normale;Buona;;0;0;0;1;12.4543;41.9649;-1;2;Autovettura privata;Allontanatosi;;;;;;;
5273175;19;08/02/2021 15:30:00;Strada Urbana;VIA SS. MARIO E MARTA;da specificare;;;;SNC;Veicolo in marcia contro ostacolo accidentale;Rettilineo;Una carreggiata a doppio senso;Bagnato (umidit� in atto);Sterrata;Assente;Nuvoloso;Scarso;Buona;;0;0;0;1;12.4961;42.01;-1;1;Autovettura privata;In marcia / fermata / arresto;Conducente;F;Illeso;0;;Non accertato;Inesploso
5273184;19;08/02/2021 18:55:00;Strada Urbana;VIA DI CASAL DEL MARMO;da specificare;;;;area interna distributore ;Tamponamento;Rettilineo;Una carreggiata a senso unico di marcia;Asciutto;In cubetti di porfido;Verticale;Sereno;Scarso;Buona;;0;0;0;4;12.3966;41.9505;-1;1;Autovettura privata;In marcia / fermata / arresto;Conducente;M;Illeso;0;;Non accertato;Inesploso
5273184;19;08/02/2021 18:55:00;Strada Urbana;VIA DI CASAL DEL MARMO;da specificare;;;;area interna distributore ;Tamponamento;Rettilineo;Una carreggiata a senso unico di marcia;Asciutto;In cubetti di porfido;Verticale;Sereno;Scarso;Buona;;0;0;0;4;12.3966;41.9505;-1;1;Autovettura privata;In marcia / fermata / arresto;Passeggero;M;Illeso;0;;Non accertato;Inesploso
5273184;19;08/02/2021 18:55:00;Strada Urbana;VIA DI CASAL DEL MARMO;da specificare;;;;area interna distributore ;Tamponamento;Rettilineo;Una carreggiata a senso unico di marcia;Asciutto;In cubetti di porfido;Verticale;Sereno;Scarso;Buona;;0;0;0;4;12.3966;41.9505;-1;2;Autocarro inferiore 35 q.;In marcia / fermata / arresto;Conducente;M;Illeso;0;;Non accertato;Inesploso
5273184;19;08/02/2021 18:55:00;Strada Urbana;VIA DI CASAL DEL MARMO;da specificare;;;;area interna distributore ;Tamponamento;Rettilineo;Una carreggiata a senso unico di marcia;Asciutto;In cubetti di porfido;Verticale;Sereno;Scarso;Buona;;0;0;0;4;12.3966;41.9505;-1;2;Autocarro inferiore 35 q.;In marcia / fermata / arresto;Passeggero;M;Illeso;0;;Non accertato;Inesploso
5273192;1;08/02/2021 10:00:00;Strada Urbana;VIA UMBERTO BIANCAMANO;all'intersezione con;VIA FEDERICO SCLOPIS;VIA FEDERICO SCLOPIS;;;Scontro frontale/laterale SX fra veicoli in marcia;Incrocio;Una carreggiata a senso unico di marcia;Asciutto;Asfaltata;Verticale ed orizzontale;Nuvoloso;Scarso;Buona;;0;0;0;2;12.5109;41.8877;-1;1;Autovettura privata;In marcia / fermata / arresto;Conducente;M;Illeso;0;;;
5273192;1;08/02/2021 10:00:00;Strada Urbana;VIA UMBERTO BIANCAMANO;all'intersezione con;VIA FEDERICO SCLOPIS;VIA FEDERICO SCLOPIS;;;Scontro frontale/laterale SX fra veicoli in marcia;Incrocio;Una carreggiata a senso unico di marcia;Asciutto;Asfaltata;Verticale ed orizzontale;Nuvoloso;Scarso;Buona;;0;0;0;2;12.5109;41.8877;-1;2;Autovettura privata;In marcia / fermata / arresto;Conducente;M;Illeso;0;;;
5273209;7;08/02/2021 13:45:00;Strada Urbana;VIA ARISTIDE MERLONI;in corrispondenza;;del palo luce n.;37;;Scontro frontale/laterale SX fra veicoli in marcia;Rettilineo;Due carreggiate;Asciutto;Asfaltata;Orizzontale;Nuvoloso;Normale;Buona;;1;0;0;1;12.6084;41.8847;-1;1;Autovettura privata;In marcia / fermata / arresto;Conducente;M;Illeso;0;;Non accertato;Inesploso
5273209;7;08/02/2021 13:45:00;Strada Urbana;VIA ARISTIDE MERLONI;in corrispondenza;;del palo luce n.;37;;Scontro frontale/laterale SX fra veicoli in marcia;Rettilineo;Due carreggiate;Asciutto;Asfaltata;Orizzontale;Nuvoloso;Normale;Buona;;1;0;0;1;12.6084;41.8847;-1;2;Autovettura privata;In marcia / fermata / arresto;Conducente;M;Rimandato;0;NON DECEDUTO;Non accertato;Inesploso
5273209;7;08/02/2021 13:45:00;Strada Urbana;VIA ARISTIDE MERLONI;in corrispondenza;;del palo luce n.;37;;Scontro frontale/laterale SX fra veicoli in marcia;Rettilineo;Due carreggiate;Asciutto;Asfaltata;Orizzontale;Nuvoloso;Normale;Buona;;1;0;0;1;12.6084;41.8847;-1;3;Autovettura privata;Sosta;;;;;;;
5273213;3;07/02/2021 15:00:00;Strada Urbana;VIA GOITO;all'intersezione con;VIA GAETA;VIA GAETA;;;Scontro laterale fra veicoli in marcia;Intersezione stradale segnalata;Una carreggiata a doppio senso;Bagnato (pioggia);Asfaltata;Verticale ed orizzontale;Pioggia in atto;Normale;Sufficiente;;1;0;0;2;12.5014;41.9052;-1;1;Autovettura privata;In marcia / fermata / arresto;Conducente;M;Illeso;0;;Non accertato;
5273213;3;07/02/2021 15:00:00;Strada Urbana;VIA GOITO;all'intersezione con;VIA GAETA;VIA GAETA;;;Scontro laterale fra veicoli in marcia;Intersezione stradale segnalata;Una carreggiata a doppio senso;Bagnato (pioggia);Asfaltata;Verticale ed orizzontale;Pioggia in atto;Normale;Sufficiente;;1;0;0;2;12.5014;41.9052;-1;1;Autovettura privata;In marcia / fermata / arresto;Passeggero;M;Illeso;0;;Non accertato;
5273213;3;07/02/2021 15:00:00;Strada Urbana;VIA GOITO;all'intersezione con;VIA GAETA;VIA GAETA;;;Scontro laterale fra veicoli in marcia;Intersezione stradale segnalata;Una carreggiata a doppio senso;Bagnato (pioggia);Asfaltata;Verticale ed orizzontale;Pioggia in atto;Normale;Sufficiente;;1;0;0;2;12.5014;41.9052;-1;2;Autobus urbano;In marcia / fermata / arresto;Conducente;M;Rimandato;0;NON DECEDUTO;Non accertato;
5273215;11;08/02/2021 16:00:00;Strada Urbana;VIA ARDEATINA;in prossimit�;;del palo luce n.;412;;Scontro frontale/laterale SX fra veicoli in marcia;Rotatoria;Una carreggiata a doppio senso;Bagnato (umidit� in atto);Asfaltata;Verticale ed orizzontale;Nuvoloso;Intenso;Buona;;0;0;0;2;12.5255;41.8131;-1;1;Autovettura privata;In marcia / fermata / arresto;Conducente;F;Illeso;0;;Non accertato;
5273215;11;08/02/2021 16:00:00;Strada Urbana;VIA ARDEATINA;in prossimit�;;del palo luce n.;412;;Scontro frontale/laterale SX fra veicoli in marcia;Rotatoria;Una carreggiata a doppio senso;Bagnato (umidit� in atto);Asfaltata;Verticale ed orizzontale;Nuvoloso;Intenso;Buona;;0;0;0;2;12.5255;41.8131;-1;2;Autocarro inferiore 35 q.;In marcia / fermata / arresto;Conducente;M;Illeso;0;;Non accertato;
5273220;7;09/02/2021 02:00:00;Strada Urbana;VIA DEI GLICINI;in corrispondenza;;del civico n.;46 c;;Scontro frontale/laterale DX fra veicoli in marcia;Rettilineo;Una carreggiata a doppio senso;Bagnato (pioggia);Asfaltata;Verticale ed orizzontale;Pioggia in atto;Scarso;Buona;;0;0;0;2;12.5632;41.8796;-1;1;Autovettura di polizia;In marcia / fermata / arresto;Conducente;M;Illeso;0;;;
5273220;7;09/02/2021 02:00:00;Strada Urbana;VIA DEI GLICINI;in corrispondenza;;del civico n.;46 c;;Scontro frontale/laterale DX fra veicoli in marcia;Rettilineo;Una carreggiata a doppio senso;Bagnato (pioggia);Asfaltata;Verticale ed orizzontale;Pioggia in atto;Scarso;Buona;;0;0;0;2;12.5632;41.8796;-1;1;Autovettura di polizia;In marcia / fermata / arresto;Passeggero;M;Illeso;0;;Non accertato;Inesploso
5273220;7;09/02/2021 02:00:00;Strada Urbana;VIA DEI GLICINI;in corrispondenza;;del civico n.;46 c;;Scontro frontale/laterale DX fra veicoli in marcia;Rettilineo;Una carreggiata a doppio senso;Bagnato (pioggia);Asfaltata;Verticale ed orizzontale;Pioggia in atto;Scarso;Buona;;0;0;0;2;12.5632;41.8796;-1;2;Autovettura privata;In marcia / fermata / arresto;;;;;;;
5273224;3;08/02/2021 09:35:00;Strada Urbana;PIAZZALE DI PORTA PIA;in corrispondenza;;del civico n.;124;;Scontro laterale fra veicoli in marcia;Rettilineo;Due carreggiate;Bagnato (umidit� in atto);Asfaltata;Verticale ed orizzontale;Nuvoloso;Normale;Buona;;0;0;0;4;12.502;41.9098;-1;1;Autocarro inferiore 35 q.;In marcia / fermata / arresto;Conducente;M;Illeso;0;;Non accertato;Inesploso
5273224;3;08/02/2021 09:35:00;Strada Urbana;PIAZZALE DI PORTA PIA;in corrispondenza;;del civico n.;124;;Scontro laterale fra veicoli in marcia;Rettilineo;Due carreggiate;Bagnato (umidit� in atto);Asfaltata;Verticale ed orizzontale;Nuvoloso;Normale;Buona;;0;0;0;4;12.502;41.9098;-1;2;Motociclo a solo;In marcia / fermata / arresto;Conducente;M;Illeso;0;;Non accertato;
5273224;3;08/02/2021 09:35:00;Strada Urbana;PIAZZALE DI PORTA PIA;in corrispondenza;;del civico n.;124;;Scontro laterale fra veicoli in marcia;Rettilineo;Due carreggiate;Bagnato (umidit� in atto);Asfaltata;Verticale ed orizzontale;Nuvoloso;Normale;Buona;;0;0;0;4;12.502;41.9098;-1;3;Autovettura privata;In marcia / fermata / arresto;Conducente;M;Illeso;0;;Non accertato;Inesploso
5273224;3;08/02/2021 09:35:00;Strada Urbana;PIAZZALE DI PORTA PIA;in corrispondenza;;del civico n.;124;;Scontro laterale fra veicoli in marcia;Rettilineo;Due carreggiate;Bagnato (umidit� in atto);Asfaltata;Verticale ed orizzontale;Nuvoloso;Normale;Buona;;0;0;0;4;12.502;41.9098;-1;3;Autovettura privata;In marcia / fermata / arresto;Passeggero;F;Illeso;0;;Non accertato;Inesploso
5273237;19;08/02/2021 19:45:00;Strada Urbana;VIA DI CASAL DEL MARMO;in prossimit�;;del civico n.;256;;Tamponamento;Rettilineo;Una carreggiata a doppio senso;Asciutto;Asfaltata;Orizzontale;Sereno;Normale;Sufficiente;;1;0;0;2;12.3967;41.9511;-1;1;Autovettura privata;In marcia / fermata / arresto;Conducente;F;Illeso;0;;Non accertato;Inesploso
5273237;19;08/02/2021 19:45:00;Strada Urbana;VIA DI CASAL DEL MARMO;in prossimit�;;del civico n.;256;;Tamponamento;Rettilineo;Una carreggiata a doppio senso;Asciutto;Asfaltata;Orizzontale;Sereno;Normale;Sufficiente;;1;0;0;2;12.3967;41.9511;-1;1;Autovettura privata;In marcia / fermata / arresto;Passeggero;F;Illeso;0;;Non accertato;Inesploso
5273237;19;08/02/2021 19:45:00;Strada Urbana;VIA DI CASAL DEL MARMO;in prossimit�;;del civico n.;256;;Tamponamento;Rettilineo;Una carreggiata a doppio senso;Asciutto;Asfaltata;Orizzontale;Sereno;Normale;Sufficiente;;1;0;0;2;12.3967;41.9511;-1;2;Autovettura privata;In marcia / fermata / arresto;Conducente;M;Rifiuta cure immediate;0;NON DECEDUTO;Non accertato;Inesploso
5273237;19;08/02/2021 19:45:00;Strada Urbana;VIA DI CASAL DEL MARMO;in prossimit�;;del civico n.;256;;Tamponamento;Rettilineo;Una carreggiata a doppio senso;Asciutto;Asfaltata;Orizzontale;Sereno;Normale;Sufficiente;;1;0;0;2;12.3967;41.9511;-1;3;Autovettura privata;Sosta;;;;;;;
5273243;3;08/02/2021 13:40:00;Strada Urbana;VIA TIBURTINA;all'intersezione con;VIA DEGLI ETRUSCHI;VIA DEGLI ETRUSCHI;;;Scontro laterale fra veicoli in marcia;Incrocio;Una carreggiata a doppio senso;Bagnato (umidit� in atto);Asfaltata;Verticale ed orizzontale;Nuvoloso;Intenso;Buona;;0;0;0;2;12.5142;41.8983;-1;1;Motociclo a solo;In marcia / fermata / arresto;Conducente;M;Illeso;0;;;
5273243;3;08/02/2021 13:40:00;Strada Urbana;VIA TIBURTINA;all'intersezione con;VIA DEGLI ETRUSCHI;VIA DEGLI ETRUSCHI;;;Scontro laterale fra veicoli in marcia;Incrocio;Una carreggiata a doppio senso;Bagnato (umidit� in atto);Asfaltata;Verticale ed orizzontale;Nuvoloso;Intenso;Buona;;0;0;0;2;12.5142;41.8983;-1;2;Autovettura privata;In marcia / fermata / arresto;Conducente;M;Illeso;0;;;
5273258;3;08/02/2021 11:00:00;Strada Urbana;VIA LIVORNO;in prossimit�;;del civico n.;52a;;Veicolo in marcia contro veicolo in sosta;Pendenza;Una carreggiata a doppio senso;Bagnato (umidit� in atto);Asfaltata;Verticale ed orizzontale;Nuvoloso;Scarso;Buona;;0;0;0;1;12.525;41.916;-1;1;Autovettura privata;In marcia / fermata / arresto;Conducente;M;Illeso;0;;Non accertato;Inesploso
5273258;3;08/02/2021 11:00:00;Strada Urbana;VIA LIVORNO;in prossimit�;;del civico n.;52a;;Veicolo in marcia contro veicolo in sosta;Pendenza;Una carreggiata a doppio senso;Bagnato (umidit� in atto);Asfaltata;Verticale ed orizzontale;Nuvoloso;Scarso;Buona;;0;0;0;1;12.525;41.916;-1;2;Autovettura privata;Sosta;;;;;;;
5273266;13;08/02/2021 12:15:00;;VIA DELLE AZZORRE;all'intersezione con;VIA ARMANDO CRISCIANI;VIA ARMANDO CRISCIANI;;;Scontro frontale/laterale SX fra veicoli in marcia;;;;;;;;;;0;0;0;1;;;0;1;Autovettura privata;In marcia / fermata / arresto;Conducente;M;Illeso;0;;Non accertato;Inesploso
5273266;13;08/02/2021 12:15:00;;VIA DELLE AZZORRE;all'intersezione con;VIA ARMANDO CRISCIANI;VIA ARMANDO CRISCIANI;;;Scontro frontale/laterale SX fra veicoli in marcia;;;;;;;;;;0;0;0;1;;;0;2;Autovettura privata;Allontanatosi;;;;;;;
5273268;1;08/02/2021 13:20:00;Strada Urbana;PIAZZA DI PORTA METRONIA;in prossimit�;;del civico n.;16;;Scontro laterale fra veicoli in marcia;Rettilineo;Due carreggiate;Asciutto;Asfaltata;Verticale ed orizzontale;Nuvoloso;Normale;Buona;;0;0;0;2;12.4983;41.8824;-1;1;Autovettura privata;In marcia / fermata / arresto;Conducente;F;Illeso;0;;Non accertato;Inesploso
5273268;1;08/02/2021 13:20:00;Strada Urbana;PIAZZA DI PORTA METRONIA;in prossimit�;;del civico n.;16;;Scontro laterale fra veicoli in marcia;Rettilineo;Due carreggiate;Asciutto;Asfaltata;Verticale ed orizzontale;Nuvoloso;Normale;Buona;;0;0;0;2;12.4983;41.8824;-1;2;Autovettura privata;In marcia / fermata / arresto;Conducente;M;Illeso;0;;Non accertato;Inesploso
5273271;13;08/02/2021 16:00:00;Strada Urbana;VIA BERNARDINO DA MONTICASTRO;all'intersezione semaforizzata con;VIA LEOPOLDO ORI;VIA LEOPOLDO ORI;;;Scontro frontale/laterale SX fra veicoli in marcia;Incrocio;Una carreggiata a senso unico di marcia;Asciutto;Asfaltata;Verticale ed orizzontale;Sereno;Normale;Buona;;0;0;0;4;12.3152;41.7165;-1;1;Autovettura privata;In marcia / fermata / arresto;Conducente;M;Illeso;0;;Non accertato;Inesploso
5273271;13;08/02/2021 16:00:00;Strada Urbana;VIA BERNARDINO DA MONTICASTRO;all'intersezione semaforizzata con;VIA LEOPOLDO ORI;VIA LEOPOLDO ORI;;;Scontro frontale/laterale SX fra veicoli in marcia;Incrocio;Una carreggiata a senso unico di marcia;Asciutto;Asfaltata;Verticale ed orizzontale;Sereno;Normale;Buona;;0;0;0;4;12.3152;41.7165;-1;2;Autovettura privata;In marcia / fermata / arresto;Conducente;M;Illeso;0;;Non accertato;Inesploso
5273271;13;08/02/2021 16:00:00;Strada Urbana;VIA BERNARDINO DA MONTICASTRO;all'intersezione semaforizzata con;VIA LEOPOLDO ORI;VIA LEOPOLDO ORI;;;Scontro frontale/laterale SX fra veicoli in marcia;Incrocio;Una carreggiata a senso unico di marcia;Asciutto;Asfaltata;Verticale ed orizzontale;Sereno;Normale;Buona;;0;0;0;4;12.3152;41.7165;-1;2;Autovettura privata;In marcia / fermata / arresto;Passeggero;M;Illeso;0;;Non accertato;Inesploso
5273271;13;08/02/2021 16:00:00;Strada Urbana;VIA BERNARDINO DA MONTICASTRO;all'intersezione semaforizzata con;VIA LEOPOLDO ORI;VIA LEOPOLDO ORI;;;Scontro frontale/laterale SX fra veicoli in marcia;Incrocio;Una carreggiata a senso unico di marcia;Asciutto;Asfaltata;Verticale ed orizzontale;Sereno;Normale;Buona;;0;0;0;4;12.3152;41.7165;-1;2;Autovettura privata;In marcia / fermata / arresto;Passeggero;M;Illeso;0;;Non accertato;Inesploso
5273290;19;08/02/2021 09:00:00;Strada Urbana;VIA FRANCO MICHELINI TOCCI;in corrispondenza;;del civico n.;29;;Veicolo in marcia contro veicolo in sosta;Rettilineo;Una carreggiata a senso unico di marcia;Asciutto;Asfaltata;Orizzontale;Sereno;Scarso;Buona;;0;0;0;1;12.4465;41.9219;-1;1;Motociclo a solo;In marcia / fermata / arresto;Conducente;M;Illeso;0;;Non accertato;
5273290;19;08/02/2021 09:00:00;Strada Urbana;VIA FRANCO MICHELINI TOCCI;in corrispondenza;;del civico n.;29;;Veicolo in marcia contro veicolo in sosta;Rettilineo;Una carreggiata a senso unico di marcia;Asciutto;Asfaltata;Orizzontale;Sereno;Scarso;Buona;;0;0;0;1;12.4465;41.9219;-1;2;Autovettura privata;Sosta;;;;;;;
5273295;13;08/02/2021 20:15:00;Strada Urbana;VIA CESARE MACCARI;all'intersezione con;VIA DI PRATO CORNELIO;VIA DI PRATO CORNELIO;;;Scontro frontale/laterale DX fra veicoli in marcia;Incrocio;Una carreggiata a doppio senso;Asciutto;Asfaltata;Verticale ed orizzontale;Sereno;Normale;Buona;;0;0;0;4;12.3577;41.7742;-1;1;Autovettura privata;In marcia / fermata / arresto;Conducente;F;Illeso;0;;Non accertato;Inesploso
5273295;13;08/02/2021 20:15:00;Strada Urbana;VIA CESARE MACCARI;all'intersezione con;VIA DI PRATO CORNELIO;VIA DI PRATO CORNELIO;;;Scontro frontale/laterale DX fra veicoli in marcia;Incrocio;Una carreggiata a doppio senso;Asciutto;Asfaltata;Verticale ed orizzontale;Sereno;Normale;Buona;;0;0;0;4;12.3577;41.7742;-1;1;Autovettura privata;In marcia / fermata / arresto;Passeggero;M;Illeso;0;;Non accertato;Inesploso
5273295;13;08/02/2021 20:15:00;Strada Urbana;VIA CESARE MACCARI;all'intersezione con;VIA DI PRATO CORNELIO;VIA DI PRATO CORNELIO;;;Scontro frontale/laterale DX fra veicoli in marcia;Incrocio;Una carreggiata a doppio senso;Asciutto;Asfaltata;Verticale ed orizzontale;Sereno;Normale;Buona;;0;0;0;4;12.3577;41.7742;-1;2;Autovettura privata;In marcia / fermata / arresto;Conducente;M;Illeso;0;;Non accertato;Inesploso
5273295;13;08/02/2021 20:15:00;Strada Urbana;VIA CESARE MACCARI;all'intersezione con;VIA DI PRATO CORNELIO;VIA DI PRATO CORNELIO;;;Scontro frontale/laterale DX fra veicoli in marcia;Incrocio;Una carreggiata a doppio senso;Asciutto;Asfaltata;Verticale ed orizzontale;Sereno;Normale;Buona;;0;0;0;4;12.3577;41.7742;-1;2;Autovettura privata;In marcia / fermata / arresto;Passeggero;M;Illeso;0;;Non accertato;Inesploso
5273301;7;09/02/2021 02:10:00;Strada Urbana;VIALE DELLA PRIMAVERA;all'intersezione con;VIA OBERDAN PETRINI;VIA OBERDAN PETRINI;;;Scontro frontale/laterale DX fra veicoli in marcia;Incrocio;Due carreggiate;Bagnato (pioggia);Asfaltata;Verticale ed orizzontale;Pioggia in atto;Scarso;Sufficiente;;0;0;0;2;12.5587;41.8781;-1;1;Autovettura di polizia;In marcia / fermata / arresto;Conducente;M;Illeso;0;;Non accertato;Inesploso
5273301;7;09/02/2021 02:10:00;Strada Urbana;VIALE DELLA PRIMAVERA;all'intersezione con;VIA OBERDAN PETRINI;VIA OBERDAN PETRINI;;;Scontro frontale/laterale DX fra veicoli in marcia;Incrocio;Due carreggiate;Bagnato (pioggia);Asfaltata;Verticale ed orizzontale;Pioggia in atto;Scarso;Sufficiente;;0;0;0;2;12.5587;41.8781;-1;1;Autovettura di polizia;In marcia / fermata / arresto;Passeggero;M;Illeso;0;;Non accertato;Inesploso
5273301;7;09/02/2021 02:10:00;Strada Urbana;VIALE DELLA PRIMAVERA;all'intersezione con;VIA OBERDAN PETRINI;VIA OBERDAN PETRINI;;;Scontro frontale/laterale DX fra veicoli in marcia;Incrocio;Due carreggiate;Bagnato (pioggia);Asfaltata;Verticale ed orizzontale;Pioggia in atto;Scarso;Sufficiente;;0;0;0;2;12.5587;41.8781;-1;2;Autovettura privata;In marcia / fermata / arresto;;;;;;;
5273304;16;08/02/2021 12:45:00;Strada Urbana;CIRCONVALLAZIONE GIANICOLENSE;all'intersezione con;VIA QUIRINO MAJORANA;VIA QUIRINO MAJORANA;;;Scontro laterale fra veicoli in marcia;Intersezione semaforizzata;Pi� di due carreggiate;Asciutto;Asfaltata;Verticale ed orizzontale;Nuvoloso;Normale;Buona;;1;0;0;2;12.4496;41.8725;-1;1;Motociclo a solo;In marcia / fermata / arresto;Conducente;F;Rimandato;0;NON DECEDUTO;Non accertato;
5273304;16;08/02/2021 12:45:00;Strada Urbana;CIRCONVALLAZIONE GIANICOLENSE;all'intersezione con;VIA QUIRINO MAJORANA;VIA QUIRINO MAJORANA;;;Scontro laterale fra veicoli in marcia;Intersezione semaforizzata;Pi� di due carreggiate;Asciutto;Asfaltata;Verticale ed orizzontale;Nuvoloso;Normale;Buona;;1;0;0;2;12.4496;41.8725;-1;2;Autovettura privata;In marcia / fermata / arresto;Conducente;F;Illeso;0;;Non accertato;
5273304;16;08/02/2021 12:45:00;Strada Urbana;CIRCONVALLAZIONE GIANICOLENSE;all'intersezione con;VIA QUIRINO MAJORANA;VIA QUIRINO MAJORANA;;;Scontro laterale fra veicoli in marcia;Intersezione semaforizzata;Pi� di due carreggiate;Asciutto;Asfaltata;Verticale ed orizzontale;Nuvoloso;Normale;Buona;;1;0;0;2;12.4496;41.8725;-1;2;Autovettura privata;In marcia / fermata / arresto;Passeggero;F;Illeso;0;;Non accertato;
5273310;6;08/02/2021 14:25:00;Strada Urbana;VIA PRENESTINA;all'intersezione semaforizzata con;PIAZZA RONCHI;PIAZZA RONCHI;;;Scontro laterale fra veicoli in marcia;Intersezione regolata dal vigile;Pi� di due carreggiate;Bagnato (pioggia);Asfaltata;Verticale ed orizzontale;Nuvoloso;Normale;Buona;;0;0;0;2;12.5495;41.8948;-1;1;Autovettura privata;In marcia / fermata / arresto;Conducente;F;Illeso;0;;;
5273310;6;08/02/2021 14:25:00;Strada Urbana;VIA PRENESTINA;all'intersezione semaforizzata con;PIAZZA RONCHI;PIAZZA RONCHI;;;Scontro laterale fra veicoli in marcia;Intersezione regolata dal vigile;Pi� di due carreggiate;Bagnato (pioggia);Asfaltata;Verticale ed orizzontale;Nuvoloso;Normale;Buona;;0;0;0;2;12.5495;41.8948;-1;2;Vettura tranviaria;In marcia / fermata / arresto;Conducente;M;Illeso;0;;Esente;
5273317;4;08/02/2021 08:20:00;Strada Urbana;VIA DELLA MARCIGLIANA;in prossimit�;;del civico n.;532;;Veicolo in marcia contro ostacolo accidentale;Rettilineo;Una carreggiata a doppio senso;Bagnato (umidit� in atto);Asfaltata;Assente;Nuvoloso;Scarso;Buona;;0;0;0;1;12.5681;42.0029;-1;1;Autocarro superiore 35 q.;In marcia / fermata / arresto;Conducente;M;Illeso;0;;Non accertato;Inesploso
5273363;10;09/02/2021 08:30:00;Strada Urbana;VIA DI CASAL MORENA;all'intersezione con;VIA CORTALE;VIA CORTALE;;;Tamponamento;Intersezione non regolata/non segnalata;Una carreggiata a doppio senso;Bagnato (pioggia);Asfaltata;Verticale ed orizzontale;Pioggia in atto;Intenso;Buona;;0;0;0;2;12.6177;41.8269;-1;1;Autovettura privata;In marcia / fermata / arresto;Conducente;M;Illeso;0;;Non accertato;Inesploso
5273363;10;09/02/2021 08:30:00;Strada Urbana;VIA DI CASAL MORENA;all'intersezione con;VIA CORTALE;VIA CORTALE;;;Tamponamento;Intersezione non regolata/non segnalata;Una carreggiata a doppio senso;Bagnato (pioggia);Asfaltata;Verticale ed orizzontale;Pioggia in atto;Intenso;Buona;;0;0;0;2;12.6177;41.8269;-1;2;Autovettura privata;In marcia / fermata / arresto;Conducente;M;Illeso;0;;Non accertato;Inesploso
5273370;4;08/02/2021 09:20:00;Statale entro l'abitato;VIA SALARIA;all'intersezione semaforizzata con;RACCORDO SALARIO SETTEBAGNI;RACCORDO SALARIO SETTEBAGNI;;;Scontro laterale fra veicoli in marcia;Intersezione semaforizzata;Due carreggiate;Asciutto;Asfaltata;Verticale ed orizzontale;Sereno;Normale;Buona;;0;0;0;3;12.5179;42.0031;-1;1;Autotreno;In marcia / fermata / arresto;Conducente;M;Illeso;0;;Non accertato;Inesploso
5273370;4;08/02/2021 09:20:00;Statale entro l'abitato;VIA SALARIA;all'intersezione semaforizzata con;RACCORDO SALARIO SETTEBAGNI;RACCORDO SALARIO SETTEBAGNI;;;Scontro laterale fra veicoli in marcia;Intersezione semaforizzata;Due carreggiate;Asciutto;Asfaltata;Verticale ed orizzontale;Sereno;Normale;Buona;;0;0;0;3;12.5179;42.0031;-1;2;Autovettura privata;In marcia / fermata / arresto;Conducente;F;Illeso;0;;Non accertato;Inesploso