Protocollo;Gruppo;DataOraIncidente;Localizzazione1;STRADA1;Localizzazione2;STRADA2;Strada02;Chilometrica;DaSpecificare;NaturaIncidente;particolaritastrade;TipoStrada;FondoStradale;Pavimentazione;Segnaletica;CondizioneAtmosferica;Traffico;Visibilita;Illuminazione;NUM_FERITI;NUM_RISERVATA;NUM_MORTI;NUM_ILLESI;Longitudine;Latitudine;Confermato;Progressivo;TipoVeicolo;StatoVeicolo;TipoPersona;Sesso;Tipolesione;Deceduto;DecedutoDopo;CinturaCascoUtilizzato;Airbag;
5274418;1;09/02/2021 16:00:00;Strada Urbana;LUNGOTEVERE DELLA FARNESINA;in corrispondenza;;del civico n.;6;;Tamponamento Multiplo;Rettilineo;Una carreggiata a senso unico di marcia;Asciutto;Asfaltata;Verticale ed orizzontale;Sereno;Intenso;Buona;;0;0;0;5;12.4693;41.8926;-1;2;Quadriciclo;In marcia / fermata / arresto;Conducente;M;Illeso;0;;Non accertato;
5274418;1;09/02/2021 16:00:00;Strada Urbana;LUNGOTEVERE DELLA FARNESINA;in corrispondenza;;del civico n.;6;;Tamponamento Multiplo;Rettilineo;Una carreggiata a senso unico di marcia;Asciutto;Asfaltata;Verticale ed orizzontale;Sereno;Intenso;Buona;;0;0;0;5;12.4693;41.8926;-1;3;Autocarro inferiore 35 q.;In marcia / fermata / arresto;Conducente;M;Illeso;0;;Non accertato;Inesploso
5274435;1;09/02/2021 13:30:00;Strada Urbana;VIA MARMORATA;in prossimit�;;del civico n.;163;;Veicolo in marcia contro ostacolo accidentale;Rettilineo;Una carreggiata a doppio senso;Asciutto;Strada pavimentata dissestata;Verticale ed orizzontale;Nuvoloso;Normale;Buona;;0;0;0;2;12.4771;41.8817;0;1;Ciclomotore con passeggero;In marcia / fermata / arresto;Conducente;M;Illeso;0;;Non accertato;
5274435;1;09/02/2021 13:30:00;Strada Urbana;VIA MARMORATA;in prossimit�;;del civico n.;163;;Veicolo in marcia contro ostacolo accidentale;Rettilineo;Una carreggiata a doppio senso;Asciutto;Strada pavimentata dissestata;Verticale ed orizzontale;Nuvoloso;Normale;Buona;;0;0;0;2;12.4771;41.8817;0;1;Ciclomotore con passeggero;In marcia / fermata / arresto;Passeggero;F;Illeso;0;;Non accertato;
5274436;12;09/02/2021 15:00:00;Altra strada;VIALE DELL'ESERCITO;da specificare;;;;area privata all'interno del civico 21;Scontro laterale fra veicoli in marcia;Curva a visuale libera;Una carreggiata a senso unico alternato;Bagnato (pioggia);Asfaltata;Assente;Pioggia in atto;Normale;Sufficiente;;1;0;0;1;12.4865;41.8137;-1;1;Autovettura privata;In marcia / fermata / arresto;Conducente;M;Illeso;0;;Non accertato;Inesploso
5274436;12;09/02/2021 15:00:00;Altra strada;VIALE DELL'ESERCITO;da specificare;;;;area privata all'interno del civico 21;Scontro laterale fra veicoli in marcia;Curva a visuale libera;Una carreggiata a senso unico alternato;Bagnato (pioggia);Asfaltata;Assente;Pioggia in atto;Normale;Sufficiente;;1;0;0;1;12.4865;41.8137;-1;2;Velocipede;In marcia / fermata / arresto;Conducente;F;Rimandato;0;NON DECEDUTO;Esente;
5274445;15;09/02/2021 13:40:00;Strada Urbana;VIA PORTUENSE;all'intersezione con;VIA DI POZZO PANTALEO;VIA DI POZZO PANTALEO;;;Scontro frontale/laterale SX fra veicoli in marcia;Incrocio;Due carreggiate;Asciutto;Asfaltata;Verticale ed orizzontale;Nuvoloso;Normale;Buona;;0;0;0;4;12.414;41.8469;-1;1;Autovettura privata;In marcia / fermata / arresto;Conducente;F;Illeso;0;;Non accertato;Inesploso
5274445;15;09/02/2021 13:40:00;Strada Urbana;VIA PORTUENSE;all'intersezione con;VIA DI POZZO PANTALEO;VIA DI POZZO PANTALEO;;;Scontro frontale/laterale SX fra veicoli in marcia;Incrocio;Due carreggiate;Asciutto;Asfaltata;Verticale ed orizzontale;Nuvoloso;Normale;Buona;;0;0;0;4;12.414;41.8469;-1;1;Autovettura privata;In marcia / fermata / arresto;Passeggero;F;Illeso;0;;Non accertato;Inesploso
5274445;15;09/02/2021 13:40:00;Strada Urbana;VIA PORTUENSE;all'intersezione con;VIA DI POZZO PANTALEO;VIA DI POZZO PANTALEO;;;Scontro frontale/laterale SX fra veicoli in marcia;Incrocio;Due carreggiate;Asciutto;Asfaltata;Verticale ed orizzontale;Nuvoloso;Normale;Buona;;0;0;0;4;12.414;41.8469;-1;2;Autovettura privata;In marcia / fermata / arresto;Conducente;M;Illeso;0;;Non accertato;Inesploso
5274445;15;09/02/2021 13:40:00;Strada Urbana;VIA PORTUENSE;all'intersezione con;VIA DI POZZO PANTALEO;VIA DI POZZO PANTALEO;;;Scontro frontale/laterale SX fra veicoli in marcia;Incrocio;Due carreggiate;Asciutto;Asfaltata;Verticale ed orizzontale;Nuvoloso;Normale;Buona;;0;0;0;4;12.414;41.8469;-1;2;Autovettura privata;In marcia / fermata / arresto;Passeggero;F;Illeso;0;;Non accertato;Inesploso
5274456;12;09/02/2021 17:00:00;Strada Urbana;VIA CRISTOFORO COLOMBO;da specificare;;;;laterale prossimit� sottovia Viale Marconi;Scontro laterale fra veicoli in marcia;Curva a visuale libera;Una carreggiata a senso unico di marcia;Asciutto;Asfaltata;Verticale ed orizzontale;Nuvoloso;Normale;Buona;;0;0;0;2;12.478;41.8447;-1;1;Veicolo speciale;In marcia / fermata / arresto;Conducente;M;Illeso;0;;Non accertato;Inesploso
5274456;12;09/02/2021 17:00:00;Strada Urbana;VIA CRISTOFORO COLOMBO;da specificare;;;;laterale prossimit� sottovia Viale Marconi;Scontro laterale fra veicoli in marcia;Curva a visuale libera;Una carreggiata a senso unico di marcia;Asciutto;Asfaltata;Verticale ed orizzontale;Nuvoloso;Normale;Buona;;0;0;0;2;12.478;41.8447;-1;2;Autovettura privata;In marcia / fermata / arresto;Conducente;F;Illeso;0;;Non accertato;Inesploso
5274531;8;09/02/2021 07:30:00;Strada Urbana;VIALE DUILIO CAMBELLOTTI;all'intersezione con;VIA DI TOR BELLA MONACA;VIA DI TOR BELLA MONACA;;;Scontro laterale fra veicoli in marcia;Rotatoria;Una carreggiata a senso unico di marcia;Bagnato (pioggia);Asfaltata;Orizzontale;Pioggia in atto;Normale;Buona;;0;0;0;2;12.6336;41.8702;-1;1;Autocarro superiore 35 q.;In marcia / fermata / arresto;Conducente;M;Illeso;0;;Non accertato;Inesploso
5274531;8;09/02/2021 07:30:00;Strada Urbana;VIALE DUILIO CAMBELLOTTI;all'intersezione con;VIA DI TOR BELLA MONACA;VIA DI TOR BELLA MONACA;;;Scontro laterale fra veicoli in marcia;Rotatoria;Una carreggiata a senso unico di marcia;Bagnato (pioggia);Asfaltata;Orizzontale;Pioggia in atto;Normale;Buona;;0;0;0;2;12.6336;41.8702;-1;2;Autobus di linea;In marcia / fermata / arresto;Conducente;M;Illeso;0;;Non accertato;Inesploso
5274532;8;09/02/2021 08:15:00;Strada Urbana;VIA SAVOCA;in corrispondenza;;del civico n.;82;;Scontro frontale fra veicoli in marcia;Rettilineo;Una carreggiata a doppio senso;Bagnato (pioggia);Asfaltata;Assente;Pioggia in atto;Scarso;Buona;;0;0;0;4;12.6802;41.8685;-1;1;Autovettura privata;In marcia / fermata / arresto;Conducente;F;Illeso;0;;Non accertato;Inesploso
5274532;8;09/02/2021 08:15:00;Strada Urbana;VIA SAVOCA;in corrispondenza;;del civico n.;82;;Scontro frontale fra veicoli in marcia;Rettilineo;Una carreggiata a doppio senso;Bagnato (pioggia);Asfaltata;Assente;Pioggia in atto;Scarso;Buona;;0;0;0;4;12.6802;41.8685;-1;1;Autovettura privata;In marcia / fermata / arresto;Passeggero;M;Illeso;0;;Non accertato;Inesploso
5274532;8;09/02/2021 08:15:00;Strada Urbana;VIA SAVOCA;in corrispondenza;;del civico n.;82;;Scontro frontale fra veicoli in marcia;Rettilineo;Una carreggiata a doppio senso;Bagnato (pioggia);Asfaltata;Assente;Pioggia in atto;Scarso;Buona;;0;0;0;4;12.6802;41.8685;-1;1;Autovettura privata;In marcia / fermata / arresto;Passeggero;F;Illeso;0;;Non accertato;Inesploso
5274532;8;09/02/2021 08:15:00;Strada Urbana;VIA SAVOCA;in corrispondenza;;del civico n.;82;;Scontro frontale fra veicoli in marcia;Rettilineo;Una carreggiata a doppio senso;Bagnato (pioggia);Asfaltata;Assente;Pioggia in atto;Scarso;Buona;;0;0;0;4;12.6802;41.8685;-1;2;Autovettura privata;In marcia / fermata / arresto;Conducente;F;Illeso;0;;Non accertato;Inesploso
5274533;8;09/02/2021 11:30:00;Strada Urbana;VIA DI TORRENOVA;in corrispondenza;;del civico n.;293;;Scontro laterale fra veicoli in marcia;Rettilineo;Una carreggiata a doppio senso;Asciutto;Asfaltata;Verticale ed orizzontale;Sereno;Normale;Buona;;0;0;0;2;12.6174;41.8822;-1;1;Autovettura privata;In marcia / fermata / arresto;Conducente;M;Illeso;0;;Non accertato;Inesploso
5274533;8;09/02/2021 11:30:00;Strada Urbana;VIA DI TORRENOVA;in corrispondenza;;del civico n.;293;;Scontro laterale fra veicoli in marcia;Rettilineo;Una carreggiata a doppio senso;Asciutto;Asfaltata;Verticale ed orizzontale;Sereno;Normale;Buona;;0;0;0;2;12.6174;41.8822;-1;2;Autovettura privata;In marcia / fermata / arresto;Conducente;F;Illeso;0;;Non accertato;Inesploso
5274535;8;09/02/2021 16:25:00;Strada Urbana;VIA DI TOR VERGATA;all'intersezione con;VIA ANGELO SALMOIRAGHI;VIA ANGELO SALMOIRAGHI;;;Scontro frontale/laterale SX fra veicoli in marcia;Incrocio;Una carreggiata a doppio senso;Bagnato (umidit� in atto);Asfaltata;Verticale ed orizzontale;Nuvoloso;Normale;Buona;;1;0;0;1;12.6226;41.8468;-1;1;Autocarro superiore 35 q.;In marcia / fermata / arresto;Conducente;M;Illeso;0;;;
5274535;8;09/02/2021 16:25:00;Strada Urbana;VIA DI TOR VERGATA;all'intersezione con;VIA ANGELO SALMOIRAGHI;VIA ANGELO SALMOIRAGHI;;;Scontro frontale/laterale SX fra veicoli in marcia;Incrocio;Una carreggiata a doppio senso;Bagnato (umidit� in atto);Asfaltata;Verticale ed orizzontale;Nuvoloso;Normale;Buona;;1;0;0;1;12.6226;41.8468;-1;2;Ciclomotore;In marcia / fermata / arresto;Conducente;F;Ricoverato;0;NON DECEDUTO;;
5274536;8;09/02/2021 19:55:00;Strada Urbana;VIA WALTER TOBAGI;all'intersezione con;VIA DEI RUDERI DI CASA CALDA;VIA DEI RUDERI DI CASA CALDA;;;Scontro frontale/laterale DX fra veicoli in marcia;Intersezione semaforizzata;Una carreggiata a doppio senso;Bagnato (umidit� in atto);Asfaltata;Assente;Nuvoloso;Scarso;Sufficiente;;1;0;0;1;12.5974;41.875;-1;1;Autovettura privata;In marcia / fermata / arresto;Conducente;M;Illeso;0;;Non accertato;Inesploso
5274536;8;09/02/2021 19:55:00;Strada Urbana;VIA WALTER TOBAGI;all'intersezione con;VIA DEI RUDERI DI CASA CALDA;VIA DEI RUDERI DI CASA CALDA;;;Scontro frontale/laterale DX fra veicoli in marcia;Intersezione semaforizzata;Una carreggiata a doppio senso;Bagnato (umidit� in atto);Asfaltata;Assente;Nuvoloso;Scarso;Sufficiente;;1;0;0;1;12.5974;41.875;-1;2;Autovettura privata;In marcia / fermata / arresto;Conducente;M;Rifiuta cure immediate;0;NON DECEDUTO;Non accertato;Inesploso
5274538;8;09/02/2021 14:55:00;Strada Urbana;VIA VILLABATE;all'intersezione con;VIA VALGUARNERA CAROPEPE;VIA VALGUARNERA CAROPEPE;;;Scontro laterale fra veicoli in marcia;Intersezione non regolata/non segnalata;Una carreggiata a doppio senso;Bagnato (pioggia);Asfaltata;Verticale ed orizzontale;Pioggia in atto;Intenso;Buona;;3;0;0;2;12.6517;41.8694;-1;1;Autovettura privata;In marcia / fermata / arresto;Conducente;M;Rimandato;0;NON DECEDUTO;Non accertato;Inesploso
5274538;8;09/02/2021 14:55:00;Strada Urbana;VIA VILLABATE;all'intersezione con;VIA VALGUARNERA CAROPEPE;VIA VALGUARNERA CAROPEPE;;;Scontro laterale fra veicoli in marcia;Intersezione non regolata/non segnalata;Una carreggiata a doppio senso;Bagnato (pioggia);Asfaltata;Verticale ed orizzontale;Pioggia in atto;Intenso;Buona;;3;0;0;2;12.6517;41.8694;-1;1;Autovettura privata;In marcia / fermata / arresto;Passeggero;F;Rimandato;0;NON DECEDUTO;Non accertato;
5274538;8;09/02/2021 14:55:00;Strada Urbana;VIA VILLABATE;all'intersezione con;VIA VALGUARNERA CAROPEPE;VIA VALGUARNERA CAROPEPE;;;Scontro laterale fra veicoli in marcia;Intersezione non regolata/non segnalata;Una carreggiata a doppio senso;Bagnato (pioggia);Asfaltata;Verticale ed orizzontale;Pioggia in atto;Intenso;Buona;;3;0;0;2;12.6517;41.8694;-1;2;Autovettura privata;In marcia / fermata / arresto;Conducente;F;Rimandato;0;NON DECEDUTO;Non accertato;Esploso
5274538;8;09/02/2021 14:55:00;Strada Urbana;VIA VILLABATE;all'intersezione con;VIA VALGUARNERA CAROPEPE;VIA VALGUARNERA CAROPEPE;;;Scontro laterale fra veicoli in marcia;Intersezione non regolata/non segnalata;Una carreggiata a doppio senso;Bagnato (pioggia);Asfaltata;Verticale ed orizzontale;Pioggia in atto;Intenso;Buona;;3;0;0;2;12.6517;41.8694;-1;3;Autovettura privata;In marcia / fermata / arresto;Conducente;M;Illeso;0;;Non accertato;Inesploso
5274538;8;09/02/2021 14:55:00;Strada Urbana;VIA VILLABATE;all'intersezione con;VIA VALGUARNERA CAROPEPE;VIA VALGUARNERA CAROPEPE;;;Scontro laterale fra veicoli in marcia;Intersezione non regolata/non segnalata;Una carreggiata a doppio senso;Bagnato (pioggia);Asfaltata;Verticale ed orizzontale;Pioggia in atto;Intenso;Buona;;3;0;0;2;12.6517;41.8694;-1;3;Autovettura privata;In marcia / fermata / arresto;Passeggero;M;Illeso;0;;;
5274687;19;09/02/2021 16:00:00;Strada Urbana;VIA GUIDO ALESSI;da specificare;;;;50 metri prima di via Cadlolo;Veicolo in marcia contro veicoli in sosta;Curva a visuale libera;Una carreggiata a senso unico di marcia;Bagnato (umidit� in atto);Asfaltata;Assente;Nuvoloso;Scarso;Buona;;0;0;0;1;12.4464;41.923;-1;1;Autovettura privata;In marcia / fermata / arresto;Conducente;M;Illeso;0;;;
5274687;19;09/02/2021 16:00:00;Strada Urbana;VIA GUIDO ALESSI;da specificare;;;;50 metri prima di via Cadlolo;Veicolo in marcia contro veicoli in sosta;Curva a visuale libera;Una carreggiata a senso unico di marcia;Bagnato (umidit� in atto);Asfaltata;Assente;Nuvoloso;Scarso;Buona;;0;0;0;1;12.4464;41.923;-1;2;Autovettura privata;Sosta;;;;;;;
5274687;19;09/02/2021 16:00:00;Strada Urbana;VIA GUIDO ALESSI;da specificare;;;;50 metri prima di via Cadlolo;Veicolo in marcia contro veicoli in sosta;Curva a visuale libera;Una carreggiata a senso unico di marcia;Bagnato (umidit� in atto);Asfaltata;Assente;Nuvoloso;Scarso;Buona;;0;0;0;1;12.4464;41.923;-1;3;Autovettura privata;Sosta;;;;;;;
5274689;9;09/02/2021 14:10:00;Strada Urbana;LARGO DEI COLLI ALBANI;in prossimit�;;del civico n.;28;;Veicolo in marcia contro veicoli in sosta;Rettilineo;Una carreggiata a senso unico di marcia;Bagnato (pioggia);Asfaltata;Verticale ed orizzontale;Nuvoloso;Normale;Buona;;0;0;0;0;12.5302;41.8696;-1;1;Autocarro inferiore 35 q.;In marcia / fermata / arresto;;;;;;;
5274689;9;09/02/2021 14:10:00;Strada Urbana;LARGO DEI COLLI ALBANI;in prossimit�;;del civico n.;28;;Veicolo in marcia contro veicoli in sosta;Rettilineo;Una carreggiata a senso unico di marcia;Bagnato (pioggia);Asfaltata;Verticale ed orizzontale;Nuvoloso;Normale;Buona;;0;0;0;0;12.5302;41.8696;-1;2;Autovettura privata;Sosta;;;;;;;
5274689;9;09/02/2021 14:10:00;Strada Urbana;LARGO DEI COLLI ALBANI;in prossimit�;;del civico n.;28;;Veicolo in marcia contro veicoli in sosta;Rettilineo;Una carreggiata a senso unico di marcia;Bagnato (pioggia);Asfaltata;Verticale ed orizzontale;Nuvoloso;Normale;Buona;;0;0;0;0;12.5302;41.8696;-1;3;Autovettura privata;Sosta;;;;;;;
5274730;20;09/02/2021 08:30:00;Strada Urbana;VIALE DEL FORO ITALICO;da specificare;;;;ALT. SVINCOLO TOR DI QUINTO DIR. GALLERIA G. XXIII;Tamponamento;Rettilineo;Due carreggiate;Asciutto;Asfaltata;Verticale ed orizzontale;Nuvoloso;Intenso;Buona;;0;0;0;3;12.481;41.9404;-1;1;Autovettura privata;In marcia / fermata / arresto;Conducente;M;Illeso;0;;Non accertato;Inesploso
5274730;20;09/02/2021 08:30:00;Strada Urbana;VIALE DEL FORO ITALICO;da specificare;;;;ALT. SVINCOLO TOR DI QUINTO DIR. GALLERIA G. XXIII;Tamponamento;Rettilineo;Due carreggiate;Asciutto;Asfaltata;Verticale ed orizzontale;Nuvoloso;Intenso;Buona;;0;0;0;3;12.481;41.9404;-1;1;Autovettura privata;In marcia / fermata / arresto;Passeggero;M;Illeso;0;;Non accertato;Inesploso
5274730;20;09/02/2021 08:30:00;Strada Urbana;VIALE DEL FORO ITALICO;da specificare;;;;ALT. SVINCOLO TOR DI QUINTO DIR. GALLERIA G. XXIII;Tamponamento;Rettilineo;Due carreggiate;Asciutto;Asfaltata;Verticale ed orizzontale;Nuvoloso;Intenso;Buona;;0;0;0;3;12.481;41.9404;-1;2;Autovettura privata;In marcia / fermata / arresto;Conducente;M;Illeso;0;;;
5274752;18;09/02/2021 20:30:00;Strada Urbana;VIA BALDO DEGLI UBALDI;all'intersezione semaforizzata con;PIAZZA IRNERIO;PIAZZA IRNERIO;;;Investimento di pedone;Intersezione semaforizzata;Due carreggiate;Asciutto;Asfaltata;Verticale ed orizzontale;Sereno;Normale;Buona;;1;0;0;2;12.4363;41.8999;-1;;;;Pedone;F;Rimandato;0;NON DECEDUTO;;
5274752;18;09/02/2021 20:30:00;Strada Urbana;VIA BALDO DEGLI UBALDI;all'intersezione semaforizzata con;PIAZZA IRNERIO;PIAZZA IRNERIO;;;Investimento di pedone;Intersezione semaforizzata;Due carreggiate;Asciutto;Asfaltata;Verticale ed orizzontale;Sereno;Normale;Buona;;1;0;0;2;12.4363;41.8999;-1;1;Autovettura privata;In marcia / fermata / arresto;Conducente;M;Illeso;0;;;
5274752;18;09/02/2021 20:30:00;Strada Urbana;VIA BALDO DEGLI UBALDI;all'intersezione semaforizzata con;PIAZZA IRNERIO;PIAZZA IRNERIO;;;Investimento di pedone;Intersezione semaforizzata;Due carreggiate;Asciutto;Asfaltata;Verticale ed orizzontale;Sereno;Normale;Buona;;1;0;0;2;12.4363;41.8999;-1;1;Autovettura privata;In marcia / fermata / arresto;Passeggero;F;Illeso;0;;;
5274753;11;09/02/2021 14:50:00;Strada Urbana;VIA DELLE SETTE CHIESE;all'intersezione semaforizzata con;VIA LEON PANCALDO;VIA LEON PANCALDO;;;Scontro frontale/laterale SX fra veicoli in marcia;Intersezione semaforizzata;Due carreggiate;Bagnato (pioggia);Asfaltata;Verticale ed orizzontale;Nebbia;Normale;Buona;;0;0;0;2;12.5006;41.8597;-1;1;Autovettura privata;In marcia / fermata / arresto;Conducente;F;Illeso;0;;;
5274753;11;09/02/2021 14:50:00;Strada Urbana;VIA DELLE SETTE CHIESE;all'intersezione semaforizzata con;VIA LEON PANCALDO;VIA LEON PANCALDO;;;Scontro frontale/laterale SX fra veicoli in marcia;Intersezione semaforizzata;Due carreggiate;Bagnato (pioggia);Asfaltata;Verticale ed orizzontale;Nebbia;Normale;Buona;;0;0;0;2;12.5006;41.8597;-1;2;Autovettura privata;In marcia / fermata / arresto;Conducente;F;Illeso;0;;;
5274755;9;09/02/2021 13:00:00;Strada Urbana;VIA TUSCOLANA;in corrispondenza;;del civico n.;608;;Veicolo in marcia contro veicoli in sosta;Rettilineo;Due carreggiate;Bagnato (pioggia);Asfaltata;Verticale ed orizzontale;Nuvoloso;Normale;Buona;;0;0;0;0;12.5382;41.8686;-1;1;Autovettura privata;In marcia / fermata / arresto;;;;;;;
5274755;9;09/02/2021 13:00:00;Strada Urbana;VIA TUSCOLANA;in corrispondenza;;del civico n.;608;;Veicolo in marcia contro veicoli in sosta;Rettilineo;Due carreggiate;Bagnato (pioggia);Asfaltata;Verticale ed orizzontale;Nuvoloso;Normale;Buona;;0;0;0;0;12.5382;41.8686;-1;2;Autovettura privata;Sosta;;;;;;;
5274755;9;09/02/2021 13:00:00;Strada Urbana;VIA TUSCOLANA;in corrispondenza;;del civico n.;608;;Veicolo in marcia contro veicoli in sosta;Rettilineo;Due carreggiate;Bagnato (pioggia);Asfaltata;Verticale ed orizzontale;Nuvoloso;Normale;Buona;;0;0;0;0;12.5382;41.8686;-1;3;Autovettura privata;Sosta;;;;;;;
5274773;20;09/02/2021 17:30:00;Strada Urbana;VIA ANTONIO LABRANCA;da specificare;;;;pross. via Cassia.;Veicolo in marcia contro veicolo in sosta;Curva a visuale libera;Una carreggiata a doppio senso;Bagnato (pioggia);Asfaltata;Verticale;Nuvoloso;Normale;Sufficiente;;0;0;0;1;12.401;41.9886;-1;1;Autovettura privata;In marcia / fermata / arresto;Conducente;M;Illeso;0;;;
5274773;20;09/02/2021 17:30:00;Strada Urbana;VIA ANTONIO LABRANCA;da specificare;;;;pross. via Cassia.;Veicolo in marcia contro veicolo in sosta;Curva a visuale libera;Una carreggiata a doppio senso;Bagnato (pioggia);Asfaltata;Verticale;Nuvoloso;Normale;Sufficiente;;0;0;0;1;12.401;41.9886;-1;2;Veicolo speciale;Sosta;;;;;;;
5274774;11;09/02/2021 09:30:00;Strada Urbana;VIA GIOVANNI DA EMPOLI;da specificare;;;;fronte palo Acea 14;Veicolo in marcia contro ostacolo accidentale;Rettilineo;Una carreggiata a senso unico di marcia;Asciutto;Asfaltata;Verticale ed orizzontale;Sereno;Intenso;Buona;;0;0;0;2;12.4783;41.8734;-1;1;Autocarro inferiore 35 q.;In marcia / fermata / arresto;Conducente;M;Illeso;0;;;
5274774;11;09/02/2021 09:30:00;Strada Urbana;VIA GIOVANNI DA EMPOLI;da specificare;;;;fronte palo Acea 14;Veicolo in marcia contro ostacolo accidentale;Rettilineo;Una carreggiata a senso unico di marcia;Asciutto;Asfaltata;Verticale ed orizzontale;Sereno;Intenso;Buona;;0;0;0;2;12.4783;41.8734;-1;1;Autocarro inferiore 35 q.;In marcia / fermata / arresto;Passeggero;M;Illeso;0;;;
5274775;20;09/02/2021 13:00:00;Strada Urbana;CORSO DI FRANCIA;da specificare;;;; Via Nicaragua (rampa Via del F. Italico) ;Investimento di pedone;Rettilineo;Due carreggiate;Asciutto;Asfaltata;Verticale ed orizzontale;Nuvoloso;Normale;Buona;;1;0;0;1;12.4717;41.9367;-1;;;;Pedone;M;Rimandato;0;NON DECEDUTO;;
5274775;20;09/02/2021 13:00:00;Strada Urbana;CORSO DI FRANCIA;da specificare;;;; Via Nicaragua (rampa Via del F. Italico) ;Investimento di pedone;Rettilineo;Due carreggiate;Asciutto;Asfaltata;Verticale ed orizzontale;Nuvoloso;Normale;Buona;;1;0;0;1;12.4717;41.9367;-1;1;Autovettura privata;In marcia / fermata / arresto;Conducente;M;Illeso;0;;;
5274776;10;09/02/2021 14:20:00;Strada Urbana;VIA STEFANO OBERTO;all'intersezione con;VIALE BRUNO RIZZIERI;VIALE BRUNO RIZZIERI;;;Scontro frontale/laterale DX fra veicoli in marcia;Rotatoria;Una carreggiata a doppio senso;Bagnato (umidit� in atto);Asfaltata;Verticale ed orizzontale;Nuvoloso;Normale;Buona;;0;0;0;2;12.5861;41.8521;-1;1;Autobus di linea;In marcia / fermata / arresto;Conducente;M;Illeso;0;;Non accertato;Inesploso
5274776;10;09/02/2021 14:20:00;Strada Urbana;VIA STEFANO OBERTO;all'intersezione con;VIALE BRUNO RIZZIERI;VIALE BRUNO RIZZIERI;;;Scontro frontale/laterale DX fra veicoli in marcia;Rotatoria;Una carreggiata a doppio senso;Bagnato (umidit� in atto);Asfaltata;Verticale ed orizzontale;Nuvoloso;Normale;Buona;;0;0;0;2;12.5861;41.8521;-1;2;Velocipede;In marcia / fermata / arresto;Conducente;M;Illeso;0;;Esente;
5274778;17;09/02/2021 11:15:00;Strada Urbana;VIA CIPRO;in prossimit�;;del civico n.;3;;Scontro laterale fra veicoli in marcia;Rettilineo;Due carreggiate;Asciutto;Asfaltata;Verticale ed orizzontale;Sereno;Normale;Buona;;0;0;0;3;12.4485;41.9085;-1;1;Autovettura privata;In marcia / fermata / arresto;Conducente;F;Illeso;0;;;
5274778;17;09/02/2021 11:15:00;Strada Urbana;VIA CIPRO;in prossimit�;;del civico n.;3;;Scontro laterale fra veicoli in marcia;Rettilineo;Due carreggiate;Asciutto;Asfaltata;Verticale ed orizzontale;Sereno;Normale;Buona;;0;0;0;3;12.4485;41.9085;-1;1;Autovettura privata;In marcia / fermata / arresto;Passeggero;F;Illeso;0;;;
5274778;17;09/02/2021 11:15:00;Strada Urbana;VIA CIPRO;in prossimit�;;del civico n.;3;;Scontro laterale fra veicoli in marcia;Rettilineo;Due carreggiate;Asciutto;Asfaltata;Verticale ed orizzontale;Sereno;Normale;Buona;;0;0;0;3;12.4485;41.9085;-1;2;Autovettura privata;In marcia / fermata / arresto;Conducente;M;Illeso;0;;;
5274780;15;09/02/2021 20:40:00;Strada Urbana;LUNGOTEVERE DEGLI INVENTORI;in corrispondenza;;del civico n.;50;;Veicolo in marcia contro veicoli in sosta;Rettilineo;Una carreggiata a doppio senso;Asciutto;Asfaltata;Verticale ed orizzontale;Nuvoloso;Scarso;Buona;;0;0;0;1;12.4674;41.8613;-1;1;Autovettura privata;In marcia / fermata / arresto;Conducente;M;Illeso;0;;Non accertato;Inesploso
5274780;15;09/02/2021 20:40:00;Strada Urbana;LUNGOTEVERE DEGLI INVENTORI;in corrispondenza;;del civico n.;50;;Veicolo in marcia contro veicoli in sosta;Rettilineo;Una carreggiata a doppio senso;Asciutto;Asfaltata;Verticale ed orizzontale;Nuvoloso;Scarso;Buona;;0;0;0;1;12.4674;41.8613;-1;2;Autovettura privata;Sosta;;;;;;;
5274780;15;09/02/2021 20:40:00;Strada Urbana;LUNGOTEVERE DEGLI INVENTORI;in corrispondenza;;del civico n.;50;;Veicolo in marcia contro veicoli in sosta;Rettilineo;Una carreggiata a doppio senso;Asciutto;Asfaltata;Verticale ed orizzontale;Nuvoloso;Scarso;Buona;;0;0;0;1;12.4674;41.8613;-1;3;Autovettura privata;Sosta;;;;;;;
5274797;9;09/02/2021 15:00:00;Strada Urbana;VIA APPIA NUOVA;da specificare;;;;fronte civico 298;Scontro frontale/laterale SX fra veicoli in marcia;Rettilineo;Due carreggiate;Bagnato (pioggia);Asfaltata;Verticale ed orizzontale;Nuvoloso;Normale;Buona;;1;0;0;1;12.5178;41.8785;-1;1;Autovettura privata;In marcia / fermata / arresto;Conducente;F;Illeso;0;;Non accertato;Inesploso
5274797;9;09/02/2021 15:00:00;Strada Urbana;VIA APPIA NUOVA;da specificare;;;;fronte civico 298;Scontro frontale/laterale SX fra veicoli in marcia;Rettilineo;Due carreggiate;Bagnato (pioggia);Asfaltata;Verticale ed orizzontale;Nuvoloso;Normale;Buona;;1;0;0;1;12.5178;41.8785;-1;2;Motociclo a solo;In marcia / fermata / arresto;Conducente;M;Rimandato;0;NON DECEDUTO;Non accertato;