Protocollo;Gruppo;DataOraIncidente;Localizzazione1;STRADA1;Localizzazione2;STRADA2;Strada02;Chilometrica;DaSpecificare;NaturaIncidente;particolaritastrade;TipoStrada;FondoStradale;Pavimentazione;Segnaletica;CondizioneAtmosferica;Traffico;Visibilita;Illuminazione;NUM_FERITI;NUM_RISERVATA;NUM_MORTI;NUM_ILLESI;Longitudine;Latitudine;Confermato;Progressivo;TipoVeicolo;StatoVeicolo;TipoPersona;Sesso;Tipolesione;Deceduto;DecedutoDopo;CinturaCascoUtilizzato;Airbag;
5274798;20;10/02/2021 01:30:00;Regionale;VIA FLAMINIA;da specificare;;;;km 16.400;Veicolo in marcia contro ostacolo accidentale;Rettilineo;Una carreggiata a doppio senso;Asciutto;Asfaltata;Verticale ed orizzontale;Nuvoloso;Scarso;Sufficiente;;0;0;0;1;12.4856;42.0657;-1;1;Autovettura privata;In marcia / fermata / arresto;Conducente;M;Illeso;0;;Non accertato;
5274799;11;09/02/2021 19:20:00;Strada Urbana;LARGO MAESTRI DEL LAVORO;all'intersezione con;VIALE GUGLIELMO MARCONI;VIALE GUGLIELMO MARCONI;;;Scontro laterale fra veicoli in marcia;Incrocio;Due carreggiate;Asciutto;Asfaltata;Verticale ed orizzontale;Sereno;Normale;Buona;;0;0;0;3;12.4745;41.8494;-1;1;Autovettura privata;In marcia / fermata / arresto;Conducente;F;Illeso;0;;Non accertato;
5274799;11;09/02/2021 19:20:00;Strada Urbana;LARGO MAESTRI DEL LAVORO;all'intersezione con;VIALE GUGLIELMO MARCONI;VIALE GUGLIELMO MARCONI;;;Scontro laterale fra veicoli in marcia;Incrocio;Due carreggiate;Asciutto;Asfaltata;Verticale ed orizzontale;Sereno;Normale;Buona;;0;0;0;3;12.4745;41.8494;-1;2;Autovettura privata;In marcia / fermata / arresto;Conducente;M;Illeso;0;;Non accertato;
5274799;11;09/02/2021 19:20:00;Strada Urbana;LARGO MAESTRI DEL LAVORO;all'intersezione con;VIALE GUGLIELMO MARCONI;VIALE GUGLIELMO MARCONI;;;Scontro laterale fra veicoli in marcia;Incrocio;Due carreggiate;Asciutto;Asfaltata;Verticale ed orizzontale;Sereno;Normale;Buona;;0;0;0;3;12.4745;41.8494;-1;2;Autovettura privata;In marcia / fermata / arresto;Passeggero;M;Illeso;0;;Non accertato;
5274800;20;09/02/2021 14:05:00;Statale;VIA BRACCIANENSE;da specificare;;;;PROSS. VIA V. FILIPPONE DIR. BRACCIANO;Tamponamento;Rettilineo;Una carreggiata a doppio senso;Bagnato (pioggia);Asfaltata;Verticale;Pioggia in atto;Normale;Buona;;1;0;0;3;12.3653;42.0132;-1;1;Autovettura privata;In marcia / fermata / arresto;Conducente;M;Illeso;0;;Non accertato;
5274800;20;09/02/2021 14:05:00;Statale;VIA BRACCIANENSE;da specificare;;;;PROSS. VIA V. FILIPPONE DIR. BRACCIANO;Tamponamento;Rettilineo;Una carreggiata a doppio senso;Bagnato (pioggia);Asfaltata;Verticale;Pioggia in atto;Normale;Buona;;1;0;0;3;12.3653;42.0132;-1;1;Autovettura privata;In marcia / fermata / arresto;Passeggero;M;Illeso;0;;Non accertato;
5274800;20;09/02/2021 14:05:00;Statale;VIA BRACCIANENSE;da specificare;;;;PROSS. VIA V. FILIPPONE DIR. BRACCIANO;Tamponamento;Rettilineo;Una carreggiata a doppio senso;Bagnato (pioggia);Asfaltata;Verticale;Pioggia in atto;Normale;Buona;;1;0;0;3;12.3653;42.0132;-1;2;Motociclo con passeggero;In marcia / fermata / arresto;Conducente;M;Ricoverato;0;NON DECEDUTO;Non accertato;
5274800;20;09/02/2021 14:05:00;Statale;VIA BRACCIANENSE;da specificare;;;;PROSS. VIA V. FILIPPONE DIR. BRACCIANO;Tamponamento;Rettilineo;Una carreggiata a doppio senso;Bagnato (pioggia);Asfaltata;Verticale;Pioggia in atto;Normale;Buona;;1;0;0;3;12.3653;42.0132;-1;2;Motociclo con passeggero;In marcia / fermata / arresto;Passeggero;M;Illeso;0;;Non accertato;
5274805;4;09/02/2021 09:20:00;Strada Urbana;VIA CAVRIGLIA;da specificare;;;;in prossimit� di Via dei Prati Fiscali;Scontro laterale fra veicoli in marcia;Curva a visuale libera;Una carreggiata a doppio senso;Bagnato (pioggia);Asfaltata;Orizzontale;Nuvoloso;Normale;Buona;;0;0;0;2;12.5155;41.9476;-1;1;Autovettura privata;In marcia / fermata / arresto;Conducente;M;Illeso;0;;Non accertato;Inesploso
5274805;4;09/02/2021 09:20:00;Strada Urbana;VIA CAVRIGLIA;da specificare;;;;in prossimit� di Via dei Prati Fiscali;Scontro laterale fra veicoli in marcia;Curva a visuale libera;Una carreggiata a doppio senso;Bagnato (pioggia);Asfaltata;Orizzontale;Nuvoloso;Normale;Buona;;0;0;0;2;12.5155;41.9476;-1;2;Autovettura privata;In marcia / fermata / arresto;Conducente;M;Illeso;0;;;
5274826;9;09/02/2021 19:10:00;Strada Urbana;VIA MARIO MENGHINI;all'intersezione con;VIA FRANCESCO LEMMI;VIA FRANCESCO LEMMI;;;Scontro frontale/laterale SX fra veicoli in marcia;Intersezione stradale segnalata;Una carreggiata a doppio senso;Asciutto;Asfaltata;Verticale ed orizzontale;Sereno;Normale;Buona;;0;0;0;3;12.527;41.8683;-1;1;Autovettura privata;In marcia / fermata / arresto;Conducente;F;Illeso;0;;Non accertato;Inesploso
5274826;9;09/02/2021 19:10:00;Strada Urbana;VIA MARIO MENGHINI;all'intersezione con;VIA FRANCESCO LEMMI;VIA FRANCESCO LEMMI;;;Scontro frontale/laterale SX fra veicoli in marcia;Intersezione stradale segnalata;Una carreggiata a doppio senso;Asciutto;Asfaltata;Verticale ed orizzontale;Sereno;Normale;Buona;;0;0;0;3;12.527;41.8683;-1;1;Autovettura privata;In marcia / fermata / arresto;Passeggero;F;Illeso;0;;Non accertato;Inesploso
5274826;9;09/02/2021 19:10:00;Strada Urbana;VIA MARIO MENGHINI;all'intersezione con;VIA FRANCESCO LEMMI;VIA FRANCESCO LEMMI;;;Scontro frontale/laterale SX fra veicoli in marcia;Intersezione stradale segnalata;Una carreggiata a doppio senso;Asciutto;Asfaltata;Verticale ed orizzontale;Sereno;Normale;Buona;;0;0;0;3;12.527;41.8683;-1;2;Motociclo a solo;In marcia / fermata / arresto;Conducente;M;Illeso;0;;Non accertato;
5274832;13;09/02/2021 10:30:00;;VIA DI CASTEL FUSANO;in prossimit�;;del civico n.;52;;Fuoriuscita dalla sede stradale;;;;;;;;;;0;0;0;1;12.3087;41.7525;0;1;Autovettura privata;In marcia / fermata / arresto;Conducente;M;Illeso;0;;Non accertato;Inesploso
5274839;4;09/02/2021 10:35:00;Strada Urbana;VIA DARIO NICCODEMI;in prossimit�;;del civico n.;12;;Veicolo in marcia contro veicolo arresto;Rettilineo;Una carreggiata a doppio senso;Bagnato (pioggia);Asfaltata;Verticale ed orizzontale;Nuvoloso;Normale;Buona;;0;0;0;3;12.5477;41.9521;-1;1;Autovettura privata;In marcia / fermata / arresto;Conducente;M;Illeso;0;;;
5274839;4;09/02/2021 10:35:00;Strada Urbana;VIA DARIO NICCODEMI;in prossimit�;;del civico n.;12;;Veicolo in marcia contro veicolo arresto;Rettilineo;Una carreggiata a doppio senso;Bagnato (pioggia);Asfaltata;Verticale ed orizzontale;Nuvoloso;Normale;Buona;;0;0;0;3;12.5477;41.9521;-1;1;Autovettura privata;In marcia / fermata / arresto;Passeggero;F;Illeso;0;;;
5274839;4;09/02/2021 10:35:00;Strada Urbana;VIA DARIO NICCODEMI;in prossimit�;;del civico n.;12;;Veicolo in marcia contro veicolo arresto;Rettilineo;Una carreggiata a doppio senso;Bagnato (pioggia);Asfaltata;Verticale ed orizzontale;Nuvoloso;Normale;Buona;;0;0;0;3;12.5477;41.9521;-1;2;Autovettura privata;In marcia / fermata / arresto;Conducente;F;Illeso;0;;;
5274842;12;09/02/2021 15:10:00;Statale;VIA DEL MARE;in prossimit�;;della chilometrica;7.6;;Tamponamento;Rettilineo;Una carreggiata a doppio senso;Bagnato (pioggia);Asfaltata;Verticale ed orizzontale;Nuvoloso;Normale;Buona;;2;0;0;0;12.414;41.7979;-1;1;Autovettura privata;In marcia / fermata / arresto;Conducente;F;Rimandato;0;NON DECEDUTO;;
5274842;12;09/02/2021 15:10:00;Statale;VIA DEL MARE;in prossimit�;;della chilometrica;7.6;;Tamponamento;Rettilineo;Una carreggiata a doppio senso;Bagnato (pioggia);Asfaltata;Verticale ed orizzontale;Nuvoloso;Normale;Buona;;2;0;0;0;12.414;41.7979;-1;2;Autovettura privata;In marcia / fermata / arresto;Conducente;M;Rimandato;0;NON DECEDUTO;;
5274846;7;09/02/2021 15:15:00;Strada Urbana;VIA CASILINA;in corrispondenza;;del palo luce n.;293;;Tamponamento Multiplo;Rettilineo;Due carreggiate;Bagnato (pioggia);Asfaltata;Verticale ed orizzontale;Nuvoloso;Normale;Buona;;0;0;0;6;12.6212;41.8626;-1;1;Autovettura privata;In marcia / fermata / arresto;Conducente;F;Illeso;0;;;
5274846;7;09/02/2021 15:15:00;Strada Urbana;VIA CASILINA;in corrispondenza;;del palo luce n.;293;;Tamponamento Multiplo;Rettilineo;Due carreggiate;Bagnato (pioggia);Asfaltata;Verticale ed orizzontale;Nuvoloso;Normale;Buona;;0;0;0;6;12.6212;41.8626;-1;2;Autovettura privata;In marcia / fermata / arresto;Conducente;M;Illeso;0;;;
5274846;7;09/02/2021 15:15:00;Strada Urbana;VIA CASILINA;in corrispondenza;;del palo luce n.;293;;Tamponamento Multiplo;Rettilineo;Due carreggiate;Bagnato (pioggia);Asfaltata;Verticale ed orizzontale;Nuvoloso;Normale;Buona;;0;0;0;6;12.6212;41.8626;-1;3;Autovettura privata;In marcia / fermata / arresto;Conducente;M;Illeso;0;;;
5274846;7;09/02/2021 15:15:00;Strada Urbana;VIA CASILINA;in corrispondenza;;del palo luce n.;293;;Tamponamento Multiplo;Rettilineo;Due carreggiate;Bagnato (pioggia);Asfaltata;Verticale ed orizzontale;Nuvoloso;Normale;Buona;;0;0;0;6;12.6212;41.8626;-1;3;Autovettura privata;In marcia / fermata / arresto;Passeggero;F;Illeso;0;;;
5274846;7;09/02/2021 15:15:00;Strada Urbana;VIA CASILINA;in corrispondenza;;del palo luce n.;293;;Tamponamento Multiplo;Rettilineo;Due carreggiate;Bagnato (pioggia);Asfaltata;Verticale ed orizzontale;Nuvoloso;Normale;Buona;;0;0;0;6;12.6212;41.8626;-1;4;Autocarro inferiore 35 q.;In marcia / fermata / arresto;Conducente;M;Illeso;0;;;
5274846;7;09/02/2021 15:15:00;Strada Urbana;VIA CASILINA;in corrispondenza;;del palo luce n.;293;;Tamponamento Multiplo;Rettilineo;Due carreggiate;Bagnato (pioggia);Asfaltata;Verticale ed orizzontale;Nuvoloso;Normale;Buona;;0;0;0;6;12.6212;41.8626;-1;4;Autocarro inferiore 35 q.;In marcia / fermata / arresto;Passeggero;M;Illeso;0;;;
5274850;1;09/02/2021 19:40:00;Strada Urbana;PIAZZALE NUMA POMPILIO;all'intersezione semaforizzata con;VIALE DELLE TERME DI CARACALLA;VIALE DELLE TERME DI CARACALLA;;;Scontro frontale/laterale SX fra veicoli in marcia;Intersezione semaforizzata;Pi� di due carreggiate;Asciutto;Asfaltata;Verticale ed orizzontale;Sereno;Normale;Buona;;0;0;0;3;12.496;41.8799;-1;1;Autovettura privata;In marcia / fermata / arresto;Conducente;M;Illeso;0;;Non accertato;Inesploso
5274850;1;09/02/2021 19:40:00;Strada Urbana;PIAZZALE NUMA POMPILIO;all'intersezione semaforizzata con;VIALE DELLE TERME DI CARACALLA;VIALE DELLE TERME DI CARACALLA;;;Scontro frontale/laterale SX fra veicoli in marcia;Intersezione semaforizzata;Pi� di due carreggiate;Asciutto;Asfaltata;Verticale ed orizzontale;Sereno;Normale;Buona;;0;0;0;3;12.496;41.8799;-1;2;Autovettura privata;In marcia / fermata / arresto;Conducente;F;Illeso;0;;Non accertato;Inesploso
5274850;1;09/02/2021 19:40:00;Strada Urbana;PIAZZALE NUMA POMPILIO;all'intersezione semaforizzata con;VIALE DELLE TERME DI CARACALLA;VIALE DELLE TERME DI CARACALLA;;;Scontro frontale/laterale SX fra veicoli in marcia;Intersezione semaforizzata;Pi� di due carreggiate;Asciutto;Asfaltata;Verticale ed orizzontale;Sereno;Normale;Buona;;0;0;0;3;12.496;41.8799;-1;2;Autovettura privata;In marcia / fermata / arresto;Passeggero;M;Illeso;0;;Non accertato;Inesploso
5274851;4;09/02/2021 17:00:00;Strada Urbana;VIALE GINO CERVI;in prossimit�;;del civico n.;4;;Scontro laterale fra veicoli in marcia;Rettilineo;Due carreggiate;Bagnato (umidit� in atto);Asfaltata;Verticale ed orizzontale;Nuvoloso;Normale;Buona;;0;0;0;3;12.5343;41.963;-1;1;Autovettura privata;In marcia / fermata / arresto;Conducente;F;Illeso;0;;Non accertato;Inesploso
5274851;4;09/02/2021 17:00:00;Strada Urbana;VIALE GINO CERVI;in prossimit�;;del civico n.;4;;Scontro laterale fra veicoli in marcia;Rettilineo;Due carreggiate;Bagnato (umidit� in atto);Asfaltata;Verticale ed orizzontale;Nuvoloso;Normale;Buona;;0;0;0;3;12.5343;41.963;-1;1;Autovettura privata;In marcia / fermata / arresto;Passeggero;M;Illeso;0;;Non accertato;Inesploso
5274851;4;09/02/2021 17:00:00;Strada Urbana;VIALE GINO CERVI;in prossimit�;;del civico n.;4;;Scontro laterale fra veicoli in marcia;Rettilineo;Due carreggiate;Bagnato (umidit� in atto);Asfaltata;Verticale ed orizzontale;Nuvoloso;Normale;Buona;;0;0;0;3;12.5343;41.963;-1;2;Autocarro inferiore 35 q.;In marcia / fermata / arresto;Conducente;M;Illeso;0;;Non accertato;Inesploso
5274856;13;09/02/2021 12:00:00;Strada Urbana;VIALE DI CASTEL PORZIANO;all'intersezione con;VIA BEDOLLO;VIA BEDOLLO;;;Scontro frontale/laterale DX fra veicoli in marcia;Rotatoria;Una carreggiata a senso unico di marcia;Asciutto;Asfaltata;Verticale ed orizzontale;Sereno;Normale;Buona;;0;0;0;3;12.3491;41.7308;-1;1;Autovettura privata;In marcia / fermata / arresto;Conducente;M;Illeso;0;;Non accertato;
5274856;13;09/02/2021 12:00:00;Strada Urbana;VIALE DI CASTEL PORZIANO;all'intersezione con;VIA BEDOLLO;VIA BEDOLLO;;;Scontro frontale/laterale DX fra veicoli in marcia;Rotatoria;Una carreggiata a senso unico di marcia;Asciutto;Asfaltata;Verticale ed orizzontale;Sereno;Normale;Buona;;0;0;0;3;12.3491;41.7308;-1;2;Autovettura privata;In marcia / fermata / arresto;Conducente;M;Illeso;0;;Non accertato;
5274856;13;09/02/2021 12:00:00;Strada Urbana;VIALE DI CASTEL PORZIANO;all'intersezione con;VIA BEDOLLO;VIA BEDOLLO;;;Scontro frontale/laterale DX fra veicoli in marcia;Rotatoria;Una carreggiata a senso unico di marcia;Asciutto;Asfaltata;Verticale ed orizzontale;Sereno;Normale;Buona;;0;0;0;3;12.3491;41.7308;-1;2;Autovettura privata;In marcia / fermata / arresto;Passeggero;F;Illeso;0;;Non accertato;
5274857;18;10/02/2021 07:45:00;Strada Urbana;CIRCONVALLAZIONE AURELIA;all'intersezione semaforizzata con;PIAZZA DI VILLA CARPEGNA;PIAZZA DI VILLA CARPEGNA;;;Scontro laterale fra veicoli in marcia;Intersezione semaforizzata;Due carreggiate;Bagnato (pioggia);Asfaltata;Verticale ed orizzontale;Nuvoloso;Normale;Buona;;0;0;0;5;12.4283;41.897;-1;1;Autovettura privata;In marcia / fermata / arresto;Conducente;M;Illeso;0;;Non accertato;Inesploso
5274857;18;10/02/2021 07:45:00;Strada Urbana;CIRCONVALLAZIONE AURELIA;all'intersezione semaforizzata con;PIAZZA DI VILLA CARPEGNA;PIAZZA DI VILLA CARPEGNA;;;Scontro laterale fra veicoli in marcia;Intersezione semaforizzata;Due carreggiate;Bagnato (pioggia);Asfaltata;Verticale ed orizzontale;Nuvoloso;Normale;Buona;;0;0;0;5;12.4283;41.897;-1;1;Autovettura privata;In marcia / fermata / arresto;Passeggero;F;Illeso;0;;Non accertato;
5274857;18;10/02/2021 07:45:00;Strada Urbana;CIRCONVALLAZIONE AURELIA;all'intersezione semaforizzata con;PIAZZA DI VILLA CARPEGNA;PIAZZA DI VILLA CARPEGNA;;;Scontro laterale fra veicoli in marcia;Intersezione semaforizzata;Due carreggiate;Bagnato (pioggia);Asfaltata;Verticale ed orizzontale;Nuvoloso;Normale;Buona;;0;0;0;5;12.4283;41.897;-1;1;Autovettura privata;In marcia / fermata / arresto;Passeggero;F;Illeso;0;;;
5274857;18;10/02/2021 07:45:00;Strada Urbana;CIRCONVALLAZIONE AURELIA;all'intersezione semaforizzata con;PIAZZA DI VILLA CARPEGNA;PIAZZA DI VILLA CARPEGNA;;;Scontro laterale fra veicoli in marcia;Intersezione semaforizzata;Due carreggiate;Bagnato (pioggia);Asfaltata;Verticale ed orizzontale;Nuvoloso;Normale;Buona;;0;0;0;5;12.4283;41.897;-1;2;Motociclo a solo;In marcia / fermata / arresto;Conducente;M;Illeso;0;;Non accertato;
5274857;18;10/02/2021 07:45:00;Strada Urbana;CIRCONVALLAZIONE AURELIA;all'intersezione semaforizzata con;PIAZZA DI VILLA CARPEGNA;PIAZZA DI VILLA CARPEGNA;;;Scontro laterale fra veicoli in marcia;Intersezione semaforizzata;Due carreggiate;Bagnato (pioggia);Asfaltata;Verticale ed orizzontale;Nuvoloso;Normale;Buona;;0;0;0;5;12.4283;41.897;-1;3;Autovettura privata;In marcia / fermata / arresto;Conducente;M;Illeso;0;;Non accertato;Inesploso
5274861;6;09/02/2021 22:00:00;Strada Urbana;VIA COLLATINA;da specificare;;;;FRONTE VIA PIETRO SBARBARO;Veicolo in marcia contro veicoli in sosta;Rettilineo;Una carreggiata a doppio senso;Asciutto;Asfaltata;Verticale ed orizzontale;Sereno;Scarso;Sufficiente;;0;0;0;1;12.5628;41.897;-1;1;Autovettura privata;In marcia / fermata / arresto;Conducente;M;Illeso;0;;;
5274861;6;09/02/2021 22:00:00;Strada Urbana;VIA COLLATINA;da specificare;;;;FRONTE VIA PIETRO SBARBARO;Veicolo in marcia contro veicoli in sosta;Rettilineo;Una carreggiata a doppio senso;Asciutto;Asfaltata;Verticale ed orizzontale;Sereno;Scarso;Sufficiente;;0;0;0;1;12.5628;41.897;-1;2;Autovettura privata;Sosta;;;;;;;
5274861;6;09/02/2021 22:00:00;Strada Urbana;VIA COLLATINA;da specificare;;;;FRONTE VIA PIETRO SBARBARO;Veicolo in marcia contro veicoli in sosta;Rettilineo;Una carreggiata a doppio senso;Asciutto;Asfaltata;Verticale ed orizzontale;Sereno;Scarso;Sufficiente;;0;0;0;1;12.5628;41.897;-1;3;Autovettura privata;Sosta;;;;;;;
5274865;13;09/02/2021 16:00:00;Strada Urbana;VIA CAPO DELLE ARMI;da specificare;;;;FRONTE CIVICO 7;Veicolo in marcia contro veicolo in sosta;Rettilineo;Una carreggiata a senso unico di marcia;Asciutto;Asfaltata;Verticale ed orizzontale;Sereno;Normale;Buona;;0;0;0;2;12.2863;41.741;-1;1;Autovettura privata;Sosta;Passeggero;F;Illeso;0;;Non accertato;Inesploso
5274865;13;09/02/2021 16:00:00;Strada Urbana;VIA CAPO DELLE ARMI;da specificare;;;;FRONTE CIVICO 7;Veicolo in marcia contro veicolo in sosta;Rettilineo;Una carreggiata a senso unico di marcia;Asciutto;Asfaltata;Verticale ed orizzontale;Sereno;Normale;Buona;;0;0;0;2;12.2863;41.741;-1;2;Autocarro inferiore 35 q.;In marcia / fermata / arresto;Conducente;M;Illeso;0;;Non accertato;
5274874;1;09/02/2021 16:10:00;Strada Urbana;PIAZZA MATTEI;in prossimit�;;del civico n.;17;;Veicolo in marcia contro veicolo fermo;Rettilineo;Una carreggiata a senso unico di marcia;Asciutto;In cubetti di porfido;Verticale ed orizzontale;Nuvoloso;Normale;Buona;;1;0;0;2;12.4775;41.8939;-1;1;Motociclo a solo;In marcia / fermata / arresto;Conducente;M;Rimandato;0;NON DECEDUTO;Non accertato;
5274874;1;09/02/2021 16:10:00;Strada Urbana;PIAZZA MATTEI;in prossimit�;;del civico n.;17;;Veicolo in marcia contro veicolo fermo;Rettilineo;Una carreggiata a senso unico di marcia;Asciutto;In cubetti di porfido;Verticale ed orizzontale;Nuvoloso;Normale;Buona;;1;0;0;2;12.4775;41.8939;-1;2;Autovettura pubblica;In marcia / fermata / arresto;Conducente;M;Illeso;0;;Non accertato;Inesploso
5274874;1;09/02/2021 16:10:00;Strada Urbana;PIAZZA MATTEI;in prossimit�;;del civico n.;17;;Veicolo in marcia contro veicolo fermo;Rettilineo;Una carreggiata a senso unico di marcia;Asciutto;In cubetti di porfido;Verticale ed orizzontale;Nuvoloso;Normale;Buona;;1;0;0;2;12.4775;41.8939;-1;2;Autovettura pubblica;In marcia / fermata / arresto;Passeggero;M;Illeso;0;;Non accertato;Inesploso
5274881;13;09/02/2021 16:25:00;Strada Urbana;VIA DELLE TARTANE;all'intersezione con;Via della Stella Polare;Via della Stella Polare;;;Scontro laterale fra veicoli in marcia;Incrocio;Una carreggiata a doppio senso;Asciutto;Asfaltata;Verticale ed orizzontale;Nuvoloso;Normale;Buona;;0;0;0;5;12.2938;41.7253;-1;1;Autovettura privata;In marcia / fermata / arresto;Conducente;M;Illeso;0;;Non accertato;Inesploso
5274881;13;09/02/2021 16:25:00;Strada Urbana;VIA DELLE TARTANE;all'intersezione con;Via della Stella Polare;Via della Stella Polare;;;Scontro laterale fra veicoli in marcia;Incrocio;Una carreggiata a doppio senso;Asciutto;Asfaltata;Verticale ed orizzontale;Nuvoloso;Normale;Buona;;0;0;0;5;12.2938;41.7253;-1;1;Autovettura privata;In marcia / fermata / arresto;Passeggero;F;Illeso;0;;Non accertato;Inesploso
5274881;13;09/02/2021 16:25:00;Strada Urbana;VIA DELLE TARTANE;all'intersezione con;Via della Stella Polare;Via della Stella Polare;;;Scontro laterale fra veicoli in marcia;Incrocio;Una carreggiata a doppio senso;Asciutto;Asfaltata;Verticale ed orizzontale;Nuvoloso;Normale;Buona;;0;0;0;5;12.2938;41.7253;-1;2;Autovettura privata;In marcia / fermata / arresto;Conducente;M;Illeso;0;;Non accertato;Inesploso
5274881;13;09/02/2021 16:25:00;Strada Urbana;VIA DELLE TARTANE;all'intersezione con;Via della Stella Polare;Via della Stella Polare;;;Scontro laterale fra veicoli in marcia;Incrocio;Una carreggiata a doppio senso;Asciutto;Asfaltata;Verticale ed orizzontale;Nuvoloso;Normale;Buona;;0;0;0;5;12.2938;41.7253;-1;2;Autovettura privata;In marcia / fermata / arresto;Passeggero;F;Illeso;0;;Non accertato;Inesploso
5274881;13;09/02/2021 16:25:00;Strada Urbana;VIA DELLE TARTANE;all'intersezione con;Via della Stella Polare;Via della Stella Polare;;;Scontro laterale fra veicoli in marcia;Incrocio;Una carreggiata a doppio senso;Asciutto;Asfaltata;Verticale ed orizzontale;Nuvoloso;Normale;Buona;;0;0;0;5;12.2938;41.7253;-1;2;Autovettura privata;In marcia / fermata / arresto;Passeggero;M;Illeso;0;;;
5274900;5;09/02/2021 09:10:00;Strada Urbana;VIA TIBURTINA;da specificare;;;;fronte civico 1020;Tamponamento Multiplo;Rettilineo;Due carreggiate;Asciutto;Asfaltata;Verticale ed orizzontale;Nuvoloso;Intenso;Buona;;1;0;0;3;12.5792;41.9315;-1;1;Autovettura privata;In marcia / fermata / arresto;Conducente;M;Illeso;0;;Non accertato;
5274900;5;09/02/2021 09:10:00;Strada Urbana;VIA TIBURTINA;da specificare;;;;fronte civico 1020;Tamponamento Multiplo;Rettilineo;Due carreggiate;Asciutto;Asfaltata;Verticale ed orizzontale;Nuvoloso;Intenso;Buona;;1;0;0;3;12.5792;41.9315;-1;2;Autovettura privata;In marcia / fermata / arresto;Conducente;M;Illeso;0;;Non accertato;
5274900;5;09/02/2021 09:10:00;Strada Urbana;VIA TIBURTINA;da specificare;;;;fronte civico 1020;Tamponamento Multiplo;Rettilineo;Due carreggiate;Asciutto;Asfaltata;Verticale ed orizzontale;Nuvoloso;Intenso;Buona;;1;0;0;3;12.5792;41.9315;-1;3;Autovettura privata;In marcia / fermata / arresto;Conducente;F;Rimandato;0;NON DECEDUTO;Non accertato;
5274900;5;09/02/2021 09:10:00;Strada Urbana;VIA TIBURTINA;da specificare;;;;fronte civico 1020;Tamponamento Multiplo;Rettilineo;Due carreggiate;Asciutto;Asfaltata;Verticale ed orizzontale;Nuvoloso;Intenso;Buona;;1;0;0;3;12.5792;41.9315;-1;4;Autocarro inferiore 35 q.;In marcia / fermata / arresto;Conducente;M;Illeso;0;;Non accertato;
5274910;18;09/02/2021 11:20:00;Strada Urbana;VIA DOMENICO TARDINI;all'intersezione con;CIRCONVALLAZIONE CORNELIA;CIRCONVALLAZIONE CORNELIA;;;Scontro frontale/laterale DX fra veicoli in marcia;Intersezione stradale segnalata;Una carreggiata a senso unico di marcia;Bagnato (pioggia);Asfaltata;Verticale ed orizzontale;Nuvoloso;Normale;Buona;;0;0;0;3;12.4254;41.9045;-1;1;Autovettura privata;In marcia / fermata / arresto;Conducente;M;Illeso;0;;Non accertato;Inesploso
5274910;18;09/02/2021 11:20:00;Strada Urbana;VIA DOMENICO TARDINI;all'intersezione con;CIRCONVALLAZIONE CORNELIA;CIRCONVALLAZIONE CORNELIA;;;Scontro frontale/laterale DX fra veicoli in marcia;Intersezione stradale segnalata;Una carreggiata a senso unico di marcia;Bagnato (pioggia);Asfaltata;Verticale ed orizzontale;Nuvoloso;Normale;Buona;;0;0;0;3;12.4254;41.9045;-1;2;Autovettura privata;In marcia / fermata / arresto;Conducente;M;Illeso;0;;Non accertato;Inesploso
5274910;18;09/02/2021 11:20:00;Strada Urbana;VIA DOMENICO TARDINI;all'intersezione con;CIRCONVALLAZIONE CORNELIA;CIRCONVALLAZIONE CORNELIA;;;Scontro frontale/laterale DX fra veicoli in marcia;Intersezione stradale segnalata;Una carreggiata a senso unico di marcia;Bagnato (pioggia);Asfaltata;Verticale ed orizzontale;Nuvoloso;Normale;Buona;;0;0;0;3;12.4254;41.9045;-1;2;Autovettura privata;In marcia / fermata / arresto;Passeggero;F;Illeso;0;;Non accertato;Inesploso
5274942;5;09/02/2021 13:35:00;Strada Urbana;VIA DI GROTTA DI GREGNA;in prossimit�;;del civico n.;173;;Veicolo in marcia contro ostacolo accidentale;Rettilineo;Una carreggiata a senso unico alternato;Asciutto;Asfaltata;Verticale;Nuvoloso;Normale;Buona;;0;0;0;1;12.5658;41.9058;-1;1;Autovettura privata;In marcia / fermata / arresto;Conducente;F;Illeso;0;;Non accertato;
5274960;5;09/02/2021 15:00:00;Strada Urbana;VIA TIBURTINA;da specificare;;;;altezza VIA CARLO PESENTI;Scontro laterale fra veicoli in marcia;Rettilineo;Due carreggiate;Bagnato (pioggia);Asfaltata;Verticale ed orizzontale;Pioggia in atto;Intenso;Buona;;3;0;0;0;12.5999;41.9332;-1;1;Autovettura privata;In marcia / fermata / arresto;Conducente;F;Rimandato;0;NON DECEDUTO;Non accertato;
5274960;5;09/02/2021 15:00:00;Strada Urbana;VIA TIBURTINA;da specificare;;;;altezza VIA CARLO PESENTI;Scontro laterale fra veicoli in marcia;Rettilineo;Due carreggiate;Bagnato (pioggia);Asfaltata;Verticale ed orizzontale;Pioggia in atto;Intenso;Buona;;3;0;0;0;12.5999;41.9332;-1;2;Motociclo con passeggero;In marcia / fermata / arresto;Conducente;M;Rimandato;0;NON DECEDUTO;Non accertato;