Protocollo;Gruppo;DataOraIncidente;Localizzazione1;STRADA1;Localizzazione2;STRADA2;Strada02;Chilometrica;DaSpecificare;NaturaIncidente;particolaritastrade;TipoStrada;FondoStradale;Pavimentazione;Segnaletica;CondizioneAtmosferica;Traffico;Visibilita;Illuminazione;NUM_FERITI;NUM_RISERVATA;NUM_MORTI;NUM_ILLESI;Longitudine;Latitudine;Confermato;Progressivo;TipoVeicolo;StatoVeicolo;TipoPersona;Sesso;Tipolesione;Deceduto;DecedutoDopo;CinturaCascoUtilizzato;Airbag;
5278347;19;12/02/2021 15:20:00;Strada Urbana;VIA DELL'ACQUEDOTTO PAOLO;all'intersezione con;VIA ALSIETINA;VIA ALSIETINA;;;Tamponamento;Incrocio;Una carreggiata a doppio senso;Asciutto;Asfaltata;Assente;Nuvoloso;Scarso;Buona;;1;0;0;2;12.4242;41.9352;-1;1;Autovettura privata;In marcia / fermata / arresto;Conducente;M;Illeso;0;;Non accertato;Inesploso
5278347;19;12/02/2021 15:20:00;Strada Urbana;VIA DELL'ACQUEDOTTO PAOLO;all'intersezione con;VIA ALSIETINA;VIA ALSIETINA;;;Tamponamento;Incrocio;Una carreggiata a doppio senso;Asciutto;Asfaltata;Assente;Nuvoloso;Scarso;Buona;;1;0;0;2;12.4242;41.9352;-1;1;Autovettura privata;In marcia / fermata / arresto;Passeggero;M;Illeso;0;;Non accertato;Inesploso
5278347;19;12/02/2021 15:20:00;Strada Urbana;VIA DELL'ACQUEDOTTO PAOLO;all'intersezione con;VIA ALSIETINA;VIA ALSIETINA;;;Tamponamento;Incrocio;Una carreggiata a doppio senso;Asciutto;Asfaltata;Assente;Nuvoloso;Scarso;Buona;;1;0;0;2;12.4242;41.9352;-1;2;Velocipede;In marcia / fermata / arresto;Conducente;M;Rifiuta cure immediate;0;NON DECEDUTO;Esente;
5278365;7;11/02/2021 11:00:00;Strada Urbana;VIALE PALMIRO TOGLIATTI;all'intersezione con;VIA DEI PLATANI;VIA DEI PLATANI;;;Scontro laterale fra veicoli in marcia;Incrocio;Due carreggiate;Asciutto;Asfaltata;Verticale ed orizzontale;Sereno;Normale;Buona;;0;0;0;2;12.5729;41.8808;-1;1;Autovettura privata;In marcia / fermata / arresto;Conducente;F;Illeso;0;;;
5278365;7;11/02/2021 11:00:00;Strada Urbana;VIALE PALMIRO TOGLIATTI;all'intersezione con;VIA DEI PLATANI;VIA DEI PLATANI;;;Scontro laterale fra veicoli in marcia;Incrocio;Due carreggiate;Asciutto;Asfaltata;Verticale ed orizzontale;Sereno;Normale;Buona;;0;0;0;2;12.5729;41.8808;-1;2;Autobus di linea;In marcia / fermata / arresto;Conducente;M;Illeso;0;;;
5278367;6;11/02/2021 23:45:00;Strada Urbana;VIA TOR DE' SCHIAVI;all'intersezione semaforizzata con;LARGO FEDERICO DELPINO;LARGO FEDERICO DELPINO;;;Scontro frontale/laterale SX fra veicoli in marcia;Intersezione semaforizzata;Due carreggiate;Asciutto;Asfaltata;Verticale ed orizzontale;Sereno;Scarso;Sufficiente;;1;0;0;2;12.5607;41.8907;-1;1;Autovettura pubblica;In marcia / fermata / arresto;Conducente;M;Illeso;0;;;
5278367;6;11/02/2021 23:45:00;Strada Urbana;VIA TOR DE' SCHIAVI;all'intersezione semaforizzata con;LARGO FEDERICO DELPINO;LARGO FEDERICO DELPINO;;;Scontro frontale/laterale SX fra veicoli in marcia;Intersezione semaforizzata;Due carreggiate;Asciutto;Asfaltata;Verticale ed orizzontale;Sereno;Scarso;Sufficiente;;1;0;0;2;12.5607;41.8907;-1;2;Autovettura privata;In marcia / fermata / arresto;Conducente;F;Rifiuta cure immediate;0;NON DECEDUTO;;
5278367;6;11/02/2021 23:45:00;Strada Urbana;VIA TOR DE' SCHIAVI;all'intersezione semaforizzata con;LARGO FEDERICO DELPINO;LARGO FEDERICO DELPINO;;;Scontro frontale/laterale SX fra veicoli in marcia;Intersezione semaforizzata;Due carreggiate;Asciutto;Asfaltata;Verticale ed orizzontale;Sereno;Scarso;Sufficiente;;1;0;0;2;12.5607;41.8907;-1;2;Autovettura privata;In marcia / fermata / arresto;Passeggero;M;Illeso;0;;;
5278391;9;11/02/2021 21:02:00;Strada Urbana;PIAZZA EPIRO;da specificare;;;;FRONTE VIA MAURITANIA;Investimento di pedone;Rettilineo;Una carreggiata a senso unico di marcia;Asciutto;Asfaltata;Verticale ed orizzontale;Sereno;Scarso;Sufficiente;;0;0;1;1;12.5043;41.8784;0;;;;Pedone;M;Prognosi riservata;0;DECEDUTO DA 25 A 48 ORE DOPO;;
5278391;9;11/02/2021 21:02:00;Strada Urbana;PIAZZA EPIRO;da specificare;;;;FRONTE VIA MAURITANIA;Investimento di pedone;Rettilineo;Una carreggiata a senso unico di marcia;Asciutto;Asfaltata;Verticale ed orizzontale;Sereno;Scarso;Sufficiente;;0;0;1;1;12.5043;41.8784;0;1;Autovettura privata;In marcia / fermata / arresto;Conducente;M;Illeso;0;;Non accertato;
5278393;1;11/02/2021 19:15:00;Strada Urbana;PIAZZA DEI SERVILI;all'intersezione con;VIA DI PORTA LAVERNALE;VIA DI PORTA LAVERNALE;;;Veicolo in marcia contro ostacolo accidentale;Incrocio;Una carreggiata a doppio senso;Asciutto;Asfaltata;Verticale ed orizzontale;Sereno;Scarso;Buona;;0;0;0;1;12.4796;41.8798;0;1;Autovettura privata;In marcia / fermata / arresto;Conducente;M;Illeso;0;;Non accertato;Inesploso
5278394;10;11/02/2021 16:20:00;Strada Urbana;VIA DEL QUADRARO;in corrispondenza;;del civico n.;353;;Scontro laterale fra veicoli in marcia;Rettilineo;Una carreggiata a doppio senso;Asciutto;Asfaltata;Assente;Sereno;Normale;Buona;;0;0;0;5;12.55;41.8508;-1;1;Autovettura privata;In marcia / fermata / arresto;Conducente;M;Illeso;0;;Non accertato;Inesploso
5278394;10;11/02/2021 16:20:00;Strada Urbana;VIA DEL QUADRARO;in corrispondenza;;del civico n.;353;;Scontro laterale fra veicoli in marcia;Rettilineo;Una carreggiata a doppio senso;Asciutto;Asfaltata;Assente;Sereno;Normale;Buona;;0;0;0;5;12.55;41.8508;-1;1;Autovettura privata;In marcia / fermata / arresto;Passeggero;F;Illeso;0;;Non accertato;Inesploso
5278394;10;11/02/2021 16:20:00;Strada Urbana;VIA DEL QUADRARO;in corrispondenza;;del civico n.;353;;Scontro laterale fra veicoli in marcia;Rettilineo;Una carreggiata a doppio senso;Asciutto;Asfaltata;Assente;Sereno;Normale;Buona;;0;0;0;5;12.55;41.8508;-1;1;Autovettura privata;In marcia / fermata / arresto;Passeggero;M;Illeso;0;;Non accertato;Inesploso
5278394;10;11/02/2021 16:20:00;Strada Urbana;VIA DEL QUADRARO;in corrispondenza;;del civico n.;353;;Scontro laterale fra veicoli in marcia;Rettilineo;Una carreggiata a doppio senso;Asciutto;Asfaltata;Assente;Sereno;Normale;Buona;;0;0;0;5;12.55;41.8508;-1;1;Autovettura privata;In marcia / fermata / arresto;Passeggero;F;Illeso;0;;Non accertato;Inesploso
5278394;10;11/02/2021 16:20:00;Strada Urbana;VIA DEL QUADRARO;in corrispondenza;;del civico n.;353;;Scontro laterale fra veicoli in marcia;Rettilineo;Una carreggiata a doppio senso;Asciutto;Asfaltata;Assente;Sereno;Normale;Buona;;0;0;0;5;12.55;41.8508;-1;2;Autovettura privata;In marcia / fermata / arresto;Conducente;F;Illeso;0;;Non accertato;Inesploso
5278399;17;11/02/2021 20:00:00;Strada Urbana;VIA LEONE XIII;da specificare;;;;fronte civico 350;Veicolo in marcia contro ostacolo fisso;Rettilineo;Due carreggiate;Asciutto;Asfaltata;Verticale ed orizzontale;Sereno;Scarso;Insufficiente;;1;0;0;0;12.4404;41.8869;-1;1;Autovettura privata;In marcia / fermata / arresto;Conducente;M;Rimandato;0;NON DECEDUTO;;
5278400;13;11/02/2021 16:50:00;Strada Urbana;VIALE CARDINAL GINNASI;all'intersezione semaforizzata con;VIA VINCENZO VANNUTELLI;VIA VINCENZO VANNUTELLI;;;Scontro frontale/laterale SX fra veicoli in marcia;Intersezione semaforizzata;Due carreggiate;Asciutto;Asfaltata;Verticale ed orizzontale;Sereno;Normale;Buona;;0;0;0;3;12.2808;41.7326;-1;1;Autovettura privata;In marcia / fermata / arresto;Conducente;M;Illeso;0;;Non accertato;Inesploso
5278400;13;11/02/2021 16:50:00;Strada Urbana;VIALE CARDINAL GINNASI;all'intersezione semaforizzata con;VIA VINCENZO VANNUTELLI;VIA VINCENZO VANNUTELLI;;;Scontro frontale/laterale SX fra veicoli in marcia;Intersezione semaforizzata;Due carreggiate;Asciutto;Asfaltata;Verticale ed orizzontale;Sereno;Normale;Buona;;0;0;0;3;12.2808;41.7326;-1;2;Autovettura privata;In marcia / fermata / arresto;Conducente;M;Illeso;0;;Non accertato;Inesploso
5278400;13;11/02/2021 16:50:00;Strada Urbana;VIALE CARDINAL GINNASI;all'intersezione semaforizzata con;VIA VINCENZO VANNUTELLI;VIA VINCENZO VANNUTELLI;;;Scontro frontale/laterale SX fra veicoli in marcia;Intersezione semaforizzata;Due carreggiate;Asciutto;Asfaltata;Verticale ed orizzontale;Sereno;Normale;Buona;;0;0;0;3;12.2808;41.7326;-1;2;Autovettura privata;In marcia / fermata / arresto;Passeggero;M;Illeso;0;;;
5278400;13;11/02/2021 16:50:00;Strada Urbana;VIALE CARDINAL GINNASI;all'intersezione semaforizzata con;VIA VINCENZO VANNUTELLI;VIA VINCENZO VANNUTELLI;;;Scontro frontale/laterale SX fra veicoli in marcia;Intersezione semaforizzata;Due carreggiate;Asciutto;Asfaltata;Verticale ed orizzontale;Sereno;Normale;Buona;;0;0;0;3;12.2808;41.7326;-1;3;Autovettura privata;Sosta;;;;;;;
5278400;13;11/02/2021 16:50:00;Strada Urbana;VIALE CARDINAL GINNASI;all'intersezione semaforizzata con;VIA VINCENZO VANNUTELLI;VIA VINCENZO VANNUTELLI;;;Scontro frontale/laterale SX fra veicoli in marcia;Intersezione semaforizzata;Due carreggiate;Asciutto;Asfaltata;Verticale ed orizzontale;Sereno;Normale;Buona;;0;0;0;3;12.2808;41.7326;-1;4;Autovettura privata;Sosta;;;;;;;
5278400;13;11/02/2021 16:50:00;Strada Urbana;VIALE CARDINAL GINNASI;all'intersezione semaforizzata con;VIA VINCENZO VANNUTELLI;VIA VINCENZO VANNUTELLI;;;Scontro frontale/laterale SX fra veicoli in marcia;Intersezione semaforizzata;Due carreggiate;Asciutto;Asfaltata;Verticale ed orizzontale;Sereno;Normale;Buona;;0;0;0;3;12.2808;41.7326;-1;5;Autovettura privata;Sosta;;;;;;;
5278420;19;11/02/2021 10:10:00;Strada Urbana;VIA TRIONFALE;in prossimit�;;del civico n.;9452;;Tamponamento Multiplo;Rettilineo;Una carreggiata a doppio senso;Asciutto;Asfaltata;Verticale ed orizzontale;Nuvoloso;Intenso;Buona;;0;0;0;3;12.4176;41.9456;-1;1;Autovettura privata;In marcia / fermata / arresto;Conducente;F;Illeso;0;;Non accertato;Inesploso
5278420;19;11/02/2021 10:10:00;Strada Urbana;VIA TRIONFALE;in prossimit�;;del civico n.;9452;;Tamponamento Multiplo;Rettilineo;Una carreggiata a doppio senso;Asciutto;Asfaltata;Verticale ed orizzontale;Nuvoloso;Intenso;Buona;;0;0;0;3;12.4176;41.9456;-1;2;Autocarro inferiore 35 q.;In marcia / fermata / arresto;Conducente;M;Illeso;0;;Non accertato;Inesploso
5278420;19;11/02/2021 10:10:00;Strada Urbana;VIA TRIONFALE;in prossimit�;;del civico n.;9452;;Tamponamento Multiplo;Rettilineo;Una carreggiata a doppio senso;Asciutto;Asfaltata;Verticale ed orizzontale;Nuvoloso;Intenso;Buona;;0;0;0;3;12.4176;41.9456;-1;3;Autovettura privata;In marcia / fermata / arresto;Conducente;F;Illeso;0;;Non accertato;Inesploso
5278424;20;11/02/2021 06:15:00;Provinciale;VIA DI VALLE MURICANA;in prossimit�;;del civico n.;840;;Veicolo in marcia contro ostacolo accidentale;Curva a visuale libera;Una carreggiata a doppio senso;Asciutto;Asfaltata;Orizzontale;Sereno;Scarso;Sufficiente;;0;0;0;1;12.465;42.0482;-1;1;Autovettura privata;In marcia / fermata / arresto;Conducente;M;Illeso;0;;Non accertato;Inesploso
5278426;1;11/02/2021 17:50:00;Strada Urbana;LARGO DI S. SUSANNA;all'intersezione semaforizzata con;VIA LEONIDA BISSOLATI;VIA LEONIDA BISSOLATI;;;Scontro frontale/laterale DX fra veicoli in marcia;Intersezione semaforizzata;Una carreggiata a doppio senso;Asciutto;Asfaltata;Verticale ed orizzontale;Sereno;Normale;Buona;;1;0;0;2;12.4931;41.9051;-1;1;Autovettura privata;In marcia / fermata / arresto;Conducente;M;Illeso;0;;Non accertato;Inesploso
5278426;1;11/02/2021 17:50:00;Strada Urbana;LARGO DI S. SUSANNA;all'intersezione semaforizzata con;VIA LEONIDA BISSOLATI;VIA LEONIDA BISSOLATI;;;Scontro frontale/laterale DX fra veicoli in marcia;Intersezione semaforizzata;Una carreggiata a doppio senso;Asciutto;Asfaltata;Verticale ed orizzontale;Sereno;Normale;Buona;;1;0;0;2;12.4931;41.9051;-1;2;Motociclo con passeggero;In marcia / fermata / arresto;Conducente;M;Rimandato;0;NON DECEDUTO;Non accertato;
5278426;1;11/02/2021 17:50:00;Strada Urbana;LARGO DI S. SUSANNA;all'intersezione semaforizzata con;VIA LEONIDA BISSOLATI;VIA LEONIDA BISSOLATI;;;Scontro frontale/laterale DX fra veicoli in marcia;Intersezione semaforizzata;Una carreggiata a doppio senso;Asciutto;Asfaltata;Verticale ed orizzontale;Sereno;Normale;Buona;;1;0;0;2;12.4931;41.9051;-1;2;Motociclo con passeggero;In marcia / fermata / arresto;Passeggero;M;Illeso;0;;Non accertato;
5278427;20;11/02/2021 09:00:00;Regionale;VIA FLAMINIA;da specificare;;;;km 9.300;Tamponamento Multiplo;Rettilineo;Due carreggiate;Asciutto;Asfaltata;Orizzontale;Sereno;Normale;Buona;;0;0;0;4;12.4901;41.9659;-1;1;Autovettura privata;In marcia / fermata / arresto;Conducente;M;Illeso;0;;Non accertato;Inesploso
5278427;20;11/02/2021 09:00:00;Regionale;VIA FLAMINIA;da specificare;;;;km 9.300;Tamponamento Multiplo;Rettilineo;Due carreggiate;Asciutto;Asfaltata;Orizzontale;Sereno;Normale;Buona;;0;0;0;4;12.4901;41.9659;-1;2;Autovettura privata;In marcia / fermata / arresto;Conducente;F;Illeso;0;;Non accertato;Inesploso
5278427;20;11/02/2021 09:00:00;Regionale;VIA FLAMINIA;da specificare;;;;km 9.300;Tamponamento Multiplo;Rettilineo;Due carreggiate;Asciutto;Asfaltata;Orizzontale;Sereno;Normale;Buona;;0;0;0;4;12.4901;41.9659;-1;3;Autovettura privata;In marcia / fermata / arresto;Conducente;F;Illeso;0;;Non accertato;Inesploso
5278427;20;11/02/2021 09:00:00;Regionale;VIA FLAMINIA;da specificare;;;;km 9.300;Tamponamento Multiplo;Rettilineo;Due carreggiate;Asciutto;Asfaltata;Orizzontale;Sereno;Normale;Buona;;0;0;0;4;12.4901;41.9659;-1;4;Autovettura privata;In marcia / fermata / arresto;Conducente;F;Illeso;0;;Non accertato;Inesploso
5278438;18;11/02/2021 19:00:00;Strada Urbana;VIA AGOSTINO RICHELMY;in prossimit�;;del civico n.;38;;Scontro frontale/laterale DX fra veicoli in marcia;Rettilineo;Due carreggiate;Asciutto;Asfaltata;Verticale ed orizzontale;Sereno;Normale;Buona;;1;0;0;1;12.4413;41.8978;0;1;Autovettura privata;In marcia / fermata / arresto;Conducente;M;Illeso;0;;Non accertato;Inesploso
5278438;18;11/02/2021 19:00:00;Strada Urbana;VIA AGOSTINO RICHELMY;in prossimit�;;del civico n.;38;;Scontro frontale/laterale DX fra veicoli in marcia;Rettilineo;Due carreggiate;Asciutto;Asfaltata;Verticale ed orizzontale;Sereno;Normale;Buona;;1;0;0;1;12.4413;41.8978;0;2;Velocipede;In marcia / fermata / arresto;Conducente;M;Rifiuta cure immediate;0;NON DECEDUTO;Esente;
5278444;4;11/02/2021 15:40:00;Statale;VIA SALARIA;all'intersezione con;VIA DI CASTEL GIUBILEO;VIA DI CASTEL GIUBILEO;;;Scontro frontale/laterale DX fra veicoli in marcia;Incrocio;Due carreggiate;Asciutto;Asfaltata;Verticale ed orizzontale;Sereno;Intenso;Buona;;1;0;0;2;13.0816;42.4174;-1;1;Autovettura privata;In marcia / fermata / arresto;Conducente;M;Illeso;0;;Non accertato;Inesploso
5278444;4;11/02/2021 15:40:00;Statale;VIA SALARIA;all'intersezione con;VIA DI CASTEL GIUBILEO;VIA DI CASTEL GIUBILEO;;;Scontro frontale/laterale DX fra veicoli in marcia;Incrocio;Due carreggiate;Asciutto;Asfaltata;Verticale ed orizzontale;Sereno;Intenso;Buona;;1;0;0;2;13.0816;42.4174;-1;2;Autovettura privata;In marcia / fermata / arresto;Conducente;M;Illeso;0;;Non utilizzato;Inesploso
5278444;4;11/02/2021 15:40:00;Statale;VIA SALARIA;all'intersezione con;VIA DI CASTEL GIUBILEO;VIA DI CASTEL GIUBILEO;;;Scontro frontale/laterale DX fra veicoli in marcia;Incrocio;Due carreggiate;Asciutto;Asfaltata;Verticale ed orizzontale;Sereno;Intenso;Buona;;1;0;0;2;13.0816;42.4174;-1;3;Ciclomotore;In marcia / fermata / arresto;Conducente;F;Rimandato;0;NON DECEDUTO;Non accertato;
5278448;20;11/02/2021 15:20:00;Regionale;VIA CASSIA;da specificare;;;;direzione LA STORTA ALTEZZA VIA DELLA GIUSTINIANA;Tamponamento;Rettilineo;Una carreggiata a doppio senso;Asciutto;Asfaltata;Orizzontale;Sereno;Intenso;Buona;;0;0;0;4;12.415;41.9822;-1;1;Autovettura privata;In marcia / fermata / arresto;Conducente;M;Illeso;0;;Non accertato;Inesploso
5278448;20;11/02/2021 15:20:00;Regionale;VIA CASSIA;da specificare;;;;direzione LA STORTA ALTEZZA VIA DELLA GIUSTINIANA;Tamponamento;Rettilineo;Una carreggiata a doppio senso;Asciutto;Asfaltata;Orizzontale;Sereno;Intenso;Buona;;0;0;0;4;12.415;41.9822;-1;1;Autovettura privata;In marcia / fermata / arresto;Passeggero;M;Illeso;0;;Non accertato;Inesploso
5278448;20;11/02/2021 15:20:00;Regionale;VIA CASSIA;da specificare;;;;direzione LA STORTA ALTEZZA VIA DELLA GIUSTINIANA;Tamponamento;Rettilineo;Una carreggiata a doppio senso;Asciutto;Asfaltata;Orizzontale;Sereno;Intenso;Buona;;0;0;0;4;12.415;41.9822;-1;2;Autovettura privata;In marcia / fermata / arresto;Conducente;M;Illeso;0;;Non accertato;Inesploso
5278448;20;11/02/2021 15:20:00;Regionale;VIA CASSIA;da specificare;;;;direzione LA STORTA ALTEZZA VIA DELLA GIUSTINIANA;Tamponamento;Rettilineo;Una carreggiata a doppio senso;Asciutto;Asfaltata;Orizzontale;Sereno;Intenso;Buona;;0;0;0;4;12.415;41.9822;-1;2;Autovettura privata;In marcia / fermata / arresto;Passeggero;F;Illeso;0;;Non accertato;Inesploso
5278472;20;11/02/2021 17:40:00;Strada Urbana;VIA FLAMINIA NUOVA;da specificare;;;;ALTEZZA VIA VALDAGNO;Tamponamento Multiplo;Rettilineo;Pi� di due carreggiate;Asciutto;Asfaltata;Verticale ed orizzontale;Sereno;Intenso;Buona;;0;0;0;8;12.4706;41.9488;-1;1;Autovettura privata;In marcia / fermata / arresto;Conducente;M;Illeso;0;;Non accertato;
5278472;20;11/02/2021 17:40:00;Strada Urbana;VIA FLAMINIA NUOVA;da specificare;;;;ALTEZZA VIA VALDAGNO;Tamponamento Multiplo;Rettilineo;Pi� di due carreggiate;Asciutto;Asfaltata;Verticale ed orizzontale;Sereno;Intenso;Buona;;0;0;0;8;12.4706;41.9488;-1;1;Autovettura privata;In marcia / fermata / arresto;Passeggero;M;Illeso;0;;Non accertato;
5278472;20;11/02/2021 17:40:00;Strada Urbana;VIA FLAMINIA NUOVA;da specificare;;;;ALTEZZA VIA VALDAGNO;Tamponamento Multiplo;Rettilineo;Pi� di due carreggiate;Asciutto;Asfaltata;Verticale ed orizzontale;Sereno;Intenso;Buona;;0;0;0;8;12.4706;41.9488;-1;2;Autovettura privata;In marcia / fermata / arresto;Conducente;M;Illeso;0;;Non accertato;
5278472;20;11/02/2021 17:40:00;Strada Urbana;VIA FLAMINIA NUOVA;da specificare;;;;ALTEZZA VIA VALDAGNO;Tamponamento Multiplo;Rettilineo;Pi� di due carreggiate;Asciutto;Asfaltata;Verticale ed orizzontale;Sereno;Intenso;Buona;;0;0;0;8;12.4706;41.9488;-1;2;Autovettura privata;In marcia / fermata / arresto;Passeggero;M;Illeso;0;;Non accertato;Inesploso
5278472;20;11/02/2021 17:40:00;Strada Urbana;VIA FLAMINIA NUOVA;da specificare;;;;ALTEZZA VIA VALDAGNO;Tamponamento Multiplo;Rettilineo;Pi� di due carreggiate;Asciutto;Asfaltata;Verticale ed orizzontale;Sereno;Intenso;Buona;;0;0;0;8;12.4706;41.9488;-1;3;Autovettura privata;In marcia / fermata / arresto;Conducente;M;Illeso;0;;Non accertato;Inesploso
5278472;20;11/02/2021 17:40:00;Strada Urbana;VIA FLAMINIA NUOVA;da specificare;;;;ALTEZZA VIA VALDAGNO;Tamponamento Multiplo;Rettilineo;Pi� di due carreggiate;Asciutto;Asfaltata;Verticale ed orizzontale;Sereno;Intenso;Buona;;0;0;0;8;12.4706;41.9488;-1;3;Autovettura privata;In marcia / fermata / arresto;Passeggero;F;Illeso;0;;Non accertato;Inesploso
5278472;20;11/02/2021 17:40:00;Strada Urbana;VIA FLAMINIA NUOVA;da specificare;;;;ALTEZZA VIA VALDAGNO;Tamponamento Multiplo;Rettilineo;Pi� di due carreggiate;Asciutto;Asfaltata;Verticale ed orizzontale;Sereno;Intenso;Buona;;0;0;0;8;12.4706;41.9488;-1;3;Autovettura privata;In marcia / fermata / arresto;Passeggero;M;Illeso;0;;Non accertato;Inesploso
5278472;20;11/02/2021 17:40:00;Strada Urbana;VIA FLAMINIA NUOVA;da specificare;;;;ALTEZZA VIA VALDAGNO;Tamponamento Multiplo;Rettilineo;Pi� di due carreggiate;Asciutto;Asfaltata;Verticale ed orizzontale;Sereno;Intenso;Buona;;0;0;0;8;12.4706;41.9488;-1;3;Autovettura privata;In marcia / fermata / arresto;Passeggero;F;Illeso;0;;Non accertato;Inesploso
5278478;10;11/02/2021 16:33:00;Strada Urbana;VIA GIUSEPPE CHIOVENDA;in corrispondenza;;del civico n.;36;;Scontro frontale/laterale SX fra veicoli in marcia;Rettilineo;Una carreggiata a doppio senso;Asciutto;Asfaltata;Verticale ed orizzontale;Sereno;Normale;Buona;;0;0;0;3;12.5699;41.859;-1;1;Autovettura privata;In marcia / fermata / arresto;Conducente;F;Illeso;0;;Non accertato;Inesploso
5278478;10;11/02/2021 16:33:00;Strada Urbana;VIA GIUSEPPE CHIOVENDA;in corrispondenza;;del civico n.;36;;Scontro frontale/laterale SX fra veicoli in marcia;Rettilineo;Una carreggiata a doppio senso;Asciutto;Asfaltata;Verticale ed orizzontale;Sereno;Normale;Buona;;0;0;0;3;12.5699;41.859;-1;2;Autovettura privata;In marcia / fermata / arresto;Conducente;M;Illeso;0;;Non accertato;Inesploso
5278478;10;11/02/2021 16:33:00;Strada Urbana;VIA GIUSEPPE CHIOVENDA;in corrispondenza;;del civico n.;36;;Scontro frontale/laterale SX fra veicoli in marcia;Rettilineo;Una carreggiata a doppio senso;Asciutto;Asfaltata;Verticale ed orizzontale;Sereno;Normale;Buona;;0;0;0;3;12.5699;41.859;-1;2;Autovettura privata;In marcia / fermata / arresto;Passeggero;M;Illeso;0;;Non accertato;Inesploso
5278496;19;11/02/2021 16:00:00;Strada Urbana;VIA PASQUALE II;in corrispondenza;;del civico n.;FC 361;;Infortunio per caduta del veicolo;Curva a visuale libera;Una carreggiata a doppio senso;Asciutto;Asfaltata;Verticale ed orizzontale;Sereno;Scarso;Buona;;1;0;0;1;12.4093;41.9066;-1;1;Motociclo con passeggero;In marcia / fermata / arresto;Conducente;M;Illeso;0;;;
5278496;19;11/02/2021 16:00:00;Strada Urbana;VIA PASQUALE II;in corrispondenza;;del civico n.;FC 361;;Infortunio per caduta del veicolo;Curva a visuale libera;Una carreggiata a doppio senso;Asciutto;Asfaltata;Verticale ed orizzontale;Sereno;Scarso;Buona;;1;0;0;1;12.4093;41.9066;-1;1;Motociclo con passeggero;In marcia / fermata / arresto;Passeggero;F;Ricoverato;0;NON DECEDUTO;;
5278521;20;11/02/2021 20:30:00;Strada Urbana;VIA DEL FORTE BRASCHI;all'intersezione con;VIA MATTIA BATTISTINI;VIA MATTIA BATTISTINI;;;Scontro frontale/laterale DX fra veicoli in marcia;Intersezione semaforizzata;Una carreggiata a doppio senso;Asciutto;Asfaltata;Verticale ed orizzontale;Sereno;Normale;Buona;;1;0;0;2;12.4185;41.9129;-1;1;Motociclo a solo;In marcia / fermata / arresto;Conducente;F;Rimandato;0;NON DECEDUTO;Non accertato;
5278521;20;11/02/2021 20:30:00;Strada Urbana;VIA DEL FORTE BRASCHI;all'intersezione con;VIA MATTIA BATTISTINI;VIA MATTIA BATTISTINI;;;Scontro frontale/laterale DX fra veicoli in marcia;Intersezione semaforizzata;Una carreggiata a doppio senso;Asciutto;Asfaltata;Verticale ed orizzontale;Sereno;Normale;Buona;;1;0;0;2;12.4185;41.9129;-1;2;Autovettura privata;In marcia / fermata / arresto;Conducente;M;Illeso;0;;Non accertato;
5278521;20;11/02/2021 20:30:00;Strada Urbana;VIA DEL FORTE BRASCHI;all'intersezione con;VIA MATTIA BATTISTINI;VIA MATTIA BATTISTINI;;;Scontro frontale/laterale DX fra veicoli in marcia;Intersezione semaforizzata;Una carreggiata a doppio senso;Asciutto;Asfaltata;Verticale ed orizzontale;Sereno;Normale;Buona;;1;0;0;2;12.4185;41.9129;-1;2;Autovettura privata;In marcia / fermata / arresto;Passeggero;F;Illeso;0;;Non accertato;
5278522;7;11/02/2021 23:40:00;Strada Urbana;VIA OLEVANO ROMANO;all'intersezione con;VIA FILETTINO;VIA FILETTINO;;;Scontro frontale/laterale SX fra veicoli in marcia;Incrocio;Una carreggiata a doppio senso;Asciutto;Asfaltata;Orizzontale;Sereno;Scarso;Sufficiente;;0;0;0;3;12.5556;41.8912;-1;1;Autovettura privata;In marcia / fermata / arresto;Conducente;M;Illeso;0;;Non accertato;Inesploso
5278522;7;11/02/2021 23:40:00;Strada Urbana;VIA OLEVANO ROMANO;all'intersezione con;VIA FILETTINO;VIA FILETTINO;;;Scontro frontale/laterale SX fra veicoli in marcia;Incrocio;Una carreggiata a doppio senso;Asciutto;Asfaltata;Orizzontale;Sereno;Scarso;Sufficiente;;0;0;0;3;12.5556;41.8912;-1;2;Autovettura privata;In marcia / fermata / arresto;Conducente;M;Illeso;0;;Non accertato;Inesploso
5278522;7;11/02/2021 23:40:00;Strada Urbana;VIA OLEVANO ROMANO;all'intersezione con;VIA FILETTINO;VIA FILETTINO;;;Scontro frontale/laterale SX fra veicoli in marcia;Incrocio;Una carreggiata a doppio senso;Asciutto;Asfaltata;Orizzontale;Sereno;Scarso;Sufficiente;;0;0;0;3;12.5556;41.8912;-1;2;Autovettura privata;In marcia / fermata / arresto;Passeggero;F;Illeso;0;;Non accertato;Inesploso
5278538;10;11/02/2021 22:20:00;Strada Urbana;VIALE BRUNO PELIZZI;da specificare;;;;in corrispondenza civ 31 direzione torre spaccata;Fuoriuscita dalla sede stradale;Curva senza visuale libera;Due carreggiate;Asciutto;Asfaltata;Verticale ed orizzontale;Sereno;Scarso;Buona;;0;0;0;0;12.5809;41.8585;-1;1;Autovettura privata;In marcia / fermata / arresto;;;;;;;