Protocollo;Gruppo;DataOraIncidente;Localizzazione1;STRADA1;Localizzazione2;STRADA2;Strada02;Chilometrica;DaSpecificare;NaturaIncidente;particolaritastrade;TipoStrada;FondoStradale;Pavimentazione;Segnaletica;CondizioneAtmosferica;Traffico;Visibilita;Illuminazione;NUM_FERITI;NUM_RISERVATA;NUM_MORTI;NUM_ILLESI;Longitudine;Latitudine;Confermato;Progressivo;TipoVeicolo;StatoVeicolo;TipoPersona;Sesso;Tipolesione;Deceduto;DecedutoDopo;CinturaCascoUtilizzato;Airbag;
5280168;2;12/02/2021 16:05:00;Strada Urbana;tang. Est;da specificare;;;;dir. Salaria alt. Ponte Batteria Nomentana;Veicolo in marcia contro veicolo in sosta;Rettilineo;Una carreggiata a doppio senso;Asciutto;Asfaltata;Verticale ed orizzontale;Nuvoloso;Normale;Sufficiente;;0;0;0;2;12.5273;41.9294;-1;1;Autovettura privata;In marcia / fermata / arresto;Passeggero;F;Illeso;0;;;
5280168;2;12/02/2021 16:05:00;Strada Urbana;tang. Est;da specificare;;;;dir. Salaria alt. Ponte Batteria Nomentana;Veicolo in marcia contro veicolo in sosta;Rettilineo;Una carreggiata a doppio senso;Asciutto;Asfaltata;Verticale ed orizzontale;Nuvoloso;Normale;Sufficiente;;0;0;0;2;12.5273;41.9294;-1;2;Autovettura privata;Sosta;;;;;;;
5280201;13;12/02/2021 19:30:00;Strada Urbana;VIALE DEI ROMAGNOLI;da specificare;;;;alt. p.za del villaggio di san Francesco;Tamponamento;Rettilineo;Una carreggiata a doppio senso;Bagnato (pioggia);Asfaltata;Verticale ed orizzontale;Pioggia in atto;Normale;Sufficiente;;0;0;0;5;12.3575;41.7827;-1;1;Autovettura privata;In marcia / fermata / arresto;Conducente;F;Illeso;0;;Non accertato;Inesploso
5280201;13;12/02/2021 19:30:00;Strada Urbana;VIALE DEI ROMAGNOLI;da specificare;;;;alt. p.za del villaggio di san Francesco;Tamponamento;Rettilineo;Una carreggiata a doppio senso;Bagnato (pioggia);Asfaltata;Verticale ed orizzontale;Pioggia in atto;Normale;Sufficiente;;0;0;0;5;12.3575;41.7827;-1;1;Autovettura privata;In marcia / fermata / arresto;Passeggero;M;Illeso;0;;Non accertato;Inesploso
5280201;13;12/02/2021 19:30:00;Strada Urbana;VIALE DEI ROMAGNOLI;da specificare;;;;alt. p.za del villaggio di san Francesco;Tamponamento;Rettilineo;Una carreggiata a doppio senso;Bagnato (pioggia);Asfaltata;Verticale ed orizzontale;Pioggia in atto;Normale;Sufficiente;;0;0;0;5;12.3575;41.7827;-1;1;Autovettura privata;In marcia / fermata / arresto;Passeggero;M;Illeso;0;;Non accertato;Inesploso
5280201;13;12/02/2021 19:30:00;Strada Urbana;VIALE DEI ROMAGNOLI;da specificare;;;;alt. p.za del villaggio di san Francesco;Tamponamento;Rettilineo;Una carreggiata a doppio senso;Bagnato (pioggia);Asfaltata;Verticale ed orizzontale;Pioggia in atto;Normale;Sufficiente;;0;0;0;5;12.3575;41.7827;-1;1;Autovettura privata;In marcia / fermata / arresto;Passeggero;M;Illeso;0;;Non accertato;Inesploso
5280201;13;12/02/2021 19:30:00;Strada Urbana;VIALE DEI ROMAGNOLI;da specificare;;;;alt. p.za del villaggio di san Francesco;Tamponamento;Rettilineo;Una carreggiata a doppio senso;Bagnato (pioggia);Asfaltata;Verticale ed orizzontale;Pioggia in atto;Normale;Sufficiente;;0;0;0;5;12.3575;41.7827;-1;2;Autovettura privata;In marcia / fermata / arresto;Conducente;M;Illeso;0;;Non accertato;Inesploso
5280276;2;13/02/2021 21:30:00;Strada Urbana;VIA TEMBIEN;in corrispondenza;;del civico n.;FR. 11;;Veicolo in marcia contro veicoli in sosta;Curva a visuale libera;Una carreggiata a doppio senso;Asciutto;Asfaltata;Verticale ed orizzontale;Sereno;Normale;Buona;;0;0;0;1;12.5253;41.9293;-1;1;Autovettura privata;Sosta;;;;;;;
5280276;2;13/02/2021 21:30:00;Strada Urbana;VIA TEMBIEN;in corrispondenza;;del civico n.;FR. 11;;Veicolo in marcia contro veicoli in sosta;Curva a visuale libera;Una carreggiata a doppio senso;Asciutto;Asfaltata;Verticale ed orizzontale;Sereno;Normale;Buona;;0;0;0;1;12.5253;41.9293;-1;2;Autovettura privata;Sosta;;;;;;;
5280276;2;13/02/2021 21:30:00;Strada Urbana;VIA TEMBIEN;in corrispondenza;;del civico n.;FR. 11;;Veicolo in marcia contro veicoli in sosta;Curva a visuale libera;Una carreggiata a doppio senso;Asciutto;Asfaltata;Verticale ed orizzontale;Sereno;Normale;Buona;;0;0;0;1;12.5253;41.9293;-1;3;Autovettura privata;Allontanatosi;Conducente;F;Illeso;0;;;
5280312;18;13/02/2021 08:30:00;Statale;VIA AURELIA;in prossimit�;;della chilometrica;10.2;;Scontro frontale fra veicoli in marcia;Pendenza;Due carreggiate;Bagnato (pioggia);Asfaltata;Verticale ed orizzontale;Pioggia in atto;Normale;Buona;;1;0;0;3;12.3826;41.885;-1;1;Autovettura privata;In marcia / fermata / arresto;Conducente;F;Illeso;0;;Non accertato;Inesploso
5280312;18;13/02/2021 08:30:00;Statale;VIA AURELIA;in prossimit�;;della chilometrica;10.2;;Scontro frontale fra veicoli in marcia;Pendenza;Due carreggiate;Bagnato (pioggia);Asfaltata;Verticale ed orizzontale;Pioggia in atto;Normale;Buona;;1;0;0;3;12.3826;41.885;-1;1;Autovettura privata;In marcia / fermata / arresto;Passeggero;F;Illeso;0;;Non accertato;Inesploso
5280312;18;13/02/2021 08:30:00;Statale;VIA AURELIA;in prossimit�;;della chilometrica;10.2;;Scontro frontale fra veicoli in marcia;Pendenza;Due carreggiate;Bagnato (pioggia);Asfaltata;Verticale ed orizzontale;Pioggia in atto;Normale;Buona;;1;0;0;3;12.3826;41.885;-1;1;Autovettura privata;In marcia / fermata / arresto;Passeggero;M;Illeso;0;;Non accertato;Inesploso
5280312;18;13/02/2021 08:30:00;Statale;VIA AURELIA;in prossimit�;;della chilometrica;10.2;;Scontro frontale fra veicoli in marcia;Pendenza;Due carreggiate;Bagnato (pioggia);Asfaltata;Verticale ed orizzontale;Pioggia in atto;Normale;Buona;;1;0;0;3;12.3826;41.885;-1;2;Autocarro inferiore 35 q.;In marcia / fermata / arresto;Conducente;M;Rimandato;0;NON DECEDUTO;Non accertato;Inesploso
5280312;18;13/02/2021 08:30:00;Statale;VIA AURELIA;in prossimit�;;della chilometrica;10.2;;Scontro frontale fra veicoli in marcia;Pendenza;Due carreggiate;Bagnato (pioggia);Asfaltata;Verticale ed orizzontale;Pioggia in atto;Normale;Buona;;1;0;0;3;12.3826;41.885;-1;3;Autovettura privata;Sosta;;;;;;;
5280534;12;13/02/2021 12:50:00;Strada Urbana;VIA MARIO VINCIGUERRA;in prossimit�;;del civico n.;10;;Scontro frontale fra veicoli in marcia;Curva senza visuale libera;Una carreggiata a doppio senso;Asciutto;Asfaltata;Assente;Sereno;Scarso;Buona;;1;0;0;1;12.4677;41.7483;-1;1;Autovettura privata;In marcia / fermata / arresto;Conducente;M;Illeso;0;;Non accertato;Inesploso
5280534;12;13/02/2021 12:50:00;Strada Urbana;VIA MARIO VINCIGUERRA;in prossimit�;;del civico n.;10;;Scontro frontale fra veicoli in marcia;Curva senza visuale libera;Una carreggiata a doppio senso;Asciutto;Asfaltata;Assente;Sereno;Scarso;Buona;;1;0;0;1;12.4677;41.7483;-1;2;Autovettura privata;In marcia / fermata / arresto;Conducente;M;Rimandato;0;NON DECEDUTO;;
5280535;19;12/02/2021 19:35:00;Strada Urbana;VIA DAMIANO CHIESA;all'intersezione semaforizzata con;VIA EUGENIO FRATE;VIA EUGENIO FRATE;;;Scontro frontale/laterale SX fra veicoli in marcia;Intersezione semaforizzata;Una carreggiata a doppio senso;Bagnato (umidit� in atto);Asfaltata;Verticale ed orizzontale;Nuvoloso;Normale;Buona;;1;0;0;1;12.4347;41.9192;-1;1;Autovettura privata;In marcia / fermata / arresto;Conducente;M;Illeso;0;;Non accertato;Inesploso
5280535;19;12/02/2021 19:35:00;Strada Urbana;VIA DAMIANO CHIESA;all'intersezione semaforizzata con;VIA EUGENIO FRATE;VIA EUGENIO FRATE;;;Scontro frontale/laterale SX fra veicoli in marcia;Intersezione semaforizzata;Una carreggiata a doppio senso;Bagnato (umidit� in atto);Asfaltata;Verticale ed orizzontale;Nuvoloso;Normale;Buona;;1;0;0;1;12.4347;41.9192;-1;2;Motociclo a solo;In marcia / fermata / arresto;Conducente;M;Rifiuta cure immediate;0;NON DECEDUTO;Non accertato;
5280564;12;13/02/2021 12:00:00;Strada Urbana;LARGO DELLA CECCHIGNOLA;all'intersezione con;VIALE DELL'ESERCITO;VIALE DELL'ESERCITO;;;Scontro frontale/laterale DX fra veicoli in marcia;Intersezione stradale segnalata;Due carreggiate;Bagnato (umidit� in atto);Asfaltata;Verticale ed orizzontale;Sereno;Normale;Buona;;0;0;0;3;12.4855;41.8143;-1;1;Autovettura privata;In marcia / fermata / arresto;Conducente;F;Illeso;0;;Utilizzato;Inesploso
5280564;12;13/02/2021 12:00:00;Strada Urbana;LARGO DELLA CECCHIGNOLA;all'intersezione con;VIALE DELL'ESERCITO;VIALE DELL'ESERCITO;;;Scontro frontale/laterale DX fra veicoli in marcia;Intersezione stradale segnalata;Due carreggiate;Bagnato (umidit� in atto);Asfaltata;Verticale ed orizzontale;Sereno;Normale;Buona;;0;0;0;3;12.4855;41.8143;-1;1;Autovettura privata;In marcia / fermata / arresto;Passeggero;M;Illeso;0;;Utilizzato;
5280564;12;13/02/2021 12:00:00;Strada Urbana;LARGO DELLA CECCHIGNOLA;all'intersezione con;VIALE DELL'ESERCITO;VIALE DELL'ESERCITO;;;Scontro frontale/laterale DX fra veicoli in marcia;Intersezione stradale segnalata;Due carreggiate;Bagnato (umidit� in atto);Asfaltata;Verticale ed orizzontale;Sereno;Normale;Buona;;0;0;0;3;12.4855;41.8143;-1;2;Autovettura privata;In marcia / fermata / arresto;Conducente;M;Illeso;0;;Utilizzato;Inesploso
5280596;15;13/02/2021 09:32:00;Strada Urbana;VIALE GUGLIELMO MARCONI;in corrispondenza;;del civico n.;209;;Investimento di pedone;Rettilineo;Due carreggiate;Bagnato (pioggia);Asfaltata;Verticale ed orizzontale;Pioggia in atto;Normale;Buona;;1;0;0;1;12.4694;41.8648;-1;;;;Pedone;F;Ricoverato;0;NON DECEDUTO;;
5280596;15;13/02/2021 09:32:00;Strada Urbana;VIALE GUGLIELMO MARCONI;in corrispondenza;;del civico n.;209;;Investimento di pedone;Rettilineo;Due carreggiate;Bagnato (pioggia);Asfaltata;Verticale ed orizzontale;Pioggia in atto;Normale;Buona;;1;0;0;1;12.4694;41.8648;-1;1;Autovettura privata;In marcia / fermata / arresto;Conducente;M;Illeso;0;;Non accertato;Inesploso
5280612;19;12/02/2021 21:50:00;Strada Urbana;VIA DELLA PINETA SACCHETTI;da specificare;;;;nella corsia di immissione su VIA TRIONFALE;Infortunio per caduta del veicolo;Curva a visuale libera;Una carreggiata a senso unico di marcia;Viscido da liquidi oleosi;Asfaltata;Orizzontale;Pioggia in atto;Normale;Buona;;1;0;0;0;12.4289;41.937;-1;1;Motociclo a solo;In marcia / fermata / arresto;Conducente;M;Rifiuta cure immediate;0;NON DECEDUTO;Non accertato;
5280617;15;13/02/2021 07:10:00;Strada Urbana;VIA DELLA MAGLIANA;da specificare;;;;fronte civico 374;Veicolo in marcia contro ostacolo fisso;Rettilineo;Due carreggiate;Bagnato (pioggia);Asfaltata;Verticale ed orizzontale;Pioggia in atto;Normale;Sufficiente;;0;0;0;1;12.4196;41.8317;-1;1;Autovettura privata;In marcia / fermata / arresto;Conducente;M;Illeso;0;;Non accertato;Inesploso
5280623;7;12/02/2021 14:55:00;Strada Urbana;VIA DEI GELSI;all'intersezione con;VIA DELLA SAGGINA;VIA DELLA SAGGINA;;;Scontro frontale/laterale DX fra veicoli in marcia;Incrocio;Una carreggiata a doppio senso;Asciutto;Asfaltata;Verticale ed orizzontale;Sereno;Normale;Buona;;1;0;0;2;12.572;41.8898;-1;1;Autovettura privata;In marcia / fermata / arresto;Conducente;M;Illeso;0;;Non accertato;Inesploso
5280623;7;12/02/2021 14:55:00;Strada Urbana;VIA DEI GELSI;all'intersezione con;VIA DELLA SAGGINA;VIA DELLA SAGGINA;;;Scontro frontale/laterale DX fra veicoli in marcia;Incrocio;Una carreggiata a doppio senso;Asciutto;Asfaltata;Verticale ed orizzontale;Sereno;Normale;Buona;;1;0;0;2;12.572;41.8898;-1;1;Autovettura privata;In marcia / fermata / arresto;Passeggero;F;Illeso;0;;Non accertato;Inesploso
5280623;7;12/02/2021 14:55:00;Strada Urbana;VIA DEI GELSI;all'intersezione con;VIA DELLA SAGGINA;VIA DELLA SAGGINA;;;Scontro frontale/laterale DX fra veicoli in marcia;Incrocio;Una carreggiata a doppio senso;Asciutto;Asfaltata;Verticale ed orizzontale;Sereno;Normale;Buona;;1;0;0;2;12.572;41.8898;-1;2;Motociclo a solo;In marcia / fermata / arresto;Conducente;M;Rimandato;0;NON DECEDUTO;Non accertato;
5280626;7;12/02/2021 21:30:00;Strada Urbana;VIA LUIGI ALAMANNI;all'intersezione con;VIA DI TOR SAPIENZA;VIA DI TOR SAPIENZA;;;Scontro frontale/laterale DX fra veicoli in marcia;Incrocio;Una carreggiata a doppio senso;Bagnato (pioggia);Asfaltata;Verticale ed orizzontale;Pioggia in atto;Scarso;Buona;;3;0;0;2;12.5913;41.8985;-1;1;Autovettura privata;In marcia / fermata / arresto;Conducente;M;Illeso;0;;Non accertato;Inesploso
5280626;7;12/02/2021 21:30:00;Strada Urbana;VIA LUIGI ALAMANNI;all'intersezione con;VIA DI TOR SAPIENZA;VIA DI TOR SAPIENZA;;;Scontro frontale/laterale DX fra veicoli in marcia;Incrocio;Una carreggiata a doppio senso;Bagnato (pioggia);Asfaltata;Verticale ed orizzontale;Pioggia in atto;Scarso;Buona;;3;0;0;2;12.5913;41.8985;-1;2;Autovettura privata;In marcia / fermata / arresto;Conducente;M;Illeso;0;;Non accertato;Inesploso
5280626;7;12/02/2021 21:30:00;Strada Urbana;VIA LUIGI ALAMANNI;all'intersezione con;VIA DI TOR SAPIENZA;VIA DI TOR SAPIENZA;;;Scontro frontale/laterale DX fra veicoli in marcia;Incrocio;Una carreggiata a doppio senso;Bagnato (pioggia);Asfaltata;Verticale ed orizzontale;Pioggia in atto;Scarso;Buona;;3;0;0;2;12.5913;41.8985;-1;2;Autovettura privata;In marcia / fermata / arresto;Passeggero;F;Rimandato;0;NON DECEDUTO;Non accertato;Inesploso
5280626;7;12/02/2021 21:30:00;Strada Urbana;VIA LUIGI ALAMANNI;all'intersezione con;VIA DI TOR SAPIENZA;VIA DI TOR SAPIENZA;;;Scontro frontale/laterale DX fra veicoli in marcia;Incrocio;Una carreggiata a doppio senso;Bagnato (pioggia);Asfaltata;Verticale ed orizzontale;Pioggia in atto;Scarso;Buona;;3;0;0;2;12.5913;41.8985;-1;2;Autovettura privata;In marcia / fermata / arresto;Passeggero;F;Rimandato;0;NON DECEDUTO;Non accertato;Inesploso
5280626;7;12/02/2021 21:30:00;Strada Urbana;VIA LUIGI ALAMANNI;all'intersezione con;VIA DI TOR SAPIENZA;VIA DI TOR SAPIENZA;;;Scontro frontale/laterale DX fra veicoli in marcia;Incrocio;Una carreggiata a doppio senso;Bagnato (pioggia);Asfaltata;Verticale ed orizzontale;Pioggia in atto;Scarso;Buona;;3;0;0;2;12.5913;41.8985;-1;2;Autovettura privata;In marcia / fermata / arresto;Passeggero;F;Rimandato;0;NON DECEDUTO;Non accertato;Inesploso
5280626;7;12/02/2021 21:30:00;Strada Urbana;VIA LUIGI ALAMANNI;all'intersezione con;VIA DI TOR SAPIENZA;VIA DI TOR SAPIENZA;;;Scontro frontale/laterale DX fra veicoli in marcia;Incrocio;Una carreggiata a doppio senso;Bagnato (pioggia);Asfaltata;Verticale ed orizzontale;Pioggia in atto;Scarso;Buona;;3;0;0;2;12.5913;41.8985;-1;3;Autovettura privata;Sosta;;;;;;;
5280627;15;13/02/2021 11:21:00;Strada Urbana;VIALE GUGLIELMO MARCONI;da specificare;;;;prossimit� civio 94;Scontro laterale fra veicoli in marcia;Rettilineo;Due carreggiate;Bagnato (pioggia);Asfaltata;Orizzontale;Nuvoloso;Normale;Buona;;0;0;0;3;12.4713;41.8573;-1;1;Autovettura privata;In marcia / fermata / arresto;Conducente;F;Illeso;0;;Non accertato;Inesploso
5280627;15;13/02/2021 11:21:00;Strada Urbana;VIALE GUGLIELMO MARCONI;da specificare;;;;prossimit� civio 94;Scontro laterale fra veicoli in marcia;Rettilineo;Due carreggiate;Bagnato (pioggia);Asfaltata;Orizzontale;Nuvoloso;Normale;Buona;;0;0;0;3;12.4713;41.8573;-1;2;Autovettura privata;In marcia / fermata / arresto;Conducente;M;Illeso;0;;Non accertato;Inesploso
5280627;15;13/02/2021 11:21:00;Strada Urbana;VIALE GUGLIELMO MARCONI;da specificare;;;;prossimit� civio 94;Scontro laterale fra veicoli in marcia;Rettilineo;Due carreggiate;Bagnato (pioggia);Asfaltata;Orizzontale;Nuvoloso;Normale;Buona;;0;0;0;3;12.4713;41.8573;-1;2;Autovettura privata;In marcia / fermata / arresto;Passeggero;F;Illeso;0;;Non accertato;Inesploso
5280717;12;13/02/2021 15:05:00;Strada Urbana;VIA CRISTOFORO COLOMBO;da specificare;;;;alt. Palo Acea n�562;Tamponamento Multiplo;Rettilineo;Una carreggiata a senso unico di marcia;Asciutto;Asfaltata;Orizzontale;Sereno;Normale;Buona;;2;0;0;1;12.465;41.8229;-1;1;Autovettura privata;In marcia / fermata / arresto;Conducente;M;Rimandato;0;NON DECEDUTO;Utilizzato;Inesploso
5280717;12;13/02/2021 15:05:00;Strada Urbana;VIA CRISTOFORO COLOMBO;da specificare;;;;alt. Palo Acea n�562;Tamponamento Multiplo;Rettilineo;Una carreggiata a senso unico di marcia;Asciutto;Asfaltata;Orizzontale;Sereno;Normale;Buona;;2;0;0;1;12.465;41.8229;-1;2;Autovettura privata;In marcia / fermata / arresto;Conducente;M;Rimandato;0;NON DECEDUTO;Non accertato;Inesploso
5280717;12;13/02/2021 15:05:00;Strada Urbana;VIA CRISTOFORO COLOMBO;da specificare;;;;alt. Palo Acea n�562;Tamponamento Multiplo;Rettilineo;Una carreggiata a senso unico di marcia;Asciutto;Asfaltata;Orizzontale;Sereno;Normale;Buona;;2;0;0;1;12.465;41.8229;-1;3;Autovettura privata;In marcia / fermata / arresto;Conducente;M;Illeso;0;;Utilizzato;Inesploso
5280735;7;12/02/2021 22:40:00;Strada Urbana;VIA DEI CASTANI;all'intersezione con;VIA DEI GELSI;VIA DEI GELSI;;;Scontro frontale/laterale DX fra veicoli in marcia;Incrocio;Una carreggiata a doppio senso;Bagnato (pioggia);Asfaltata;Verticale ed orizzontale;Pioggia in atto;Scarso;Buona;;0;0;0;5;12.5654;41.8885;-1;1;Autovettura privata;In marcia / fermata / arresto;Conducente;M;Illeso;0;;Non accertato;Inesploso
5280735;7;12/02/2021 22:40:00;Strada Urbana;VIA DEI CASTANI;all'intersezione con;VIA DEI GELSI;VIA DEI GELSI;;;Scontro frontale/laterale DX fra veicoli in marcia;Incrocio;Una carreggiata a doppio senso;Bagnato (pioggia);Asfaltata;Verticale ed orizzontale;Pioggia in atto;Scarso;Buona;;0;0;0;5;12.5654;41.8885;-1;1;Autovettura privata;In marcia / fermata / arresto;Passeggero;M;Illeso;0;;Non accertato;Inesploso
5280735;7;12/02/2021 22:40:00;Strada Urbana;VIA DEI CASTANI;all'intersezione con;VIA DEI GELSI;VIA DEI GELSI;;;Scontro frontale/laterale DX fra veicoli in marcia;Incrocio;Una carreggiata a doppio senso;Bagnato (pioggia);Asfaltata;Verticale ed orizzontale;Pioggia in atto;Scarso;Buona;;0;0;0;5;12.5654;41.8885;-1;1;Autovettura privata;In marcia / fermata / arresto;Passeggero;F;Illeso;0;;Non accertato;Inesploso
5280735;7;12/02/2021 22:40:00;Strada Urbana;VIA DEI CASTANI;all'intersezione con;VIA DEI GELSI;VIA DEI GELSI;;;Scontro frontale/laterale DX fra veicoli in marcia;Incrocio;Una carreggiata a doppio senso;Bagnato (pioggia);Asfaltata;Verticale ed orizzontale;Pioggia in atto;Scarso;Buona;;0;0;0;5;12.5654;41.8885;-1;2;Autovettura privata;In marcia / fermata / arresto;Conducente;M;Illeso;0;;Non accertato;Inesploso
5280735;7;12/02/2021 22:40:00;Strada Urbana;VIA DEI CASTANI;all'intersezione con;VIA DEI GELSI;VIA DEI GELSI;;;Scontro frontale/laterale DX fra veicoli in marcia;Incrocio;Una carreggiata a doppio senso;Bagnato (pioggia);Asfaltata;Verticale ed orizzontale;Pioggia in atto;Scarso;Buona;;0;0;0;5;12.5654;41.8885;-1;2;Autovettura privata;In marcia / fermata / arresto;Passeggero;M;Illeso;0;;Non accertato;Inesploso
5280741;7;12/02/2021 15:45:00;Strada Urbana;VIA CASILINA;da specificare;;;;altezza via tor de schiavi;Infortunio per sola frenata improvvisa;Rettilineo;Una carreggiata a senso unico di marcia;Asciutto;Asfaltata;Verticale ed orizzontale;Nuvoloso;Normale;Buona;;1;0;0;0;12.6212;41.8626;-1;1;Motociclo a solo;In marcia / fermata / arresto;Conducente;M;Ricoverato;0;NON DECEDUTO;;
5280748;4;12/02/2021 09:00:00;Strada Urbana;VIA GIUSEPPE VALMARANA;in corrispondenza;;del civico n.;83;;Scontro laterale fra veicoli in marcia;Curva senza visuale libera;Una carreggiata a doppio senso;Asciutto;Asfaltata;Assente;Nuvoloso;Normale;Buona;;0;0;0;2;12.5166;41.9506;-1;1;Autovettura privata;In marcia / fermata / arresto;Conducente;M;Illeso;0;;Non accertato;Inesploso
5280748;4;12/02/2021 09:00:00;Strada Urbana;VIA GIUSEPPE VALMARANA;in corrispondenza;;del civico n.;83;;Scontro laterale fra veicoli in marcia;Curva senza visuale libera;Una carreggiata a doppio senso;Asciutto;Asfaltata;Assente;Nuvoloso;Normale;Buona;;0;0;0;2;12.5166;41.9506;-1;2;Autovettura privata;In marcia / fermata / arresto;Conducente;M;Illeso;0;;Non accertato;Inesploso
5280765;4;12/02/2021 11:20:00;Strada Urbana;VIA ADAMELLO;in corrispondenza;;del civico n.;31;;Tamponamento Multiplo;Rettilineo;Una carreggiata a senso unico di marcia;Asciutto;Asfaltata;Verticale ed orizzontale;Sereno;Normale;Buona;;0;0;0;3;12.5342;41.9419;-1;1;Autovettura privata;In marcia / fermata / arresto;Conducente;F;Illeso;0;;Non accertato;Inesploso
5280765;4;12/02/2021 11:20:00;Strada Urbana;VIA ADAMELLO;in corrispondenza;;del civico n.;31;;Tamponamento Multiplo;Rettilineo;Una carreggiata a senso unico di marcia;Asciutto;Asfaltata;Verticale ed orizzontale;Sereno;Normale;Buona;;0;0;0;3;12.5342;41.9419;-1;2;Autovettura privata;In marcia / fermata / arresto;Conducente;F;Illeso;0;;Non accertato;Inesploso
5280765;4;12/02/2021 11:20:00;Strada Urbana;VIA ADAMELLO;in corrispondenza;;del civico n.;31;;Tamponamento Multiplo;Rettilineo;Una carreggiata a senso unico di marcia;Asciutto;Asfaltata;Verticale ed orizzontale;Sereno;Normale;Buona;;0;0;0;3;12.5342;41.9419;-1;3;Autovettura privata;In marcia / fermata / arresto;Conducente;M;Illeso;0;;Non accertato;Inesploso
5280765;4;12/02/2021 11:20:00;Strada Urbana;VIA ADAMELLO;in corrispondenza;;del civico n.;31;;Tamponamento Multiplo;Rettilineo;Una carreggiata a senso unico di marcia;Asciutto;Asfaltata;Verticale ed orizzontale;Sereno;Normale;Buona;;0;0;0;3;12.5342;41.9419;-1;4;Autovettura privata;Sosta;;;;;;;
5280773;18;12/02/2021 13:30:00;Strada Urbana;VIALE DELLE MURA AURELIE;da specificare;;;;circa 300 metri prima del civico 5;Veicolo in marcia contro ostacolo fisso;Rettilineo;Una carreggiata a senso unico di marcia;Asciutto;Asfaltata;Assente;Nuvoloso;Scarso;Buona;;0;0;0;2;12.4588;41.8914;-1;1;Autovettura privata;In marcia / fermata / arresto;Conducente;M;Illeso;0;;;
5280773;18;12/02/2021 13:30:00;Strada Urbana;VIALE DELLE MURA AURELIE;da specificare;;;;circa 300 metri prima del civico 5;Veicolo in marcia contro ostacolo fisso;Rettilineo;Una carreggiata a senso unico di marcia;Asciutto;Asfaltata;Assente;Nuvoloso;Scarso;Buona;;0;0;0;2;12.4588;41.8914;-1;1;Autovettura privata;In marcia / fermata / arresto;Passeggero;M;Illeso;0;;Non accertato;Inesploso
5280777;4;12/02/2021 13:10:00;Strada Urbana;VIA RENATO FUCINI;all'intersezione semaforizzata con;VIA LUIGI CAPUANA;VIA LUIGI CAPUANA;;;Scontro frontale/laterale DX fra veicoli in marcia;Intersezione semaforizzata;Due carreggiate;Asciutto;Asfaltata;Verticale ed orizzontale;Sereno;Normale;Buona;;0;0;0;2;12.549;41.9505;-1;1;Autovettura privata;In marcia / fermata / arresto;Conducente;M;Illeso;0;;Non accertato;Inesploso
5280777;4;12/02/2021 13:10:00;Strada Urbana;VIA RENATO FUCINI;all'intersezione semaforizzata con;VIA LUIGI CAPUANA;VIA LUIGI CAPUANA;;;Scontro frontale/laterale DX fra veicoli in marcia;Intersezione semaforizzata;Due carreggiate;Asciutto;Asfaltata;Verticale ed orizzontale;Sereno;Normale;Buona;;0;0;0;2;12.549;41.9505;-1;2;Autovettura privata;In marcia / fermata / arresto;Conducente;M;Illeso;0;;Non accertato;Inesploso
5280781;18;12/02/2021 18:00:00;Strada Urbana;CIRCONVALLAZIONE CORNELIA;all'intersezione con;PIAZZA DEI GIURECONSULTI;PIAZZA DEI GIURECONSULTI;;;Scontro laterale fra veicoli in marcia;Intersezione semaforizzata;Due carreggiate;Asciutto;Asfaltata;Verticale ed orizzontale;Sereno;Normale;Buona;;0;0;0;3;12.4258;41.9018;-1;1;Motociclo a solo;In marcia / fermata / arresto;Conducente;M;Illeso;0;;;
5280781;18;12/02/2021 18:00:00;Strada Urbana;CIRCONVALLAZIONE CORNELIA;all'intersezione con;PIAZZA DEI GIURECONSULTI;PIAZZA DEI GIURECONSULTI;;;Scontro laterale fra veicoli in marcia;Intersezione semaforizzata;Due carreggiate;Asciutto;Asfaltata;Verticale ed orizzontale;Sereno;Normale;Buona;;0;0;0;3;12.4258;41.9018;-1;2;Autovettura privata;In marcia / fermata / arresto;Conducente;M;Illeso;0;;;
5280781;18;12/02/2021 18:00:00;Strada Urbana;CIRCONVALLAZIONE CORNELIA;all'intersezione con;PIAZZA DEI GIURECONSULTI;PIAZZA DEI GIURECONSULTI;;;Scontro laterale fra veicoli in marcia;Intersezione semaforizzata;Due carreggiate;Asciutto;Asfaltata;Verticale ed orizzontale;Sereno;Normale;Buona;;0;0;0;3;12.4258;41.9018;-1;2;Autovettura privata;In marcia / fermata / arresto;Passeggero;M;Illeso;0;;Non accertato;Inesistente
5280789;15;13/02/2021 13:10:00;Strada Urbana;VIA LEONARDO GREPPI;all'intersezione con;VIA GAETANO ASTOLFI;VIA GAETANO ASTOLFI;;;Scontro frontale/laterale SX fra veicoli in marcia;Incrocio;Una carreggiata a doppio senso;Asciutto;Asfaltata;Verticale ed orizzontale;Nuvoloso;Normale;Buona;;0;0;0;4;12.4588;41.8628;-1;1;Autovettura privata;In marcia / fermata / arresto;Conducente;M;Illeso;0;;Non accertato;Inesploso