Protocollo;Gruppo;DataOraIncidente;Localizzazione1;STRADA1;Localizzazione2;STRADA2;Strada02;Chilometrica;DaSpecificare;NaturaIncidente;particolaritastrade;TipoStrada;FondoStradale;Pavimentazione;Segnaletica;CondizioneAtmosferica;Traffico;Visibilita;Illuminazione;NUM_FERITI;NUM_RISERVATA;NUM_MORTI;NUM_ILLESI;Longitudine;Latitudine;Confermato;Progressivo;TipoVeicolo;StatoVeicolo;TipoPersona;Sesso;Tipolesione;Deceduto;DecedutoDopo;CinturaCascoUtilizzato;Airbag;
5282095;17;12/02/2021 13:45:00;Strada Urbana;VIALE DELLE MILIZIE;in corrispondenza;;del civico n.;100;;Scontro frontale/laterale DX fra veicoli in marcia;Rettilineo;Pi� di due carreggiate;Asciutto;Asfaltata;Verticale;Sereno;Normale;Buona;;0;0;0;2;12.4589;41.9116;-1;1;Autocarro inferiore 35 q.;In marcia / fermata / arresto;Conducente;M;Illeso;0;;;
5282095;17;12/02/2021 13:45:00;Strada Urbana;VIALE DELLE MILIZIE;in corrispondenza;;del civico n.;100;;Scontro frontale/laterale DX fra veicoli in marcia;Rettilineo;Pi� di due carreggiate;Asciutto;Asfaltata;Verticale;Sereno;Normale;Buona;;0;0;0;2;12.4589;41.9116;-1;2;Motociclo a solo;In marcia / fermata / arresto;Conducente;M;Illeso;0;;;
5282101;13;14/02/2021 20:45:00;Strada Urbana;VIALE DEI ROMAGNOLI;da specificare;;;;ACQUE ROSSE;Scontro laterale fra veicoli in marcia;Rettilineo;Una carreggiata a senso unico di marcia;Asciutto;Asfaltata;Verticale ed orizzontale;Nebbia;Normale;Buona;;0;0;0;2;12.3575;41.7827;-1;1;Autovettura privata;In marcia / fermata / arresto;Conducente;M;Illeso;0;;Non accertato;Inesploso
5282101;13;14/02/2021 20:45:00;Strada Urbana;VIALE DEI ROMAGNOLI;da specificare;;;;ACQUE ROSSE;Scontro laterale fra veicoli in marcia;Rettilineo;Una carreggiata a senso unico di marcia;Asciutto;Asfaltata;Verticale ed orizzontale;Nebbia;Normale;Buona;;0;0;0;2;12.3575;41.7827;-1;2;Autovettura privata;In marcia / fermata / arresto;Conducente;M;Illeso;0;;Non accertato;Inesploso
5282105;12;12/02/2021 21:30:00;Strada Urbana;VIA DI ACQUA ACETOSA OSTIENSE;in prossimit�;;del palo luce n.;31;;Veicolo in marcia contro ostacolo fisso;Rettilineo;Una carreggiata a doppio senso;Bagnato (pioggia);Asfaltata;Verticale ed orizzontale;Pioggia in atto;Scarso;Buona;;1;0;0;0;12.4673;41.8049;-1;1;Autovettura privata;In marcia / fermata / arresto;Conducente;M;Rimandato;0;NON DECEDUTO;;Inesploso
5282111;4;13/02/2021 11:55:00;Strada Urbana;VIA VAL DI LANZO;all'intersezione con;VIA VAL SILLARO;VIA VAL SILLARO;;;Tamponamento;Intersezione stradale segnalata;Una carreggiata a senso unico di marcia;Bagnato (umidit� in atto);Asfaltata;Verticale ed orizzontale;Nuvoloso;Normale;Buona;;1;0;0;1;12.5277;41.9414;-1;1;Motociclo a solo;In marcia / fermata / arresto;Conducente;M;Rimandato;0;NON DECEDUTO;Non accertato;
5282111;4;13/02/2021 11:55:00;Strada Urbana;VIA VAL DI LANZO;all'intersezione con;VIA VAL SILLARO;VIA VAL SILLARO;;;Tamponamento;Intersezione stradale segnalata;Una carreggiata a senso unico di marcia;Bagnato (umidit� in atto);Asfaltata;Verticale ed orizzontale;Nuvoloso;Normale;Buona;;1;0;0;1;12.5277;41.9414;-1;2;Autovettura privata;In marcia / fermata / arresto;Conducente;M;Illeso;0;;;
5282114;11;14/02/2021 06:30:00;Strada Urbana;LARGO MENDOZA;all'intersezione con;VIA LAURENTINA;VIA LAURENTINA;;;Scontro frontale/laterale DX fra veicoli in marcia;Intersezione stradale segnalata;Due carreggiate;Asciutto;Asfaltata;Verticale ed orizzontale;Sereno;Scarso;Buona;;2;0;0;2;12.4808;41.8325;-1;1;Autovettura di polizia;In marcia / fermata / arresto;Conducente;M;Rimandato;0;NON DECEDUTO;Non accertato;
5282114;11;14/02/2021 06:30:00;Strada Urbana;LARGO MENDOZA;all'intersezione con;VIA LAURENTINA;VIA LAURENTINA;;;Scontro frontale/laterale DX fra veicoli in marcia;Intersezione stradale segnalata;Due carreggiate;Asciutto;Asfaltata;Verticale ed orizzontale;Sereno;Scarso;Buona;;2;0;0;2;12.4808;41.8325;-1;1;Autovettura di polizia;In marcia / fermata / arresto;Passeggero;M;Rimandato;0;NON DECEDUTO;Non accertato;Esploso
5282114;11;14/02/2021 06:30:00;Strada Urbana;LARGO MENDOZA;all'intersezione con;VIA LAURENTINA;VIA LAURENTINA;;;Scontro frontale/laterale DX fra veicoli in marcia;Intersezione stradale segnalata;Due carreggiate;Asciutto;Asfaltata;Verticale ed orizzontale;Sereno;Scarso;Buona;;2;0;0;2;12.4808;41.8325;-1;2;Autovettura privata;In marcia / fermata / arresto;Conducente;M;Illeso;0;;Non accertato;
5282114;11;14/02/2021 06:30:00;Strada Urbana;LARGO MENDOZA;all'intersezione con;VIA LAURENTINA;VIA LAURENTINA;;;Scontro frontale/laterale DX fra veicoli in marcia;Intersezione stradale segnalata;Due carreggiate;Asciutto;Asfaltata;Verticale ed orizzontale;Sereno;Scarso;Buona;;2;0;0;2;12.4808;41.8325;-1;2;Autovettura privata;In marcia / fermata / arresto;Passeggero;F;Illeso;0;;Non accertato;Esploso
5282123;11;14/02/2021 16:50:00;Strada Urbana;VIA CRISTOFORO COLOMBO;all'intersezione semaforizzata con;VIA ALESSANDRO SEVERO;VIA ALESSANDRO SEVERO;;;Tamponamento;Intersezione semaforizzata;Pi� di due carreggiate;Asciutto;Asfaltata;Verticale ed orizzontale;Sereno;Scarso;Buona;;1;0;0;1;12.4879;41.8527;-1;1;Autovettura privata;In marcia / fermata / arresto;Conducente;M;Rimandato;0;NON DECEDUTO;Non accertato;
5282123;11;14/02/2021 16:50:00;Strada Urbana;VIA CRISTOFORO COLOMBO;all'intersezione semaforizzata con;VIA ALESSANDRO SEVERO;VIA ALESSANDRO SEVERO;;;Tamponamento;Intersezione semaforizzata;Pi� di due carreggiate;Asciutto;Asfaltata;Verticale ed orizzontale;Sereno;Scarso;Buona;;1;0;0;1;12.4879;41.8527;-1;2;Autovettura privata;In marcia / fermata / arresto;Conducente;M;Illeso;0;;Non accertato;
5282126;1;14/02/2021 19:20:00;Strada Urbana;PIAZZA GIUSEPPE GIOACHINO BELLI;all'intersezione con;VIALE DI TRASTEVERE;VIALE DI TRASTEVERE;;;Scontro frontale/laterale DX fra veicoli in marcia;Intersezione semaforizzata;Una carreggiata a doppio senso;Asciutto;Asfaltata;Verticale ed orizzontale;Sereno;Scarso;Sufficiente;;1;0;0;1;;;0;1;Autovettura pubblica;In marcia / fermata / arresto;Conducente;M;Illeso;0;;;
5282126;1;14/02/2021 19:20:00;Strada Urbana;PIAZZA GIUSEPPE GIOACHINO BELLI;all'intersezione con;VIALE DI TRASTEVERE;VIALE DI TRASTEVERE;;;Scontro frontale/laterale DX fra veicoli in marcia;Intersezione semaforizzata;Una carreggiata a doppio senso;Asciutto;Asfaltata;Verticale ed orizzontale;Sereno;Scarso;Sufficiente;;1;0;0;1;;;0;2;Motociclo a solo;In marcia / fermata / arresto;Conducente;M;Rimandato;0;NON DECEDUTO;;
5282137;4;13/02/2021 21:50:00;Strada Urbana;VIA ETTORE ROMAGNOLI;all'intersezione con;VIA GUELFO CIVININI;VIA GUELFO CIVININI;;;Scontro frontale/laterale DX fra veicoli in marcia;Incrocio;Una carreggiata a senso unico di marcia;Asciutto;Asfaltata;Assente;Sereno;Normale;Sufficiente;;0;0;0;2;12.5468;41.9412;-1;1;Autovettura privata;In marcia / fermata / arresto;Conducente;M;Illeso;0;;;
5282137;4;13/02/2021 21:50:00;Strada Urbana;VIA ETTORE ROMAGNOLI;all'intersezione con;VIA GUELFO CIVININI;VIA GUELFO CIVININI;;;Scontro frontale/laterale DX fra veicoli in marcia;Incrocio;Una carreggiata a senso unico di marcia;Asciutto;Asfaltata;Assente;Sereno;Normale;Sufficiente;;0;0;0;2;12.5468;41.9412;-1;2;Autovettura privata;In marcia / fermata / arresto;Conducente;M;Illeso;0;;;
5282137;4;13/02/2021 21:50:00;Strada Urbana;VIA ETTORE ROMAGNOLI;all'intersezione con;VIA GUELFO CIVININI;VIA GUELFO CIVININI;;;Scontro frontale/laterale DX fra veicoli in marcia;Incrocio;Una carreggiata a senso unico di marcia;Asciutto;Asfaltata;Assente;Sereno;Normale;Sufficiente;;0;0;0;2;12.5468;41.9412;-1;3;Autovettura privata;Sosta;;;;;;;
5282139;6;12/02/2021 14:25:00;Strada Urbana;VIA DI TOR PIGNATTARA;in prossimit�;;del civico n.;30;;Scontro laterale fra veicoli in marcia;Rettilineo;Una carreggiata a doppio senso;Asciutto;Asfaltata;Verticale ed orizzontale;Sereno;Intenso;Buona;;0;0;0;2;12.5421;41.8796;-1;1;Autovettura privata;In marcia / fermata / arresto;;;;;;;
5282139;6;12/02/2021 14:25:00;Strada Urbana;VIA DI TOR PIGNATTARA;in prossimit�;;del civico n.;30;;Scontro laterale fra veicoli in marcia;Rettilineo;Una carreggiata a doppio senso;Asciutto;Asfaltata;Verticale ed orizzontale;Sereno;Intenso;Buona;;0;0;0;2;12.5421;41.8796;-1;2;Autovettura di polizia;In marcia / fermata / arresto;Conducente;F;Illeso;0;;;
5282139;6;12/02/2021 14:25:00;Strada Urbana;VIA DI TOR PIGNATTARA;in prossimit�;;del civico n.;30;;Scontro laterale fra veicoli in marcia;Rettilineo;Una carreggiata a doppio senso;Asciutto;Asfaltata;Verticale ed orizzontale;Sereno;Intenso;Buona;;0;0;0;2;12.5421;41.8796;-1;2;Autovettura di polizia;In marcia / fermata / arresto;Passeggero;M;Illeso;0;;;
5282143;9;14/02/2021 13:10:00;;Tangenziale Est direzione S. Giovanni;da specificare;;;;PASSAMONTI ALT. SAN LORENZO;Tamponamento;;;;;;;;;;0;0;0;2;12.5205;41.8906;0;1;Autovettura privata;In marcia / fermata / arresto;Conducente;M;Illeso;0;;;
5282143;9;14/02/2021 13:10:00;;Tangenziale Est direzione S. Giovanni;da specificare;;;;PASSAMONTI ALT. SAN LORENZO;Tamponamento;;;;;;;;;;0;0;0;2;12.5205;41.8906;0;2;Autovettura privata;In marcia / fermata / arresto;Conducente;M;Illeso;0;;;
5282147;13;14/02/2021 21:00:00;;VIALE DELLA MARINA;in corrispondenza;;del civico n.;48;;Veicolo in marcia contro veicolo fermo;;;;;;;;;;0;0;0;1;;;0;1;Autovettura privata;In marcia / fermata / arresto;Conducente;F;Illeso;0;;Non accertato;Inesploso
5282147;13;14/02/2021 21:00:00;;VIALE DELLA MARINA;in corrispondenza;;del civico n.;48;;Veicolo in marcia contro veicolo fermo;;;;;;;;;;0;0;0;1;;;0;2;Autovettura privata;In marcia / fermata / arresto;;;;;;;
5282149;11;14/02/2021 00:20:00;Provinciale entro l'abitato;VIA ARDEATINA;all'intersezione con;VIA DELLE SETTE CHIESE;VIA DELLE SETTE CHIESE;;;Scontro frontale/laterale SX fra veicoli in marcia;Incrocio;Una carreggiata a doppio senso;Asciutto;Asfaltata;Verticale ed orizzontale;Sereno;Scarso;Buona;;0;0;0;2;12.5089;41.8584;-1;1;Motociclo a solo;In marcia / fermata / arresto;Conducente;M;Illeso;0;;Non accertato;
5282149;11;14/02/2021 00:20:00;Provinciale entro l'abitato;VIA ARDEATINA;all'intersezione con;VIA DELLE SETTE CHIESE;VIA DELLE SETTE CHIESE;;;Scontro frontale/laterale SX fra veicoli in marcia;Incrocio;Una carreggiata a doppio senso;Asciutto;Asfaltata;Verticale ed orizzontale;Sereno;Scarso;Buona;;0;0;0;2;12.5089;41.8584;-1;2;Autobus turistico;In marcia / fermata / arresto;Conducente;M;Illeso;0;;Non accertato;
5282164;6;14/02/2021 11:40:00;Strada Urbana;VIA ROVIANO;all'intersezione con;VIA CASTELFORTE;VIA CASTELFORTE;;;Investimento di pedone;Incrocio;Una carreggiata a senso unico di marcia;Asciutto;Asfaltata;Verticale;Sereno;Scarso;Buona;;1;0;0;2;12.5565;41.8913;-1;;;;Pedone;F;Rimandato;0;NON DECEDUTO;;
5282164;6;14/02/2021 11:40:00;Strada Urbana;VIA ROVIANO;all'intersezione con;VIA CASTELFORTE;VIA CASTELFORTE;;;Investimento di pedone;Incrocio;Una carreggiata a senso unico di marcia;Asciutto;Asfaltata;Verticale;Sereno;Scarso;Buona;;1;0;0;2;12.5565;41.8913;-1;1;Autovettura privata;In marcia / fermata / arresto;Conducente;M;Illeso;0;;;
5282164;6;14/02/2021 11:40:00;Strada Urbana;VIA ROVIANO;all'intersezione con;VIA CASTELFORTE;VIA CASTELFORTE;;;Investimento di pedone;Incrocio;Una carreggiata a senso unico di marcia;Asciutto;Asfaltata;Verticale;Sereno;Scarso;Buona;;1;0;0;2;12.5565;41.8913;-1;1;Autovettura privata;In marcia / fermata / arresto;Passeggero;F;Illeso;0;;;
5282165;9;14/02/2021 20:35:00;Strada Urbana;VIA VALERIO PUBLICOLA;in corrispondenza;;del civico n.;85;;Veicolo in marcia contro veicoli in sosta;Rettilineo;Due carreggiate;Asciutto;Asfaltata;Assente;Sereno;Scarso;Buona;;0;0;0;1;12.5575;41.8569;-1;1;Autovettura privata;In marcia / fermata / arresto;Conducente;M;Illeso;0;;;
5282165;9;14/02/2021 20:35:00;Strada Urbana;VIA VALERIO PUBLICOLA;in corrispondenza;;del civico n.;85;;Veicolo in marcia contro veicoli in sosta;Rettilineo;Due carreggiate;Asciutto;Asfaltata;Assente;Sereno;Scarso;Buona;;0;0;0;1;12.5575;41.8569;-1;2;Autovettura privata;Sosta;;;;;;;
5282165;9;14/02/2021 20:35:00;Strada Urbana;VIA VALERIO PUBLICOLA;in corrispondenza;;del civico n.;85;;Veicolo in marcia contro veicoli in sosta;Rettilineo;Due carreggiate;Asciutto;Asfaltata;Assente;Sereno;Scarso;Buona;;0;0;0;1;12.5575;41.8569;-1;3;Autovettura privata;Sosta;;;;;;;
5282165;9;14/02/2021 20:35:00;Strada Urbana;VIA VALERIO PUBLICOLA;in corrispondenza;;del civico n.;85;;Veicolo in marcia contro veicoli in sosta;Rettilineo;Due carreggiate;Asciutto;Asfaltata;Assente;Sereno;Scarso;Buona;;0;0;0;1;12.5575;41.8569;-1;4;Autovettura privata;Sosta;;;;;;;
5282174;6;12/02/2021 13:25:00;Strada Urbana;VIA DI ACQUA BULLICANTE;da specificare;;;;AREA PARCHEGGIO LIDL CIVICO 248;Investimento di pedone;Rettilineo;Una carreggiata a doppio senso;Asciutto;Asfaltata;Verticale ed orizzontale;Sereno;Normale;Buona;;1;0;0;1;12.5434;41.889;-1;;;;Pedone;F;Rifiuta cure immediate;0;NON DECEDUTO;;
5282174;6;12/02/2021 13:25:00;Strada Urbana;VIA DI ACQUA BULLICANTE;da specificare;;;;AREA PARCHEGGIO LIDL CIVICO 248;Investimento di pedone;Rettilineo;Una carreggiata a doppio senso;Asciutto;Asfaltata;Verticale ed orizzontale;Sereno;Normale;Buona;;1;0;0;1;12.5434;41.889;-1;1;Autovettura privata;In marcia / fermata / arresto;Conducente;F;Illeso;0;;;
5282176;4;13/02/2021 18:30:00;Strada Urbana;VIA RENATO FUCINI;all'intersezione semaforizzata con;VIA FRANCO SACCHETTI;VIA FRANCO SACCHETTI;;;Scontro laterale fra veicoli in marcia;Incrocio;Due carreggiate;Asciutto;Asfaltata;Verticale ed orizzontale;Nuvoloso;Normale;Buona;;0;0;0;2;12.5474;41.9517;-1;1;Autovettura privata;In marcia / fermata / arresto;Conducente;M;Illeso;0;;;
5282176;4;13/02/2021 18:30:00;Strada Urbana;VIA RENATO FUCINI;all'intersezione semaforizzata con;VIA FRANCO SACCHETTI;VIA FRANCO SACCHETTI;;;Scontro laterale fra veicoli in marcia;Incrocio;Due carreggiate;Asciutto;Asfaltata;Verticale ed orizzontale;Nuvoloso;Normale;Buona;;0;0;0;2;12.5474;41.9517;-1;2;Autovettura privata;In marcia / fermata / arresto;Conducente;F;Illeso;0;;;
5282186;11;14/02/2021 12:00:00;Strada Urbana;VIA DI VIGNA MURATA;all'intersezione con;VIA STEFANO PETRIS;VIA STEFANO PETRIS;;;Veicolo in marcia contro ostacolo fisso;Intersezione stradale segnalata;Una carreggiata a senso unico di marcia;Asciutto;Asfaltata;Verticale;Sereno;Scarso;Buona;;1;0;0;0;12.4987;41.8263;-1;1;Motociclo a solo;In marcia / fermata / arresto;Conducente;M;Rimandato;0;NON DECEDUTO;Non accertato;
5282189;7;14/02/2021 18:50:00;Strada Urbana;VIALE PALMIRO TOGLIATTI;da specificare;;;;in prossimit� di VIA PRENESTINA;Tamponamento;Rettilineo;Due carreggiate;Asciutto;Asfaltata;Verticale;Sereno;Normale;Buona;;0;0;0;4;12.5733;41.8872;-1;1;Autovettura privata;In marcia / fermata / arresto;Conducente;M;Illeso;0;;Non accertato;Inesploso
5282189;7;14/02/2021 18:50:00;Strada Urbana;VIALE PALMIRO TOGLIATTI;da specificare;;;;in prossimit� di VIA PRENESTINA;Tamponamento;Rettilineo;Due carreggiate;Asciutto;Asfaltata;Verticale;Sereno;Normale;Buona;;0;0;0;4;12.5733;41.8872;-1;2;Autovettura privata;In marcia / fermata / arresto;Conducente;M;Illeso;0;;Non utilizzato;Inesploso
5282189;7;14/02/2021 18:50:00;Strada Urbana;VIALE PALMIRO TOGLIATTI;da specificare;;;;in prossimit� di VIA PRENESTINA;Tamponamento;Rettilineo;Due carreggiate;Asciutto;Asfaltata;Verticale;Sereno;Normale;Buona;;0;0;0;4;12.5733;41.8872;-1;2;Autovettura privata;In marcia / fermata / arresto;Passeggero;F;Illeso;0;;Non accertato;Inesploso
5282189;7;14/02/2021 18:50:00;Strada Urbana;VIALE PALMIRO TOGLIATTI;da specificare;;;;in prossimit� di VIA PRENESTINA;Tamponamento;Rettilineo;Due carreggiate;Asciutto;Asfaltata;Verticale;Sereno;Normale;Buona;;0;0;0;4;12.5733;41.8872;-1;2;Autovettura privata;In marcia / fermata / arresto;Passeggero;M;Illeso;0;;Non accertato;Inesploso
5282192;4;14/02/2021 18:10:00;Strada Urbana;VIA SERGIO TOFANO;in prossimit�;;del civico n.;7;;Veicolo in marcia contro veicolo in sosta;Rettilineo;Una carreggiata a doppio senso;Asciutto;Asfaltata;Assente;Sereno;Normale;Buona;;0;0;0;2;12.534;41.9622;-1;1;Autovettura privata;In marcia / fermata / arresto;Conducente;F;Illeso;0;;;
5282192;4;14/02/2021 18:10:00;Strada Urbana;VIA SERGIO TOFANO;in prossimit�;;del civico n.;7;;Veicolo in marcia contro veicolo in sosta;Rettilineo;Una carreggiata a doppio senso;Asciutto;Asfaltata;Assente;Sereno;Normale;Buona;;0;0;0;2;12.534;41.9622;-1;1;Autovettura privata;In marcia / fermata / arresto;Passeggero;M;Illeso;0;;;
5282192;4;14/02/2021 18:10:00;Strada Urbana;VIA SERGIO TOFANO;in prossimit�;;del civico n.;7;;Veicolo in marcia contro veicolo in sosta;Rettilineo;Una carreggiata a doppio senso;Asciutto;Asfaltata;Assente;Sereno;Normale;Buona;;0;0;0;2;12.534;41.9622;-1;2;Autovettura privata;Sosta;;;;;;;
5282193;6;12/02/2021 14:05:00;Strada Urbana;VIALE DELLA PRIMAVERA;da specificare;;;;fronte civico 237;Infortunio per sola frenata improvvisa;Rettilineo;Una carreggiata a senso unico di marcia;Asciutto;Asfaltata;Verticale ed orizzontale;Sereno;Normale;Buona;;1;0;0;0;12.5604;41.8814;-1;1;Motociclo a solo;In marcia / fermata / arresto;Conducente;M;Rimandato;0;NON DECEDUTO;Non accertato;
5282219;12;14/02/2021 03:30:00;Strada Urbana;VIA DEL MARE;in prossimit�;;della chilometrica;14.4;;Veicolo in marcia contro ostacolo accidentale;Rettilineo;Una carreggiata a doppio senso;Asciutto;Asfaltata;Verticale ed orizzontale;Sereno;Scarso;Insufficiente;;0;0;0;1;12.4632;41.8403;-1;1;Autovettura privata;In marcia / fermata / arresto;Conducente;M;Illeso;0;;Non accertato;Inesploso
5282220;5;14/02/2021 19:40:00;Strada Urbana;VIA TIBURTINA;in prossimit�;;del civico n.;465;;Tamponamento;Rettilineo;Due carreggiate;Asciutto;Asfaltata;Verticale ed orizzontale;Sereno;Normale;Sufficiente;;0;0;0;6;12.5386;41.9086;-1;1;Autovettura privata;In marcia / fermata / arresto;Conducente;M;Illeso;0;;Non accertato;Inesploso
5282220;5;14/02/2021 19:40:00;Strada Urbana;VIA TIBURTINA;in prossimit�;;del civico n.;465;;Tamponamento;Rettilineo;Due carreggiate;Asciutto;Asfaltata;Verticale ed orizzontale;Sereno;Normale;Sufficiente;;0;0;0;6;12.5386;41.9086;-1;1;Autovettura privata;In marcia / fermata / arresto;Passeggero;F;Illeso;0;;Non accertato;Inesploso
5282220;5;14/02/2021 19:40:00;Strada Urbana;VIA TIBURTINA;in prossimit�;;del civico n.;465;;Tamponamento;Rettilineo;Due carreggiate;Asciutto;Asfaltata;Verticale ed orizzontale;Sereno;Normale;Sufficiente;;0;0;0;6;12.5386;41.9086;-1;2;Autovettura privata;In marcia / fermata / arresto;Conducente;M;Illeso;0;;Non accertato;
5282220;5;14/02/2021 19:40:00;Strada Urbana;VIA TIBURTINA;in prossimit�;;del civico n.;465;;Tamponamento;Rettilineo;Due carreggiate;Asciutto;Asfaltata;Verticale ed orizzontale;Sereno;Normale;Sufficiente;;0;0;0;6;12.5386;41.9086;-1;2;Autovettura privata;In marcia / fermata / arresto;Passeggero;F;Illeso;0;;Non accertato;Inesploso
5282220;5;14/02/2021 19:40:00;Strada Urbana;VIA TIBURTINA;in prossimit�;;del civico n.;465;;Tamponamento;Rettilineo;Due carreggiate;Asciutto;Asfaltata;Verticale ed orizzontale;Sereno;Normale;Sufficiente;;0;0;0;6;12.5386;41.9086;-1;2;Autovettura privata;In marcia / fermata / arresto;Passeggero;M;Illeso;0;;;
5282220;5;14/02/2021 19:40:00;Strada Urbana;VIA TIBURTINA;in prossimit�;;del civico n.;465;;Tamponamento;Rettilineo;Due carreggiate;Asciutto;Asfaltata;Verticale ed orizzontale;Sereno;Normale;Sufficiente;;0;0;0;6;12.5386;41.9086;-1;2;Autovettura privata;In marcia / fermata / arresto;Passeggero;M;Illeso;0;;;
5282222;17;13/02/2021 17:43:00;Strada Urbana;VIA S. TOMMASO D'AQUINO;in prossimit�;;del civico n.;116;;Veicolo in marcia contro ostacolo accidentale;Rettilineo;Una carreggiata a doppio senso;Asciutto;Asfaltata;Verticale ed orizzontale;Sereno;Normale;Buona;;0;0;0;2;12.4489;41.9123;-1;1;Autovettura privata;In marcia / fermata / arresto;Conducente;F;Illeso;0;;;
5282222;17;13/02/2021 17:43:00;Strada Urbana;VIA S. TOMMASO D'AQUINO;in prossimit�;;del civico n.;116;;Veicolo in marcia contro ostacolo accidentale;Rettilineo;Una carreggiata a doppio senso;Asciutto;Asfaltata;Verticale ed orizzontale;Sereno;Normale;Buona;;0;0;0;2;12.4489;41.9123;-1;1;Autovettura privata;In marcia / fermata / arresto;Passeggero;M;Illeso;0;;;
5282232;11;14/02/2021 22:50:00;Strada Urbana;VIALE GUGLIELMO MARCONI;da specificare;;;;altezza palo luce 58;Tamponamento;Rettilineo;Due carreggiate;Asciutto;Asfaltata;Verticale ed orizzontale;Sereno;Scarso;Buona;;3;0;0;0;12.4713;41.8573;-1;1;Autovettura privata;In marcia / fermata / arresto;Conducente;M;Rimandato;0;NON DECEDUTO;;
5282232;11;14/02/2021 22:50:00;Strada Urbana;VIALE GUGLIELMO MARCONI;da specificare;;;;altezza palo luce 58;Tamponamento;Rettilineo;Due carreggiate;Asciutto;Asfaltata;Verticale ed orizzontale;Sereno;Scarso;Buona;;3;0;0;0;12.4713;41.8573;-1;2;Autovettura di polizia;In marcia / fermata / arresto;Conducente;M;Rifiuta cure immediate;0;NON DECEDUTO;;
5282232;11;14/02/2021 22:50:00;Strada Urbana;VIALE GUGLIELMO MARCONI;da specificare;;;;altezza palo luce 58;Tamponamento;Rettilineo;Due carreggiate;Asciutto;Asfaltata;Verticale ed orizzontale;Sereno;Scarso;Buona;;3;0;0;0;12.4713;41.8573;-1;2;Autovettura di polizia;In marcia / fermata / arresto;Passeggero;M;Rifiuta cure immediate;0;NON DECEDUTO;;
5282253;18;13/02/2021 08:15:00;Strada Urbana;VIA ANGELO RANUCCI;da specificare;;;;in prossimit� di VIA GREGORIO VII;Veicolo in marcia contro veicolo arresto;Rettilineo;Una carreggiata a doppio senso;Bagnato (pioggia);Asfaltata;Verticale ed orizzontale;Pioggia in atto;Normale;Buona;;0;0;0;3;12.45;41.8963;-1;1;Motociclo a solo;In marcia / fermata / arresto;Conducente;M;Illeso;0;;;
5282253;18;13/02/2021 08:15:00;Strada Urbana;VIA ANGELO RANUCCI;da specificare;;;;in prossimit� di VIA GREGORIO VII;Veicolo in marcia contro veicolo arresto;Rettilineo;Una carreggiata a doppio senso;Bagnato (pioggia);Asfaltata;Verticale ed orizzontale;Pioggia in atto;Normale;Buona;;0;0;0;3;12.45;41.8963;-1;2;Ciclomotore;In marcia / fermata / arresto;Conducente;M;Illeso;0;;;
5282253;18;13/02/2021 08:15:00;Strada Urbana;VIA ANGELO RANUCCI;da specificare;;;;in prossimit� di VIA GREGORIO VII;Veicolo in marcia contro veicolo arresto;Rettilineo;Una carreggiata a doppio senso;Bagnato (pioggia);Asfaltata;Verticale ed orizzontale;Pioggia in atto;Normale;Buona;;0;0;0;3;12.45;41.8963;-1;2;Ciclomotore;In marcia / fermata / arresto;Passeggero;M;Illeso;0;;;
5282262;17;14/02/2021 11:40:00;Strada Urbana;PIAZZA DELLE CINQUE GIORNATE;da specificare;;;;fronte Via Settembrini;Scontro frontale/laterale SX fra veicoli in marcia;Rettilineo;Due carreggiate;Asciutto;Asfaltata;Verticale ed orizzontale;Sereno;Normale;Sufficiente;;0;0;0;2;12.4692;41.9142;-1;1;Autovettura pubblica;In marcia / fermata / arresto;Conducente;M;Illeso;0;;;
5282262;17;14/02/2021 11:40:00;Strada Urbana;PIAZZA DELLE CINQUE GIORNATE;da specificare;;;;fronte Via Settembrini;Scontro frontale/laterale SX fra veicoli in marcia;Rettilineo;Due carreggiate;Asciutto;Asfaltata;Verticale ed orizzontale;Sereno;Normale;Sufficiente;;0;0;0;2;12.4692;41.9142;-1;2;Autovettura privata;In marcia / fermata / arresto;Conducente;F;Illeso;0;;;
5282271;1;14/02/2021 14:30:00;Strada Urbana;PONTE SUBLICIO;all'intersezione semaforizzata con;PORTO DI RIPA GRANDE;PORTO DI RIPA GRANDE;;;Scontro frontale/laterale SX fra veicoli in marcia;Intersezione semaforizzata;Una carreggiata a doppio senso;Asciutto;In cubetti di porfido;Verticale ed orizzontale;Sereno;Normale;Buona;;0;0;0;2;12.4752;41.8833;-1;1;Autovettura privata;In marcia / fermata / arresto;Conducente;M;Illeso;0;;;
5282271;1;14/02/2021 14:30:00;Strada Urbana;PONTE SUBLICIO;all'intersezione semaforizzata con;PORTO DI RIPA GRANDE;PORTO DI RIPA GRANDE;;;Scontro frontale/laterale SX fra veicoli in marcia;Intersezione semaforizzata;Una carreggiata a doppio senso;Asciutto;In cubetti di porfido;Verticale ed orizzontale;Sereno;Normale;Buona;;0;0;0;2;12.4752;41.8833;-1;2;Autovettura privata;In marcia / fermata / arresto;Conducente;M;Illeso;0;;;
5282275;9;15/02/2021 07:00:00;Strada Urbana;VIA LA SPEZIA;in prossimit�;;del civico n.;11;;Scontro laterale fra veicoli in marcia;Rettilineo;Una carreggiata a senso unico di marcia;Asciutto;Asfaltata;Verticale ed orizzontale;Sereno;Intenso;Buona;;0;0;0;2;12.5109;41.8858;-1;1;Autocarro superiore 35 q.;In marcia / fermata / arresto;Conducente;M;Illeso;0;;Non accertato;Inesploso