Protocollo;Gruppo;DataOraIncidente;Localizzazione1;STRADA1;Localizzazione2;STRADA2;Strada02;Chilometrica;DaSpecificare;NaturaIncidente;particolaritastrade;TipoStrada;FondoStradale;Pavimentazione;Segnaletica;CondizioneAtmosferica;Traffico;Visibilita;Illuminazione;NUM_FERITI;NUM_RISERVATA;NUM_MORTI;NUM_ILLESI;Longitudine;Latitudine;Confermato;Progressivo;TipoVeicolo;StatoVeicolo;TipoPersona;Sesso;Tipolesione;Deceduto;DecedutoDopo;CinturaCascoUtilizzato;Airbag;
5289021;18;18/02/2021 14:30:00;Statale entro l'abitato;VIA AURELIA;in prossimit�;;del civico n.;560;;Scontro frontale/laterale DX fra veicoli in marcia;Rettilineo;Una carreggiata a doppio senso;Asciutto;Asfaltata;Verticale ed orizzontale;Sereno;Intenso;Buona;;2;0;0;1;12.4184;41.8957;-1;1;Autovettura privata;In marcia / fermata / arresto;Passeggero;M;Illeso;0;;Non accertato;Inesploso
5289021;18;18/02/2021 14:30:00;Statale entro l'abitato;VIA AURELIA;in prossimit�;;del civico n.;560;;Scontro frontale/laterale DX fra veicoli in marcia;Rettilineo;Una carreggiata a doppio senso;Asciutto;Asfaltata;Verticale ed orizzontale;Sereno;Intenso;Buona;;2;0;0;1;12.4184;41.8957;-1;2;Autovettura privata;In marcia / fermata / arresto;Conducente;F;Rimandato;0;NON DECEDUTO;Non accertato;Inesploso
5289027;11;18/02/2021 08:20:00;Strada Urbana;LARGO VIRGILIO BROCCHI;all'intersezione con;VIA GIUSEPPE CASALINUOVO;VIA GIUSEPPE CASALINUOVO;;;Investimento di pedone;Incrocio;Una carreggiata a doppio senso;Asciutto;Asfaltata;Verticale ed orizzontale;Sereno;Scarso;Buona;;2;0;0;1;12.491;41.8431;-1;;;;Pedone;F;Rimandato;0;NON DECEDUTO;;
5289027;11;18/02/2021 08:20:00;Strada Urbana;LARGO VIRGILIO BROCCHI;all'intersezione con;VIA GIUSEPPE CASALINUOVO;VIA GIUSEPPE CASALINUOVO;;;Investimento di pedone;Incrocio;Una carreggiata a doppio senso;Asciutto;Asfaltata;Verticale ed orizzontale;Sereno;Scarso;Buona;;2;0;0;1;12.491;41.8431;-1;;;;Pedone;F;Rimandato;0;NON DECEDUTO;;
5289027;11;18/02/2021 08:20:00;Strada Urbana;LARGO VIRGILIO BROCCHI;all'intersezione con;VIA GIUSEPPE CASALINUOVO;VIA GIUSEPPE CASALINUOVO;;;Investimento di pedone;Incrocio;Una carreggiata a doppio senso;Asciutto;Asfaltata;Verticale ed orizzontale;Sereno;Scarso;Buona;;2;0;0;1;12.491;41.8431;-1;1;Autocarro inferiore 35 q.;In marcia / fermata / arresto;Conducente;M;Illeso;0;;Non accertato;
5289038;20;18/02/2021 16:30:00;Strada Urbana;VIA DELLA GIUSTINIANA;all'intersezione con;VIA PIETRO FERLONI;VIA PIETRO FERLONI;;;Scontro frontale/laterale DX fra veicoli in marcia;Intersezione stradale segnalata;Una carreggiata a doppio senso;Asciutto;Asfaltata;Orizzontale;Sereno;Scarso;Buona;;0;0;0;2;12.4898;42.0004;-1;1;Autovettura privata;In marcia / fermata / arresto;Conducente;M;Illeso;0;;Non accertato;
5289038;20;18/02/2021 16:30:00;Strada Urbana;VIA DELLA GIUSTINIANA;all'intersezione con;VIA PIETRO FERLONI;VIA PIETRO FERLONI;;;Scontro frontale/laterale DX fra veicoli in marcia;Intersezione stradale segnalata;Una carreggiata a doppio senso;Asciutto;Asfaltata;Orizzontale;Sereno;Scarso;Buona;;0;0;0;2;12.4898;42.0004;-1;2;Autovettura privata;In marcia / fermata / arresto;Conducente;M;Illeso;0;;;
5289042;13;06/02/2021 17:50:00;Strada Urbana;VIA DELLE AZZORRE;in corrispondenza;;del civico n.;313;;Scontro laterale fra veicoli in marcia;Rettilineo;Due carreggiate;Asciutto;Asfaltata;Assente;Sereno;Normale;Buona;;0;0;0;3;12.268;41.7402;0;1;Autovettura privata;In marcia / fermata / arresto;Conducente;M;Illeso;0;;;
5289042;13;06/02/2021 17:50:00;Strada Urbana;VIA DELLE AZZORRE;in corrispondenza;;del civico n.;313;;Scontro laterale fra veicoli in marcia;Rettilineo;Due carreggiate;Asciutto;Asfaltata;Assente;Sereno;Normale;Buona;;0;0;0;3;12.268;41.7402;0;1;Autovettura privata;In marcia / fermata / arresto;Passeggero;F;Illeso;0;;;
5289042;13;06/02/2021 17:50:00;Strada Urbana;VIA DELLE AZZORRE;in corrispondenza;;del civico n.;313;;Scontro laterale fra veicoli in marcia;Rettilineo;Due carreggiate;Asciutto;Asfaltata;Assente;Sereno;Normale;Buona;;0;0;0;3;12.268;41.7402;0;1;Autovettura privata;In marcia / fermata / arresto;Passeggero;F;Illeso;0;;;
5289054;18;18/02/2021 16:30:00;Strada Urbana;VIA CORNELIA;all'intersezione con;VIA DI VALLELUNGA;VIA DI VALLELUNGA;;;Scontro laterale fra veicoli in marcia;Intersezione stradale segnalata;Una carreggiata a doppio senso;Asciutto;Asfaltata;Verticale ed orizzontale;Sereno;Normale;Buona;;0;0;0;3;12.393;41.9091;-1;1;Motociclo a solo;In marcia / fermata / arresto;Conducente;M;Illeso;0;;Non accertato;
5289054;18;18/02/2021 16:30:00;Strada Urbana;VIA CORNELIA;all'intersezione con;VIA DI VALLELUNGA;VIA DI VALLELUNGA;;;Scontro laterale fra veicoli in marcia;Intersezione stradale segnalata;Una carreggiata a doppio senso;Asciutto;Asfaltata;Verticale ed orizzontale;Sereno;Normale;Buona;;0;0;0;3;12.393;41.9091;-1;1;Motociclo a solo;In marcia / fermata / arresto;Passeggero;M;Illeso;0;;Non accertato;
5289054;18;18/02/2021 16:30:00;Strada Urbana;VIA CORNELIA;all'intersezione con;VIA DI VALLELUNGA;VIA DI VALLELUNGA;;;Scontro laterale fra veicoli in marcia;Intersezione stradale segnalata;Una carreggiata a doppio senso;Asciutto;Asfaltata;Verticale ed orizzontale;Sereno;Normale;Buona;;0;0;0;3;12.393;41.9091;-1;2;Autovettura privata;In marcia / fermata / arresto;Conducente;F;Illeso;0;;Non accertato;Inesploso
5289066;10;18/02/2021 11:15:00;Strada Urbana;PIAZZA DEI CONSOLI;in corrispondenza;;del civico n.;55;;Veicolo in marcia contro veicolo fermo;Rettilineo;Una carreggiata a senso unico di marcia;Asciutto;Asfaltata;Verticale ed orizzontale;Sereno;Normale;Buona;;0;0;0;3;12.5572;41.8618;-1;1;Autovettura privata;In marcia / fermata / arresto;Conducente;F;Illeso;0;;;Inesploso
5289066;10;18/02/2021 11:15:00;Strada Urbana;PIAZZA DEI CONSOLI;in corrispondenza;;del civico n.;55;;Veicolo in marcia contro veicolo fermo;Rettilineo;Una carreggiata a senso unico di marcia;Asciutto;Asfaltata;Verticale ed orizzontale;Sereno;Normale;Buona;;0;0;0;3;12.5572;41.8618;-1;1;Autovettura privata;In marcia / fermata / arresto;Passeggero;M;Illeso;0;;;Inesploso
5289066;10;18/02/2021 11:15:00;Strada Urbana;PIAZZA DEI CONSOLI;in corrispondenza;;del civico n.;55;;Veicolo in marcia contro veicolo fermo;Rettilineo;Una carreggiata a senso unico di marcia;Asciutto;Asfaltata;Verticale ed orizzontale;Sereno;Normale;Buona;;0;0;0;3;12.5572;41.8618;-1;2;Autovettura privata;In marcia / fermata / arresto;Conducente;F;Illeso;0;;;Inesploso
5289073;11;18/02/2021 12:35:00;Strada Urbana;VIA DELL'ACCADEMIA PELORITANA;all'intersezione con;VIA ACCADEMIA DEGLI AGIATI;VIA ACCADEMIA DEGLI AGIATI;;;Scontro frontale/laterale DX fra veicoli in marcia;Intersezione stradale segnalata;Una carreggiata a senso unico di marcia;Asciutto;Asfaltata;Verticale ed orizzontale;Sereno;Normale;Buona;;0;0;0;3;12.4895;41.8515;-1;1;Autovettura privata;In marcia / fermata / arresto;Conducente;M;Illeso;0;;;
5289073;11;18/02/2021 12:35:00;Strada Urbana;VIA DELL'ACCADEMIA PELORITANA;all'intersezione con;VIA ACCADEMIA DEGLI AGIATI;VIA ACCADEMIA DEGLI AGIATI;;;Scontro frontale/laterale DX fra veicoli in marcia;Intersezione stradale segnalata;Una carreggiata a senso unico di marcia;Asciutto;Asfaltata;Verticale ed orizzontale;Sereno;Normale;Buona;;0;0;0;3;12.4895;41.8515;-1;1;Autovettura privata;In marcia / fermata / arresto;Passeggero;M;Illeso;0;;;
5289073;11;18/02/2021 12:35:00;Strada Urbana;VIA DELL'ACCADEMIA PELORITANA;all'intersezione con;VIA ACCADEMIA DEGLI AGIATI;VIA ACCADEMIA DEGLI AGIATI;;;Scontro frontale/laterale DX fra veicoli in marcia;Intersezione stradale segnalata;Una carreggiata a senso unico di marcia;Asciutto;Asfaltata;Verticale ed orizzontale;Sereno;Normale;Buona;;0;0;0;3;12.4895;41.8515;-1;2;Autovettura privata;In marcia / fermata / arresto;Conducente;M;Illeso;0;;;
5289077;18;18/02/2021 15:30:00;Strada Urbana;VIA DI BOCCEA;all'intersezione con;VIA DELLA STORTA;VIA DELLA STORTA;;;Scontro frontale/laterale SX fra veicoli in marcia;Intersezione stradale segnalata;Due carreggiate;Asciutto;Asfaltata;Verticale ed orizzontale;Sereno;Intenso;Buona;;0;0;0;3;12.3533;41.928;-1;1;Autovettura privata;In marcia / fermata / arresto;Conducente;M;Illeso;0;;Non accertato;Inesploso
5289077;18;18/02/2021 15:30:00;Strada Urbana;VIA DI BOCCEA;all'intersezione con;VIA DELLA STORTA;VIA DELLA STORTA;;;Scontro frontale/laterale SX fra veicoli in marcia;Intersezione stradale segnalata;Due carreggiate;Asciutto;Asfaltata;Verticale ed orizzontale;Sereno;Intenso;Buona;;0;0;0;3;12.3533;41.928;-1;1;Autovettura privata;In marcia / fermata / arresto;Passeggero;F;Illeso;0;;Non accertato;Inesploso
5289077;18;18/02/2021 15:30:00;Strada Urbana;VIA DI BOCCEA;all'intersezione con;VIA DELLA STORTA;VIA DELLA STORTA;;;Scontro frontale/laterale SX fra veicoli in marcia;Intersezione stradale segnalata;Due carreggiate;Asciutto;Asfaltata;Verticale ed orizzontale;Sereno;Intenso;Buona;;0;0;0;3;12.3533;41.928;-1;2;Autovettura privata;In marcia / fermata / arresto;Conducente;M;Illeso;0;;Non accertato;Inesploso
5289087;4;18/02/2021 08:45:00;Strada Urbana;VIA DEI PRATI FISCALI;in corrispondenza;;del civico n.;211;;Scontro laterale fra veicoli in marcia;Rettilineo;Una carreggiata a senso unico di marcia;Asciutto;Asfaltata;Verticale;Sereno;Normale;Buona;;1;0;0;2;12.5186;41.9462;-1;1;Autovettura privata;In marcia / fermata / arresto;Conducente;F;Rifiuta cure immediate;0;NON DECEDUTO;Non accertato;Inesploso
5289087;4;18/02/2021 08:45:00;Strada Urbana;VIA DEI PRATI FISCALI;in corrispondenza;;del civico n.;211;;Scontro laterale fra veicoli in marcia;Rettilineo;Una carreggiata a senso unico di marcia;Asciutto;Asfaltata;Verticale;Sereno;Normale;Buona;;1;0;0;2;12.5186;41.9462;-1;2;Autovettura privata;In marcia / fermata / arresto;Conducente;M;Illeso;0;;Non accertato;Inesploso
5289087;4;18/02/2021 08:45:00;Strada Urbana;VIA DEI PRATI FISCALI;in corrispondenza;;del civico n.;211;;Scontro laterale fra veicoli in marcia;Rettilineo;Una carreggiata a senso unico di marcia;Asciutto;Asfaltata;Verticale;Sereno;Normale;Buona;;1;0;0;2;12.5186;41.9462;-1;2;Autovettura privata;In marcia / fermata / arresto;Passeggero;F;Illeso;0;;Non accertato;Inesploso
5289087;4;18/02/2021 08:45:00;Strada Urbana;VIA DEI PRATI FISCALI;in corrispondenza;;del civico n.;211;;Scontro laterale fra veicoli in marcia;Rettilineo;Una carreggiata a senso unico di marcia;Asciutto;Asfaltata;Verticale;Sereno;Normale;Buona;;1;0;0;2;12.5186;41.9462;-1;3;Autovettura privata;Sosta;;;;;;;
5289088;5;18/02/2021 17:00:00;Strada Urbana;VIA DEI MONTI DI PIETRALATA;all'intersezione con;VIA GERARDO CHIAROMONTE;VIA GERARDO CHIAROMONTE;;;Tamponamento Multiplo;Intersezione stradale segnalata;Una carreggiata a senso unico di marcia;Asciutto;Asfaltata;Verticale ed orizzontale;Sereno;Normale;Sufficiente;;0;0;0;6;12.5323;41.9159;-1;1;Autovettura privata;In marcia / fermata / arresto;Conducente;F;Illeso;0;;Non accertato;
5289088;5;18/02/2021 17:00:00;Strada Urbana;VIA DEI MONTI DI PIETRALATA;all'intersezione con;VIA GERARDO CHIAROMONTE;VIA GERARDO CHIAROMONTE;;;Tamponamento Multiplo;Intersezione stradale segnalata;Una carreggiata a senso unico di marcia;Asciutto;Asfaltata;Verticale ed orizzontale;Sereno;Normale;Sufficiente;;0;0;0;6;12.5323;41.9159;-1;2;Autocarro inferiore 35 q.;In marcia / fermata / arresto;Conducente;M;Illeso;0;;Non accertato;Inesploso
5289088;5;18/02/2021 17:00:00;Strada Urbana;VIA DEI MONTI DI PIETRALATA;all'intersezione con;VIA GERARDO CHIAROMONTE;VIA GERARDO CHIAROMONTE;;;Tamponamento Multiplo;Intersezione stradale segnalata;Una carreggiata a senso unico di marcia;Asciutto;Asfaltata;Verticale ed orizzontale;Sereno;Normale;Sufficiente;;0;0;0;6;12.5323;41.9159;-1;2;Autocarro inferiore 35 q.;In marcia / fermata / arresto;Passeggero;M;Illeso;0;;Non accertato;Inesploso
5289088;5;18/02/2021 17:00:00;Strada Urbana;VIA DEI MONTI DI PIETRALATA;all'intersezione con;VIA GERARDO CHIAROMONTE;VIA GERARDO CHIAROMONTE;;;Tamponamento Multiplo;Intersezione stradale segnalata;Una carreggiata a senso unico di marcia;Asciutto;Asfaltata;Verticale ed orizzontale;Sereno;Normale;Sufficiente;;0;0;0;6;12.5323;41.9159;-1;2;Autocarro inferiore 35 q.;In marcia / fermata / arresto;Passeggero;M;Illeso;0;;Non accertato;Inesploso
5289088;5;18/02/2021 17:00:00;Strada Urbana;VIA DEI MONTI DI PIETRALATA;all'intersezione con;VIA GERARDO CHIAROMONTE;VIA GERARDO CHIAROMONTE;;;Tamponamento Multiplo;Intersezione stradale segnalata;Una carreggiata a senso unico di marcia;Asciutto;Asfaltata;Verticale ed orizzontale;Sereno;Normale;Sufficiente;;0;0;0;6;12.5323;41.9159;-1;3;Autovettura privata;In marcia / fermata / arresto;Conducente;M;Illeso;0;;Non accertato;Inesploso
5289088;5;18/02/2021 17:00:00;Strada Urbana;VIA DEI MONTI DI PIETRALATA;all'intersezione con;VIA GERARDO CHIAROMONTE;VIA GERARDO CHIAROMONTE;;;Tamponamento Multiplo;Intersezione stradale segnalata;Una carreggiata a senso unico di marcia;Asciutto;Asfaltata;Verticale ed orizzontale;Sereno;Normale;Sufficiente;;0;0;0;6;12.5323;41.9159;-1;3;Autovettura privata;In marcia / fermata / arresto;Passeggero;M;Illeso;0;;Non accertato;Inesploso
5289093;4;18/02/2021 08:05:00;Strada Urbana;VIA GIANNA PEDERZINI;da specificare;;;;in prossimit� del Viadotto Saragat;Scontro laterale fra veicoli in marcia;Rettilineo;Una carreggiata a doppio senso;Asciutto;Asfaltata;Orizzontale;Sereno;Normale;Buona;;0;0;0;4;12.5207;41.9716;-1;1;Autovettura privata;In marcia / fermata / arresto;Conducente;M;Illeso;0;;;
5289093;4;18/02/2021 08:05:00;Strada Urbana;VIA GIANNA PEDERZINI;da specificare;;;;in prossimit� del Viadotto Saragat;Scontro laterale fra veicoli in marcia;Rettilineo;Una carreggiata a doppio senso;Asciutto;Asfaltata;Orizzontale;Sereno;Normale;Buona;;0;0;0;4;12.5207;41.9716;-1;1;Autovettura privata;In marcia / fermata / arresto;Passeggero;F;Illeso;0;;Non accertato;Inesploso
5289093;4;18/02/2021 08:05:00;Strada Urbana;VIA GIANNA PEDERZINI;da specificare;;;;in prossimit� del Viadotto Saragat;Scontro laterale fra veicoli in marcia;Rettilineo;Una carreggiata a doppio senso;Asciutto;Asfaltata;Orizzontale;Sereno;Normale;Buona;;0;0;0;4;12.5207;41.9716;-1;2;Autovettura privata;In marcia / fermata / arresto;Conducente;F;Illeso;0;;;
5289093;4;18/02/2021 08:05:00;Strada Urbana;VIA GIANNA PEDERZINI;da specificare;;;;in prossimit� del Viadotto Saragat;Scontro laterale fra veicoli in marcia;Rettilineo;Una carreggiata a doppio senso;Asciutto;Asfaltata;Orizzontale;Sereno;Normale;Buona;;0;0;0;4;12.5207;41.9716;-1;2;Autovettura privata;In marcia / fermata / arresto;Passeggero;F;Illeso;0;;Non accertato;Inesploso
5289104;18;18/02/2021 20:30:00;Strada Urbana;PIAZZALE GREGORIO VII;da specificare;;;;in prossimit� di via Sergio I;Investimento di pedone;Rettilineo;Pi� di due carreggiate;Asciutto;Asfaltata;Verticale ed orizzontale;Sereno;Scarso;Sufficiente;;0;0;0;2;12.4514;41.8989;-1;;;;Pedone;F;Illeso;0;;;
5289104;18;18/02/2021 20:30:00;Strada Urbana;PIAZZALE GREGORIO VII;da specificare;;;;in prossimit� di via Sergio I;Investimento di pedone;Rettilineo;Pi� di due carreggiate;Asciutto;Asfaltata;Verticale ed orizzontale;Sereno;Scarso;Sufficiente;;0;0;0;2;12.4514;41.8989;-1;1;Motociclo a solo;In marcia / fermata / arresto;Conducente;M;Illeso;0;;Non accertato;
5289134;11;18/02/2021 14:00:00;Strada Urbana;VIA ARDEATINA;in prossimit�;;del civico n.;404;;Tamponamento;Rettilineo;Una carreggiata a doppio senso;Asciutto;Asfaltata;Verticale ed orizzontale;Sereno;Intenso;Buona;;1;0;0;3;12.5171;41.8405;-1;1;Autovettura privata;In marcia / fermata / arresto;Conducente;M;Illeso;0;;;
5289134;11;18/02/2021 14:00:00;Strada Urbana;VIA ARDEATINA;in prossimit�;;del civico n.;404;;Tamponamento;Rettilineo;Una carreggiata a doppio senso;Asciutto;Asfaltata;Verticale ed orizzontale;Sereno;Intenso;Buona;;1;0;0;3;12.5171;41.8405;-1;1;Autovettura privata;In marcia / fermata / arresto;Passeggero;F;Illeso;0;;;
5289134;11;18/02/2021 14:00:00;Strada Urbana;VIA ARDEATINA;in prossimit�;;del civico n.;404;;Tamponamento;Rettilineo;Una carreggiata a doppio senso;Asciutto;Asfaltata;Verticale ed orizzontale;Sereno;Intenso;Buona;;1;0;0;3;12.5171;41.8405;-1;1;Autovettura privata;In marcia / fermata / arresto;Passeggero;F;Rimandato;0;NON DECEDUTO;;
5289134;11;18/02/2021 14:00:00;Strada Urbana;VIA ARDEATINA;in prossimit�;;del civico n.;404;;Tamponamento;Rettilineo;Una carreggiata a doppio senso;Asciutto;Asfaltata;Verticale ed orizzontale;Sereno;Intenso;Buona;;1;0;0;3;12.5171;41.8405;-1;2;Autovettura privata;In marcia / fermata / arresto;Conducente;M;Illeso;0;;;
5289135;12;18/02/2021 18:30:00;Strada Urbana;VIA DI CASTEL DI LEVA;all'intersezione con;VIA DI TORRE S. ANASTASIA;VIA DI TORRE S. ANASTASIA;;;Veicolo in marcia contro ostacolo accidentale;Intersezione stradale segnalata;Una carreggiata a doppio senso;Asciutto;Asfaltata;Verticale ed orizzontale;Sereno;Normale;Sufficiente;;0;0;0;1;12.5151;41.7869;-1;1;Autovettura privata;In marcia / fermata / arresto;Conducente;M;Illeso;0;;Utilizzato;Inesploso
5289142;13;18/02/2021 11:40:00;Strada Urbana;VIA DOMENICO PURIFICATO;in corrispondenza;;del civico n.;42;;Veicolo in marcia contro ostacolo accidentale;Rettilineo;Una carreggiata a doppio senso;Asciutto;Asfaltata;Assente;Sereno;Normale;Buona;;1;0;0;0;12.3575;41.7702;-1;1;Motociclo a solo;In marcia / fermata / arresto;Conducente;M;Rimandato;0;NON DECEDUTO;Non accertato;
5289143;4;18/02/2021 11:00:00;Strada Urbana;VIA GIUSEPPE PRINA;in corrispondenza;;del civico n.;32;;Scontro laterale fra veicoli in marcia;Rettilineo;Una carreggiata a doppio senso;Asciutto;Asfaltata;Orizzontale;Sereno;Normale;Buona;;0;0;0;2;12.523;41.9579;-1;1;Autocarro inferiore 35 q.;In marcia / fermata / arresto;Conducente;M;Illeso;0;;;
5289143;4;18/02/2021 11:00:00;Strada Urbana;VIA GIUSEPPE PRINA;in corrispondenza;;del civico n.;32;;Scontro laterale fra veicoli in marcia;Rettilineo;Una carreggiata a doppio senso;Asciutto;Asfaltata;Orizzontale;Sereno;Normale;Buona;;0;0;0;2;12.523;41.9579;-1;2;Autovettura privata;In marcia / fermata / arresto;Conducente;M;Illeso;0;;Non accertato;Inesploso
5289153;1;18/02/2021 16:25:00;Strada Urbana;LUNGOTEVERE TESTACCIO;all'intersezione con;VIA ANDREA CHECCHI;VIA ANDREA CHECCHI;;;Scontro frontale/laterale DX fra veicoli in marcia;Incrocio;Una carreggiata a doppio senso;Asciutto;Asfaltata;Verticale ed orizzontale;Sereno;Normale;Buona;;1;0;0;1;12.4707;41.8777;-1;1;Motociclo a solo;In marcia / fermata / arresto;Conducente;M;Rimandato;0;NON DECEDUTO;;
5289153;1;18/02/2021 16:25:00;Strada Urbana;LUNGOTEVERE TESTACCIO;all'intersezione con;VIA ANDREA CHECCHI;VIA ANDREA CHECCHI;;;Scontro frontale/laterale DX fra veicoli in marcia;Incrocio;Una carreggiata a doppio senso;Asciutto;Asfaltata;Verticale ed orizzontale;Sereno;Normale;Buona;;1;0;0;1;12.4707;41.8777;-1;2;Autovettura privata;In marcia / fermata / arresto;Conducente;M;Illeso;0;;;
5289186;11;18/02/2021 17:00:00;Strada Urbana;LUNGOTEVERE DI PIETRA PAPA;all'intersezione semaforizzata con;VIALE GUGLIELMO MARCONI;VIALE GUGLIELMO MARCONI;;;Scontro laterale fra veicoli in marcia;Intersezione semaforizzata;Due carreggiate;Asciutto;Asfaltata;Verticale ed orizzontale;Sereno;Intenso;Buona;;0;0;0;2;12.4703;41.8614;-1;1;Autovettura privata;In marcia / fermata / arresto;Conducente;M;Illeso;0;;Non accertato;
5289186;11;18/02/2021 17:00:00;Strada Urbana;LUNGOTEVERE DI PIETRA PAPA;all'intersezione semaforizzata con;VIALE GUGLIELMO MARCONI;VIALE GUGLIELMO MARCONI;;;Scontro laterale fra veicoli in marcia;Intersezione semaforizzata;Due carreggiate;Asciutto;Asfaltata;Verticale ed orizzontale;Sereno;Intenso;Buona;;0;0;0;2;12.4703;41.8614;-1;2;Autovettura privata;In marcia / fermata / arresto;Conducente;F;Illeso;0;;Non accertato;
5289197;4;18/02/2021 19:15:00;Strada Urbana;VIA CARLO LORENZINI;in prossimit�;;del civico n.;32;;Scontro laterale fra veicoli in marcia;Curva a visuale libera;Una carreggiata a doppio senso;Asciutto;Asfaltata;Assente;Sereno;Scarso;Buona;;0;0;0;2;12.5565;41.9444;-1;1;Autovettura privata;In marcia / fermata / arresto;Conducente;F;Illeso;0;;Non accertato;Inesploso
5289197;4;18/02/2021 19:15:00;Strada Urbana;VIA CARLO LORENZINI;in prossimit�;;del civico n.;32;;Scontro laterale fra veicoli in marcia;Curva a visuale libera;Una carreggiata a doppio senso;Asciutto;Asfaltata;Assente;Sereno;Scarso;Buona;;0;0;0;2;12.5565;41.9444;-1;2;Autovettura privata;In marcia / fermata / arresto;Conducente;M;Illeso;0;;Non accertato;Inesploso
5289202;11;18/02/2021 20:30:00;Strada Urbana;LARGO LAMBERTO LORIA;da specificare;;;;fronte civico 5;Tamponamento;Curva a visuale libera;Una carreggiata a senso unico di marcia;Asciutto;Asfaltata;Orizzontale;Sereno;Scarso;Sufficiente;;0;0;0;2;12.4985;41.8621;-1;1;Autovettura privata;In marcia / fermata / arresto;Conducente;M;Illeso;0;;;
5289202;11;18/02/2021 20:30:00;Strada Urbana;LARGO LAMBERTO LORIA;da specificare;;;;fronte civico 5;Tamponamento;Curva a visuale libera;Una carreggiata a senso unico di marcia;Asciutto;Asfaltata;Orizzontale;Sereno;Scarso;Sufficiente;;0;0;0;2;12.4985;41.8621;-1;2;Autovettura privata;In marcia / fermata / arresto;Conducente;F;Illeso;0;;;
5289213;4;18/02/2021 20:30:00;Strada Urbana;VIA SUVERETO;in corrispondenza;;del civico n.;46;;Veicolo in marcia contro animale;Rettilineo;Due carreggiate;Asciutto;Asfaltata;Verticale ed orizzontale;Sereno;Normale;Buona;;0;0;0;1;12.5184;41.9545;-1;1;Motociclo a solo;In marcia / fermata / arresto;Conducente;M;Illeso;0;;;
5289220;19;18/02/2021 10:35:00;Strada Urbana;VIA CARDINALE MERCATI;da specificare;;;;fronte civico 16;Veicolo in marcia contro veicolo in sosta;Curva a visuale libera;Una carreggiata a senso unico di marcia;Asciutto;Asfaltata;Assente;Sereno;Scarso;Buona;;0;0;0;1;12.4186;41.9207;-1;1;Autovettura privata;In marcia / fermata / arresto;Conducente;M;Illeso;0;;Non accertato;Inesploso
5289220;19;18/02/2021 10:35:00;Strada Urbana;VIA CARDINALE MERCATI;da specificare;;;;fronte civico 16;Veicolo in marcia contro veicolo in sosta;Curva a visuale libera;Una carreggiata a senso unico di marcia;Asciutto;Asfaltata;Assente;Sereno;Scarso;Buona;;0;0;0;1;12.4186;41.9207;-1;2;Motociclo a solo;Sosta;;;;;;;
5289233;19;18/02/2021 08:30:00;Strada Urbana;VIA DI TORREVECCHIA;all'intersezione con;VIA MARIANO LUIGI PATRIZI;VIA MARIANO LUIGI PATRIZI;;;Scontro frontale/laterale SX fra veicoli in marcia;Intersezione stradale segnalata;Una carreggiata a doppio senso;Asciutto;Asfaltata;Verticale;Sereno;Scarso;Buona;;0;0;0;2;12.4176;41.9294;-1;1;Autovettura privata;In marcia / fermata / arresto;Conducente;F;Illeso;0;;Non accertato;Inesploso
5289233;19;18/02/2021 08:30:00;Strada Urbana;VIA DI TORREVECCHIA;all'intersezione con;VIA MARIANO LUIGI PATRIZI;VIA MARIANO LUIGI PATRIZI;;;Scontro frontale/laterale SX fra veicoli in marcia;Intersezione stradale segnalata;Una carreggiata a doppio senso;Asciutto;Asfaltata;Verticale;Sereno;Scarso;Buona;;0;0;0;2;12.4176;41.9294;-1;2;Motociclo a solo;In marcia / fermata / arresto;Conducente;F;Illeso;0;;Non accertato;
5289236;7;18/02/2021 19:35:00;Strada Urbana;VIA CASILINA;in prossimit�;;del palo luce n.;246;;Scontro laterale fra veicoli in marcia;Rettilineo;Due carreggiate;Asciutto;Asfaltata;Orizzontale;Sereno;Scarso;Buona;;1;0;0;1;12.6212;41.8626;-1;1;Autovettura privata;In marcia / fermata / arresto;Conducente;M;Illeso;0;;;
5289236;7;18/02/2021 19:35:00;Strada Urbana;VIA CASILINA;in prossimit�;;del palo luce n.;246;;Scontro laterale fra veicoli in marcia;Rettilineo;Due carreggiate;Asciutto;Asfaltata;Orizzontale;Sereno;Scarso;Buona;;1;0;0;1;12.6212;41.8626;-1;2;Velocipede;In marcia / fermata / arresto;Conducente;F;Rimandato;0;NON DECEDUTO;Esente;
5289282;1;18/02/2021 15:00:00;Strada Urbana;LUNGOTEVERE IN AUGUSTA;da specificare;;;;ALT. ARA PACIS;Scontro laterale fra veicoli in marcia;Rettilineo;Una carreggiata a senso unico di marcia;Asciutto;Acciotolata;Verticale ed orizzontale;Sereno;Intenso;Buona;;0;0;0;2;12.4748;41.9076;-1;1;Autovettura privata;In marcia / fermata / arresto;Conducente;F;Illeso;0;;;
5289282;1;18/02/2021 15:00:00;Strada Urbana;LUNGOTEVERE IN AUGUSTA;da specificare;;;;ALT. ARA PACIS;Scontro laterale fra veicoli in marcia;Rettilineo;Una carreggiata a senso unico di marcia;Asciutto;Acciotolata;Verticale ed orizzontale;Sereno;Intenso;Buona;;0;0;0;2;12.4748;41.9076;-1;2;Autovettura privata;In marcia / fermata / arresto;Conducente;M;Illeso;0;;;