Protocollo;Gruppo;DataOraIncidente;Localizzazione1;STRADA1;Localizzazione2;STRADA2;Strada02;Chilometrica;DaSpecificare;NaturaIncidente;particolaritastrade;TipoStrada;FondoStradale;Pavimentazione;Segnaletica;CondizioneAtmosferica;Traffico;Visibilita;Illuminazione;NUM_FERITI;NUM_RISERVATA;NUM_MORTI;NUM_ILLESI;Longitudine;Latitudine;Confermato;Progressivo;TipoVeicolo;StatoVeicolo;TipoPersona;Sesso;Tipolesione;Deceduto;DecedutoDopo;CinturaCascoUtilizzato;Airbag;
5290154;13;19/02/2021 08:15:00;Strada Urbana;VIA CRISTOFORO COLOMBO;da specificare;;;;prossimit� VIA DI CASALPALOCCO;Tamponamento Multiplo;Rettilineo;Pi� di due carreggiate;Asciutto;Asfaltata;Verticale ed orizzontale;Sereno;Normale;Buona;;1;0;0;4;12.4536;41.8089;-1;2;Autovettura privata;In marcia / fermata / arresto;Conducente;M;Rimandato;0;NON DECEDUTO;Non accertato;Inesploso
5290154;13;19/02/2021 08:15:00;Strada Urbana;VIA CRISTOFORO COLOMBO;da specificare;;;;prossimit� VIA DI CASALPALOCCO;Tamponamento Multiplo;Rettilineo;Pi� di due carreggiate;Asciutto;Asfaltata;Verticale ed orizzontale;Sereno;Normale;Buona;;1;0;0;4;12.4536;41.8089;-1;3;Autovettura privata;In marcia / fermata / arresto;Conducente;M;Illeso;0;;Non accertato;Inesploso
5290154;13;19/02/2021 08:15:00;Strada Urbana;VIA CRISTOFORO COLOMBO;da specificare;;;;prossimit� VIA DI CASALPALOCCO;Tamponamento Multiplo;Rettilineo;Pi� di due carreggiate;Asciutto;Asfaltata;Verticale ed orizzontale;Sereno;Normale;Buona;;1;0;0;4;12.4536;41.8089;-1;3;Autovettura privata;In marcia / fermata / arresto;Passeggero;F;Illeso;0;;Non accertato;Inesploso
5290154;13;19/02/2021 08:15:00;Strada Urbana;VIA CRISTOFORO COLOMBO;da specificare;;;;prossimit� VIA DI CASALPALOCCO;Tamponamento Multiplo;Rettilineo;Pi� di due carreggiate;Asciutto;Asfaltata;Verticale ed orizzontale;Sereno;Normale;Buona;;1;0;0;4;12.4536;41.8089;-1;3;Autovettura privata;In marcia / fermata / arresto;Passeggero;M;Illeso;0;;Non accertato;Inesploso
5290178;15;19/02/2021 07:10:00;Strada Urbana;VIA DELLE VIGNE;all'intersezione con;VIA LANFRANCO MAROI;VIA LANFRANCO MAROI;;;Scontro frontale/laterale DX fra veicoli in marcia;Intersezione stradale segnalata;Una carreggiata a doppio senso;Asciutto;Asfaltata;Verticale;Sereno;Normale;Buona;;1;0;0;1;12.422;41.8404;-1;1;Autovettura privata;In marcia / fermata / arresto;Conducente;M;Illeso;0;;Non accertato;
5290178;15;19/02/2021 07:10:00;Strada Urbana;VIA DELLE VIGNE;all'intersezione con;VIA LANFRANCO MAROI;VIA LANFRANCO MAROI;;;Scontro frontale/laterale DX fra veicoli in marcia;Intersezione stradale segnalata;Una carreggiata a doppio senso;Asciutto;Asfaltata;Verticale;Sereno;Normale;Buona;;1;0;0;1;12.422;41.8404;-1;2;Autovettura privata;In marcia / fermata / arresto;Conducente;M;Rifiuta cure immediate;0;NON DECEDUTO;Utilizzato;Esploso
5290180;1;19/02/2021 14:35:00;Strada Urbana;PIAZZA DEL COLOSSEO;all'intersezione semaforizzata con;VIA DI S. GIOVANNI IN LATERANO;VIA DI S. GIOVANNI IN LATERANO;;;Scontro laterale fra veicoli in marcia;Intersezione semaforizzata;Una carreggiata a doppio senso;;;;;;;;0;0;0;3;;;0;1;Autovettura privata;In marcia / fermata / arresto;Conducente;F;Illeso;0;;Non accertato;Inesploso
5290180;1;19/02/2021 14:35:00;Strada Urbana;PIAZZA DEL COLOSSEO;all'intersezione semaforizzata con;VIA DI S. GIOVANNI IN LATERANO;VIA DI S. GIOVANNI IN LATERANO;;;Scontro laterale fra veicoli in marcia;Intersezione semaforizzata;Una carreggiata a doppio senso;;;;;;;;0;0;0;3;;;0;1;Autovettura privata;In marcia / fermata / arresto;Passeggero;M;Illeso;0;;;
5290180;1;19/02/2021 14:35:00;Strada Urbana;PIAZZA DEL COLOSSEO;all'intersezione semaforizzata con;VIA DI S. GIOVANNI IN LATERANO;VIA DI S. GIOVANNI IN LATERANO;;;Scontro laterale fra veicoli in marcia;Intersezione semaforizzata;Una carreggiata a doppio senso;;;;;;;;0;0;0;3;;;0;2;Autovettura privata;In marcia / fermata / arresto;Conducente;M;Illeso;0;;Non accertato;Inesploso
5290203;6;19/02/2021 17:30:00;Strada Urbana;VIA RUGGERO D'ALTAVILLA;all'intersezione con;VIA AMICO DA VENAFRO;VIA AMICO DA VENAFRO;;;Investimento di pedone;Incrocio;Due carreggiate;Asciutto;Asfaltata;Orizzontale;Sereno;Scarso;Buona;;1;0;0;1;12.5337;41.8912;0;;;;Pedone;M;Rimandato;0;NON DECEDUTO;;
5290203;6;19/02/2021 17:30:00;Strada Urbana;VIA RUGGERO D'ALTAVILLA;all'intersezione con;VIA AMICO DA VENAFRO;VIA AMICO DA VENAFRO;;;Investimento di pedone;Incrocio;Due carreggiate;Asciutto;Asfaltata;Orizzontale;Sereno;Scarso;Buona;;1;0;0;1;12.5337;41.8912;0;1;Motociclo a solo;In marcia / fermata / arresto;Conducente;M;Illeso;0;;Non accertato;
5290296;13;19/02/2021 08:40:00;Strada Urbana;VIA PINDARO;in corrispondenza;;del civico n.;289;;Scontro frontale/laterale DX fra veicoli in marcia;Rettilineo;Una carreggiata a doppio senso;Asciutto;Asfaltata;Orizzontale;Sereno;Normale;Buona;;0;0;0;2;12.3674;41.7566;-1;1;Autovettura privata;In marcia / fermata / arresto;Conducente;M;Illeso;0;;Non accertato;Inesploso
5290296;13;19/02/2021 08:40:00;Strada Urbana;VIA PINDARO;in corrispondenza;;del civico n.;289;;Scontro frontale/laterale DX fra veicoli in marcia;Rettilineo;Una carreggiata a doppio senso;Asciutto;Asfaltata;Orizzontale;Sereno;Normale;Buona;;0;0;0;2;12.3674;41.7566;-1;2;Autovettura privata;In marcia / fermata / arresto;Conducente;M;Illeso;0;;Non accertato;Inesploso
5290398;16;19/02/2021 07:45:00;Strada Urbana;VIA DELLA PISANA;in prossimit�;;del civico n.;278;;Scontro frontale/laterale SX fra veicoli in marcia;Rettilineo;Una carreggiata a doppio senso;Asciutto;Asfaltata;Verticale;Sereno;Normale;Buona;;0;0;0;2;12.4145;41.8765;-1;1;Autovettura privata;In marcia / fermata / arresto;Conducente;F;Illeso;0;;Non accertato;Inesploso
5290398;16;19/02/2021 07:45:00;Strada Urbana;VIA DELLA PISANA;in prossimit�;;del civico n.;278;;Scontro frontale/laterale SX fra veicoli in marcia;Rettilineo;Una carreggiata a doppio senso;Asciutto;Asfaltata;Verticale;Sereno;Normale;Buona;;0;0;0;2;12.4145;41.8765;-1;2;Motociclo a solo;In marcia / fermata / arresto;Conducente;M;Illeso;0;;Non accertato;
5290408;16;19/02/2021 08:45:00;Strada Urbana;VIA BERNARDINO RAMAZZINI;in prossimit�;;del civico n.;80;;Scontro frontale/laterale DX fra veicoli in marcia;Rettilineo;Una carreggiata a senso unico di marcia;Asciutto;Strada pavimentata dissestata;Verticale;Sereno;Normale;Buona;;0;0;0;4;12.4534;41.8693;-1;1;Autovettura privata;In marcia / fermata / arresto;Conducente;M;Illeso;0;;Non accertato;Inesploso
5290408;16;19/02/2021 08:45:00;Strada Urbana;VIA BERNARDINO RAMAZZINI;in prossimit�;;del civico n.;80;;Scontro frontale/laterale DX fra veicoli in marcia;Rettilineo;Una carreggiata a senso unico di marcia;Asciutto;Strada pavimentata dissestata;Verticale;Sereno;Normale;Buona;;0;0;0;4;12.4534;41.8693;-1;1;Autovettura privata;In marcia / fermata / arresto;Passeggero;F;Illeso;0;;Non accertato;Inesploso
5290408;16;19/02/2021 08:45:00;Strada Urbana;VIA BERNARDINO RAMAZZINI;in prossimit�;;del civico n.;80;;Scontro frontale/laterale DX fra veicoli in marcia;Rettilineo;Una carreggiata a senso unico di marcia;Asciutto;Strada pavimentata dissestata;Verticale;Sereno;Normale;Buona;;0;0;0;4;12.4534;41.8693;-1;2;Autovettura privata;In marcia / fermata / arresto;Conducente;F;Illeso;0;;Non accertato;Inesploso
5290408;16;19/02/2021 08:45:00;Strada Urbana;VIA BERNARDINO RAMAZZINI;in prossimit�;;del civico n.;80;;Scontro frontale/laterale DX fra veicoli in marcia;Rettilineo;Una carreggiata a senso unico di marcia;Asciutto;Strada pavimentata dissestata;Verticale;Sereno;Normale;Buona;;0;0;0;4;12.4534;41.8693;-1;3;Autocarro inferiore 35 q.;In marcia / fermata / arresto;Conducente;M;Illeso;0;;Non accertato;Inesploso
5290427;16;19/02/2021 09:05:00;Strada Urbana;VIA PIETRO RIPARI;all'intersezione con;VIA PORTUENSE;VIA PORTUENSE;;;Scontro frontale/laterale SX fra veicoli in marcia;Intersezione non regolata/non segnalata;Una carreggiata a doppio senso;Asciutto;Asfaltata;Orizzontale;Sereno;Normale;Buona;;0;0;0;2;12.4677;41.8785;-1;1;Motociclo a solo;In marcia / fermata / arresto;Conducente;M;Illeso;0;;Non accertato;
5290427;16;19/02/2021 09:05:00;Strada Urbana;VIA PIETRO RIPARI;all'intersezione con;VIA PORTUENSE;VIA PORTUENSE;;;Scontro frontale/laterale SX fra veicoli in marcia;Intersezione non regolata/non segnalata;Una carreggiata a doppio senso;Asciutto;Asfaltata;Orizzontale;Sereno;Normale;Buona;;0;0;0;2;12.4677;41.8785;-1;2;Autovettura privata;In marcia / fermata / arresto;Conducente;M;Illeso;0;;Non accertato;
5290445;16;19/02/2021 09:30:00;Strada Urbana;VIA AURELIA;in prossimit�;;del civico n.;1251;;Investimento di pedone;Rettilineo;Pi� di due carreggiate;Asciutto;Asfaltata;Verticale ed orizzontale;Sereno;Normale;Buona;;0;0;0;2;12.3586;41.8826;-1;;;;Pedone;F;Illeso;0;;;
5290445;16;19/02/2021 09:30:00;Strada Urbana;VIA AURELIA;in prossimit�;;del civico n.;1251;;Investimento di pedone;Rettilineo;Pi� di due carreggiate;Asciutto;Asfaltata;Verticale ed orizzontale;Sereno;Normale;Buona;;0;0;0;2;12.3586;41.8826;-1;1;Autovettura privata;In marcia / fermata / arresto;Conducente;M;Illeso;0;;Non accertato;Inesploso
5290449;16;19/02/2021 11:55:00;Strada Urbana;LARGO GIUSEPPE VITETTI;in prossimit�;;del civico n.;6;;Scontro frontale fra veicoli in marcia;Rettilineo;Due carreggiate;Asciutto;Asfaltata;Verticale ed orizzontale;Sereno;Normale;Buona;;0;0;0;3;12.4565;41.8808;-1;1;Autocarro inferiore 35 q.;In marcia / fermata / arresto;Conducente;M;Illeso;0;;Non accertato;Inesploso
5290449;16;19/02/2021 11:55:00;Strada Urbana;LARGO GIUSEPPE VITETTI;in prossimit�;;del civico n.;6;;Scontro frontale fra veicoli in marcia;Rettilineo;Due carreggiate;Asciutto;Asfaltata;Verticale ed orizzontale;Sereno;Normale;Buona;;0;0;0;3;12.4565;41.8808;-1;1;Autocarro inferiore 35 q.;In marcia / fermata / arresto;Passeggero;M;Illeso;0;;Non accertato;Inesploso
5290449;16;19/02/2021 11:55:00;Strada Urbana;LARGO GIUSEPPE VITETTI;in prossimit�;;del civico n.;6;;Scontro frontale fra veicoli in marcia;Rettilineo;Due carreggiate;Asciutto;Asfaltata;Verticale ed orizzontale;Sereno;Normale;Buona;;0;0;0;3;12.4565;41.8808;-1;2;Autovettura privata;In marcia / fermata / arresto;Conducente;F;Illeso;0;;Non accertato;Inesploso
5290458;19;19/02/2021 18:15:00;Strada Urbana;VIA TRIONFALE;da specificare;;;;prossimit� intersezione Via N. Fornelli;Tamponamento;Rettilineo;Una carreggiata a doppio senso;Asciutto;Asfaltata;Verticale ed orizzontale;Sereno;Normale;Buona;;1;0;0;1;12.4229;41.9409;-1;1;Autovettura privata;In marcia / fermata / arresto;Conducente;M;Illeso;0;;;
5290458;19;19/02/2021 18:15:00;Strada Urbana;VIA TRIONFALE;da specificare;;;;prossimit� intersezione Via N. Fornelli;Tamponamento;Rettilineo;Una carreggiata a doppio senso;Asciutto;Asfaltata;Verticale ed orizzontale;Sereno;Normale;Buona;;1;0;0;1;12.4229;41.9409;-1;2;Motociclo a solo;In marcia / fermata / arresto;Conducente;M;Rimandato;0;NON DECEDUTO;;
5290489;12;19/02/2021 18:40:00;Strada Urbana;VIA PONTINA;da specificare;;;;100 METRI dopo il civico 690;Veicolo in marcia che urta buche nella carreggiata;Rettilineo;Una carreggiata a doppio senso;Asciutto;Con buche;Verticale ed orizzontale;Sereno;Normale;Sufficiente;;0;0;0;3;12.437;41.7659;-1;1;Autovettura privata;In marcia / fermata / arresto;Conducente;M;Illeso;0;;Non accertato;Inesploso
5290489;12;19/02/2021 18:40:00;Strada Urbana;VIA PONTINA;da specificare;;;;100 METRI dopo il civico 690;Veicolo in marcia che urta buche nella carreggiata;Rettilineo;Una carreggiata a doppio senso;Asciutto;Con buche;Verticale ed orizzontale;Sereno;Normale;Sufficiente;;0;0;0;3;12.437;41.7659;-1;1;Autovettura privata;In marcia / fermata / arresto;Passeggero;F;Illeso;0;;Non accertato;Inesploso
5290489;12;19/02/2021 18:40:00;Strada Urbana;VIA PONTINA;da specificare;;;;100 METRI dopo il civico 690;Veicolo in marcia che urta buche nella carreggiata;Rettilineo;Una carreggiata a doppio senso;Asciutto;Con buche;Verticale ed orizzontale;Sereno;Normale;Sufficiente;;0;0;0;3;12.437;41.7659;-1;1;Autovettura privata;In marcia / fermata / arresto;Passeggero;F;Illeso;0;;Non accertato;Inesploso
5290499;12;19/02/2021 18:41:00;Strada Urbana;VIA PONTINA;da specificare;;;;100 METRI DOPO IL CIV. 690;Veicolo in marcia che urta buche nella carreggiata;Rettilineo;Una carreggiata a doppio senso;Asciutto;Con buche;Verticale ed orizzontale;Sereno;Normale;Sufficiente;;0;0;0;1;12.4372;41.7658;-1;1;Autovettura privata;In marcia / fermata / arresto;Conducente;F;Illeso;0;;Non accertato;Inesploso
5290502;12;19/02/2021 18:45:00;Strada Urbana;VIA PONTINA;da specificare;;;;100 METRI DOPO IL CIVICO 690;Veicolo in marcia che urta buche nella carreggiata;Rettilineo;Una carreggiata a doppio senso;Asciutto;Con buche;Verticale ed orizzontale;Sereno;Normale;Sufficiente;;0;0;0;3;12.4371;41.7659;-1;1;Autovettura privata;In marcia / fermata / arresto;Conducente;M;Illeso;0;;Non accertato;Inesploso
5290502;12;19/02/2021 18:45:00;Strada Urbana;VIA PONTINA;da specificare;;;;100 METRI DOPO IL CIVICO 690;Veicolo in marcia che urta buche nella carreggiata;Rettilineo;Una carreggiata a doppio senso;Asciutto;Con buche;Verticale ed orizzontale;Sereno;Normale;Sufficiente;;0;0;0;3;12.4371;41.7659;-1;1;Autovettura privata;In marcia / fermata / arresto;Passeggero;F;Illeso;0;;Non accertato;Inesploso
5290502;12;19/02/2021 18:45:00;Strada Urbana;VIA PONTINA;da specificare;;;;100 METRI DOPO IL CIVICO 690;Veicolo in marcia che urta buche nella carreggiata;Rettilineo;Una carreggiata a doppio senso;Asciutto;Con buche;Verticale ed orizzontale;Sereno;Normale;Sufficiente;;0;0;0;3;12.4371;41.7659;-1;1;Autovettura privata;In marcia / fermata / arresto;Passeggero;M;Illeso;0;;Non accertato;Inesploso
5290671;1;19/02/2021 17:10:00;Strada Urbana;VIA DEL CIRCO MASSIMO;da specificare;;;;alt. palo ACEA N. 11;Scontro laterale fra veicoli in marcia;Rettilineo;Una carreggiata a doppio senso;Asciutto;Asfaltata;Verticale ed orizzontale;Sereno;Normale;Buona;;2;0;0;2;12.484;41.886;-1;1;Motociclo a solo;In marcia / fermata / arresto;Conducente;M;Rimandato;0;NON DECEDUTO;;
5290671;1;19/02/2021 17:10:00;Strada Urbana;VIA DEL CIRCO MASSIMO;da specificare;;;;alt. palo ACEA N. 11;Scontro laterale fra veicoli in marcia;Rettilineo;Una carreggiata a doppio senso;Asciutto;Asfaltata;Verticale ed orizzontale;Sereno;Normale;Buona;;2;0;0;2;12.484;41.886;-1;2;Motociclo a solo;In marcia / fermata / arresto;Conducente;M;Ricoverato;0;NON DECEDUTO;;
5290671;1;19/02/2021 17:10:00;Strada Urbana;VIA DEL CIRCO MASSIMO;da specificare;;;;alt. palo ACEA N. 11;Scontro laterale fra veicoli in marcia;Rettilineo;Una carreggiata a doppio senso;Asciutto;Asfaltata;Verticale ed orizzontale;Sereno;Normale;Buona;;2;0;0;2;12.484;41.886;-1;3;Autovettura privata;In marcia / fermata / arresto;Conducente;M;Illeso;0;;;
5290671;1;19/02/2021 17:10:00;Strada Urbana;VIA DEL CIRCO MASSIMO;da specificare;;;;alt. palo ACEA N. 11;Scontro laterale fra veicoli in marcia;Rettilineo;Una carreggiata a doppio senso;Asciutto;Asfaltata;Verticale ed orizzontale;Sereno;Normale;Buona;;2;0;0;2;12.484;41.886;-1;4;Motociclo a solo;In marcia / fermata / arresto;Conducente;F;Illeso;0;;;
5290677;8;19/02/2021 21:40:00;Strada Urbana;VIA BIAGIO PETROCELLI;in prossimit�;;del civico n.;211;;Veicolo in marcia contro veicoli in sosta;Rettilineo;Una carreggiata a doppio senso;Asciutto;Asfaltata;Verticale ed orizzontale;Sereno;Scarso;Buona;;2;0;0;0;12.6075;41.8378;-1;1;Autovettura privata;In marcia / fermata / arresto;Conducente;F;Rifiuta cure immediate;0;NON DECEDUTO;;
5290677;8;19/02/2021 21:40:00;Strada Urbana;VIA BIAGIO PETROCELLI;in prossimit�;;del civico n.;211;;Veicolo in marcia contro veicoli in sosta;Rettilineo;Una carreggiata a doppio senso;Asciutto;Asfaltata;Verticale ed orizzontale;Sereno;Scarso;Buona;;2;0;0;0;12.6075;41.8378;-1;1;Autovettura privata;In marcia / fermata / arresto;Passeggero;F;Rifiuta cure immediate;0;NON DECEDUTO;Non accertato;Esploso
5290677;8;19/02/2021 21:40:00;Strada Urbana;VIA BIAGIO PETROCELLI;in prossimit�;;del civico n.;211;;Veicolo in marcia contro veicoli in sosta;Rettilineo;Una carreggiata a doppio senso;Asciutto;Asfaltata;Verticale ed orizzontale;Sereno;Scarso;Buona;;2;0;0;0;12.6075;41.8378;-1;2;Autocarro inferiore 35 q.;Sosta;;;;;;;
5290677;8;19/02/2021 21:40:00;Strada Urbana;VIA BIAGIO PETROCELLI;in prossimit�;;del civico n.;211;;Veicolo in marcia contro veicoli in sosta;Rettilineo;Una carreggiata a doppio senso;Asciutto;Asfaltata;Verticale ed orizzontale;Sereno;Scarso;Buona;;2;0;0;0;12.6075;41.8378;-1;3;Autocarro inferiore 35 q.;Sosta;;;;;;;
5290680;8;19/02/2021 17:05:00;Strada Urbana;VIA DELL'AQUILA REALE;in corrispondenza;;del civico n.;60;;Scontro laterale fra veicoli in marcia;Rettilineo;Una carreggiata a doppio senso;Asciutto;Asfaltata;Assente;Sereno;Normale;Buona;;0;0;0;3;12.5959;41.8637;-1;1;Autovettura privata;In marcia / fermata / arresto;Conducente;M;Illeso;0;;Non accertato;Inesploso
5290680;8;19/02/2021 17:05:00;Strada Urbana;VIA DELL'AQUILA REALE;in corrispondenza;;del civico n.;60;;Scontro laterale fra veicoli in marcia;Rettilineo;Una carreggiata a doppio senso;Asciutto;Asfaltata;Assente;Sereno;Normale;Buona;;0;0;0;3;12.5959;41.8637;-1;1;Autovettura privata;In marcia / fermata / arresto;Passeggero;F;Illeso;0;;Non accertato;Inesploso
5290680;8;19/02/2021 17:05:00;Strada Urbana;VIA DELL'AQUILA REALE;in corrispondenza;;del civico n.;60;;Scontro laterale fra veicoli in marcia;Rettilineo;Una carreggiata a doppio senso;Asciutto;Asfaltata;Assente;Sereno;Normale;Buona;;0;0;0;3;12.5959;41.8637;-1;2;Autovettura privata;In marcia / fermata / arresto;Conducente;M;Illeso;0;;Non accertato;Inesploso
5290684;8;19/02/2021 12:10:00;Strada Urbana;VIA TORTORICI;in corrispondenza;;del civico n.;3;;Veicolo in marcia contro veicolo fermo;Rettilineo;Una carreggiata a senso unico di marcia;Asciutto;Asfaltata;Verticale;Sereno;Scarso;Insufficiente;;0;0;0;2;12.6895;41.865;-1;1;Autovettura privata;In marcia / fermata / arresto;Conducente;M;Illeso;0;;;
5290684;8;19/02/2021 12:10:00;Strada Urbana;VIA TORTORICI;in corrispondenza;;del civico n.;3;;Veicolo in marcia contro veicolo fermo;Rettilineo;Una carreggiata a senso unico di marcia;Asciutto;Asfaltata;Verticale;Sereno;Scarso;Insufficiente;;0;0;0;2;12.6895;41.865;-1;2;Autovettura privata;In marcia / fermata / arresto;Conducente;M;Illeso;0;;Non accertato;Inesploso
5290684;8;19/02/2021 12:10:00;Strada Urbana;VIA TORTORICI;in corrispondenza;;del civico n.;3;;Veicolo in marcia contro veicolo fermo;Rettilineo;Una carreggiata a senso unico di marcia;Asciutto;Asfaltata;Verticale;Sereno;Scarso;Insufficiente;;0;0;0;2;12.6895;41.865;-1;3;Autovettura privata;Sosta;;;;;;;
5290687;8;19/02/2021 12:40:00;Strada Urbana;VIA PEDICA DI TOR ANGELA;all'intersezione con;VIA PRENESTINA;VIA PRENESTINA;;;Investimento di pedone;Incrocio;Una carreggiata a doppio senso;Asciutto;Asfaltata;Verticale ed orizzontale;Nuvoloso;Normale;Buona;;1;0;0;1;12.6289;41.8925;-1;;;;Pedone;F;Ricoverato;0;NON DECEDUTO;;
5290687;8;19/02/2021 12:40:00;Strada Urbana;VIA PEDICA DI TOR ANGELA;all'intersezione con;VIA PRENESTINA;VIA PRENESTINA;;;Investimento di pedone;Incrocio;Una carreggiata a doppio senso;Asciutto;Asfaltata;Verticale ed orizzontale;Nuvoloso;Normale;Buona;;1;0;0;1;12.6289;41.8925;-1;1;Autovettura privata;In marcia / fermata / arresto;Conducente;F;Illeso;0;;;
5290688;8;19/02/2021 17:30:00;Strada Urbana;VIA DEL FONTANILE DI CARCARICOLA;all'intersezione con;VIA STANFORD;VIA STANFORD;;;Tamponamento;Rotatoria;Due carreggiate;Asciutto;Asfaltata;Verticale ed orizzontale;Sereno;Normale;Buona;;2;0;0;2;12.6077;41.8525;-1;1;Autovettura privata;In marcia / fermata / arresto;Conducente;F;Rifiuta cure immediate;0;NON DECEDUTO;;
5290688;8;19/02/2021 17:30:00;Strada Urbana;VIA DEL FONTANILE DI CARCARICOLA;all'intersezione con;VIA STANFORD;VIA STANFORD;;;Tamponamento;Rotatoria;Due carreggiate;Asciutto;Asfaltata;Verticale ed orizzontale;Sereno;Normale;Buona;;2;0;0;2;12.6077;41.8525;-1;1;Autovettura privata;In marcia / fermata / arresto;Passeggero;F;Rifiuta cure immediate;0;NON DECEDUTO;Non accertato;Inesploso
5290688;8;19/02/2021 17:30:00;Strada Urbana;VIA DEL FONTANILE DI CARCARICOLA;all'intersezione con;VIA STANFORD;VIA STANFORD;;;Tamponamento;Rotatoria;Due carreggiate;Asciutto;Asfaltata;Verticale ed orizzontale;Sereno;Normale;Buona;;2;0;0;2;12.6077;41.8525;-1;2;Autovettura privata;In marcia / fermata / arresto;Conducente;M;Illeso;0;;;
5290688;8;19/02/2021 17:30:00;Strada Urbana;VIA DEL FONTANILE DI CARCARICOLA;all'intersezione con;VIA STANFORD;VIA STANFORD;;;Tamponamento;Rotatoria;Due carreggiate;Asciutto;Asfaltata;Verticale ed orizzontale;Sereno;Normale;Buona;;2;0;0;2;12.6077;41.8525;-1;2;Autovettura privata;In marcia / fermata / arresto;Passeggero;M;Illeso;0;;Non accertato;Inesploso
5290690;8;19/02/2021 07:40:00;Strada Urbana;VIALE DELLA SORBONA;in prossimit�;;del palo luce n.;11;;Veicolo in marcia contro ostacolo accidentale;Rettilineo;Una carreggiata a doppio senso;Asciutto;Asfaltata;Verticale ed orizzontale;Sereno;Normale;Sufficiente;;1;0;0;0;12.612;41.8546;-1;1;Velocipede;In marcia / fermata / arresto;Conducente;M;Rifiuta cure immediate;0;NON DECEDUTO;Esente;
5290706;1;19/02/2021 18:55:00;Strada Urbana;LUNGOTEVERE DEGLI ANGUILLARA;da specificare;;;;altezza PIAZZA BELLI;Scontro laterale fra veicoli in marcia;Rettilineo;Una carreggiata a senso unico di marcia;Asciutto;Asfaltata;Verticale ed orizzontale;Sereno;Intenso;Buona;;0;0;0;2;12.4746;41.8903;-1;1;Autovettura privata;In marcia / fermata / arresto;Conducente;M;Illeso;0;;;
5290706;1;19/02/2021 18:55:00;Strada Urbana;LUNGOTEVERE DEGLI ANGUILLARA;da specificare;;;;altezza PIAZZA BELLI;Scontro laterale fra veicoli in marcia;Rettilineo;Una carreggiata a senso unico di marcia;Asciutto;Asfaltata;Verticale ed orizzontale;Sereno;Intenso;Buona;;0;0;0;2;12.4746;41.8903;-1;2;Autocarro superiore 35 q.;In marcia / fermata / arresto;Conducente;M;Illeso;0;;;
5290732;11;19/02/2021 15:45:00;Strada Urbana;CIRCONVALLAZIONE OSTIENSE;all'intersezione semaforizzata con;VIA GIROLAMO BENZONI;VIA GIROLAMO BENZONI;;;Scontro frontale/laterale DX fra veicoli in marcia;Intersezione semaforizzata;Due carreggiate;Asciutto;Asfaltata;Verticale ed orizzontale;Sereno;Normale;Buona;;0;0;0;4;12.4845;41.8673;-1;1;Autovettura privata;In marcia / fermata / arresto;Conducente;F;Illeso;0;;;
5290732;11;19/02/2021 15:45:00;Strada Urbana;CIRCONVALLAZIONE OSTIENSE;all'intersezione semaforizzata con;VIA GIROLAMO BENZONI;VIA GIROLAMO BENZONI;;;Scontro frontale/laterale DX fra veicoli in marcia;Intersezione semaforizzata;Due carreggiate;Asciutto;Asfaltata;Verticale ed orizzontale;Sereno;Normale;Buona;;0;0;0;4;12.4845;41.8673;-1;1;Autovettura privata;In marcia / fermata / arresto;Passeggero;F;Illeso;0;;;
5290732;11;19/02/2021 15:45:00;Strada Urbana;CIRCONVALLAZIONE OSTIENSE;all'intersezione semaforizzata con;VIA GIROLAMO BENZONI;VIA GIROLAMO BENZONI;;;Scontro frontale/laterale DX fra veicoli in marcia;Intersezione semaforizzata;Due carreggiate;Asciutto;Asfaltata;Verticale ed orizzontale;Sereno;Normale;Buona;;0;0;0;4;12.4845;41.8673;-1;2;Autovettura privata;In marcia / fermata / arresto;Conducente;M;Illeso;0;;;
5290732;11;19/02/2021 15:45:00;Strada Urbana;CIRCONVALLAZIONE OSTIENSE;all'intersezione semaforizzata con;VIA GIROLAMO BENZONI;VIA GIROLAMO BENZONI;;;Scontro frontale/laterale DX fra veicoli in marcia;Intersezione semaforizzata;Due carreggiate;Asciutto;Asfaltata;Verticale ed orizzontale;Sereno;Normale;Buona;;0;0;0;4;12.4845;41.8673;-1;2;Autovettura privata;In marcia / fermata / arresto;Passeggero;M;Illeso;0;;;
5290736;11;19/02/2021 20:30:00;Strada Urbana;VIA APPIA PIGNATELLI;in corrispondenza;;del palo luce n.;138;;Veicolo in marcia contro ostacolo fisso;Curva a visuale libera;Una carreggiata a doppio senso;Asciutto;Asfaltata;Orizzontale;Sereno;Normale;Sufficiente;;0;0;0;2;12.5256;41.8542;-1;1;Autovettura privata;In marcia / fermata / arresto;Conducente;M;Illeso;0;;Non accertato;