Protocollo;Gruppo;DataOraIncidente;Localizzazione1;STRADA1;Localizzazione2;STRADA2;Strada02;Chilometrica;DaSpecificare;NaturaIncidente;particolaritastrade;TipoStrada;FondoStradale;Pavimentazione;Segnaletica;CondizioneAtmosferica;Traffico;Visibilita;Illuminazione;NUM_FERITI;NUM_RISERVATA;NUM_MORTI;NUM_ILLESI;Longitudine;Latitudine;Confermato;Progressivo;TipoVeicolo;StatoVeicolo;TipoPersona;Sesso;Tipolesione;Deceduto;DecedutoDopo;CinturaCascoUtilizzato;Airbag;
5291452;5;19/02/2021 13:30:00;Strada Urbana;NUOVA CIRCONVALLAZIONE INTERNA;da specificare;;;;direzione Salaria prossimit� Portonaccio;Tamponamento;Curva a visuale libera;Due carreggiate;Asciutto;Asfaltata;Verticale ed orizzontale;Sereno;Normale;Buona;;0;0;0;3;12.5336;41.9057;-1;1;Autovettura privata;In marcia / fermata / arresto;Passeggero;F;Illeso;0;;Non accertato;
5291452;5;19/02/2021 13:30:00;Strada Urbana;NUOVA CIRCONVALLAZIONE INTERNA;da specificare;;;;direzione Salaria prossimit� Portonaccio;Tamponamento;Curva a visuale libera;Due carreggiate;Asciutto;Asfaltata;Verticale ed orizzontale;Sereno;Normale;Buona;;0;0;0;3;12.5336;41.9057;-1;2;Autovettura privata;In marcia / fermata / arresto;Conducente;F;Illeso;0;;Non accertato;
5291457;5;19/02/2021 17:00:00;Strada Urbana;NUOVA CIRCONVALLAZIONE INTERNA;da specificare;;;;direzione Salaria prossimit� Portonaccio;Veicolo in marcia contro ostacolo accidentale;Curva a visuale libera;Due carreggiate;Asciutto;Asfaltata;Verticale ed orizzontale;Sereno;Normale;Buona;;0;0;0;1;12.5335;41.9055;-1;1;Motociclo a solo;In marcia / fermata / arresto;Conducente;M;Illeso;0;;Non accertato;
5291462;5;19/02/2021 18:15:00;Strada Urbana;VIA DI PORTONACCIO;in prossimit�;;del civico n.;186;;Veicolo in marcia contro ostacolo accidentale;Rettilineo;Due carreggiate;Asciutto;Asfaltata;Verticale ed orizzontale;Sereno;Normale;Sufficiente;;0;0;0;1;12.5392;41.8979;-1;1;Autovettura privata;In marcia / fermata / arresto;Conducente;M;Illeso;0;;Non accertato;
5291464;1;20/02/2021 13:30:00;Strada Urbana;SALITA DI S. ONOFRIO;in prossimit�;;del civico n.;37/b;;Investimento di pedone;Rettilineo;Una carreggiata a senso unico di marcia;Asciutto;In cubetti di porfido;Verticale ed orizzontale;Sereno;Scarso;Buona;;1;0;0;1;12.4613;41.8979;-1;;;;Pedone;F;Rimandato;0;NON DECEDUTO;;
5291464;1;20/02/2021 13:30:00;Strada Urbana;SALITA DI S. ONOFRIO;in prossimit�;;del civico n.;37/b;;Investimento di pedone;Rettilineo;Una carreggiata a senso unico di marcia;Asciutto;In cubetti di porfido;Verticale ed orizzontale;Sereno;Scarso;Buona;;1;0;0;1;12.4613;41.8979;-1;1;Autovettura privata;In marcia / fermata / arresto;Conducente;M;Illeso;0;;;
5291467;5;20/02/2021 15:35:00;Strada Urbana;VIA NOMENTUM;in prossimit�;;del civico n.;37;;Scontro laterale fra veicoli in marcia;Curva a visuale libera;Una carreggiata a senso unico di marcia;Asciutto;Asfaltata;Verticale ed orizzontale;Sereno;Normale;Buona;;0;0;0;2;12.6002;41.9415;-1;1;Autocarro inferiore 35 q.;In marcia / fermata / arresto;Conducente;F;Illeso;0;;Non accertato;
5291467;5;20/02/2021 15:35:00;Strada Urbana;VIA NOMENTUM;in prossimit�;;del civico n.;37;;Scontro laterale fra veicoli in marcia;Curva a visuale libera;Una carreggiata a senso unico di marcia;Asciutto;Asfaltata;Verticale ed orizzontale;Sereno;Normale;Buona;;0;0;0;2;12.6002;41.9415;-1;2;Autobus di linea;In marcia / fermata / arresto;Conducente;M;Illeso;0;;Non accertato;
5291471;15;20/02/2021 13:20:00;Strada Urbana;VIA DELLA MAGLIANA;in prossimit�;;del palo luce n.;294;;Tamponamento Multiplo;Rettilineo;Una carreggiata a doppio senso;Asciutto;Asfaltata;Verticale ed orizzontale;Sereno;Normale;Buona;;2;0;0;2;12.4196;41.8317;-1;1;Autovettura privata;In marcia / fermata / arresto;Conducente;F;Rimandato;0;NON DECEDUTO;Non accertato;Inesploso
5291471;15;20/02/2021 13:20:00;Strada Urbana;VIA DELLA MAGLIANA;in prossimit�;;del palo luce n.;294;;Tamponamento Multiplo;Rettilineo;Una carreggiata a doppio senso;Asciutto;Asfaltata;Verticale ed orizzontale;Sereno;Normale;Buona;;2;0;0;2;12.4196;41.8317;-1;2;Autovettura privata;In marcia / fermata / arresto;Conducente;M;Illeso;0;;Non accertato;Inesploso
5291471;15;20/02/2021 13:20:00;Strada Urbana;VIA DELLA MAGLIANA;in prossimit�;;del palo luce n.;294;;Tamponamento Multiplo;Rettilineo;Una carreggiata a doppio senso;Asciutto;Asfaltata;Verticale ed orizzontale;Sereno;Normale;Buona;;2;0;0;2;12.4196;41.8317;-1;2;Autovettura privata;In marcia / fermata / arresto;Passeggero;M;Rimandato;0;NON DECEDUTO;Non accertato;Inesploso
5291471;15;20/02/2021 13:20:00;Strada Urbana;VIA DELLA MAGLIANA;in prossimit�;;del palo luce n.;294;;Tamponamento Multiplo;Rettilineo;Una carreggiata a doppio senso;Asciutto;Asfaltata;Verticale ed orizzontale;Sereno;Normale;Buona;;2;0;0;2;12.4196;41.8317;-1;3;Autovettura privata;In marcia / fermata / arresto;Conducente;F;Illeso;0;;Non accertato;Inesploso
5291577;17;20/02/2021 10:10:00;Strada Urbana;LUNGOTEVERE DELLE ARMI;in prossimit�;;del civico n.;42;;Tamponamento;Rettilineo;Una carreggiata a senso unico di marcia;Asciutto;Asfaltata;Verticale ed orizzontale;Sereno;Normale;Buona;;0;0;0;3;12.4697;41.9166;-1;1;Autovettura privata;In marcia / fermata / arresto;Conducente;F;Illeso;0;;;
5291577;17;20/02/2021 10:10:00;Strada Urbana;LUNGOTEVERE DELLE ARMI;in prossimit�;;del civico n.;42;;Tamponamento;Rettilineo;Una carreggiata a senso unico di marcia;Asciutto;Asfaltata;Verticale ed orizzontale;Sereno;Normale;Buona;;0;0;0;3;12.4697;41.9166;-1;1;Autovettura privata;In marcia / fermata / arresto;Passeggero;M;Illeso;0;;;
5291577;17;20/02/2021 10:10:00;Strada Urbana;LUNGOTEVERE DELLE ARMI;in prossimit�;;del civico n.;42;;Tamponamento;Rettilineo;Una carreggiata a senso unico di marcia;Asciutto;Asfaltata;Verticale ed orizzontale;Sereno;Normale;Buona;;0;0;0;3;12.4697;41.9166;-1;2;Autovettura privata;In marcia / fermata / arresto;Conducente;M;Illeso;0;;;
5291639;17;20/02/2021 11:45:00;Strada Urbana;VIA COLA DI RIENZO;in corrispondenza;;del civico n.;226;;Tamponamento;Rettilineo;Una carreggiata a doppio senso;Asciutto;In cubetti di porfido;Verticale ed orizzontale;Sereno;Normale;Buona;;0;0;0;5;12.462;41.907;-1;1;Autovettura privata;In marcia / fermata / arresto;Conducente;M;Illeso;0;;;
5291639;17;20/02/2021 11:45:00;Strada Urbana;VIA COLA DI RIENZO;in corrispondenza;;del civico n.;226;;Tamponamento;Rettilineo;Una carreggiata a doppio senso;Asciutto;In cubetti di porfido;Verticale ed orizzontale;Sereno;Normale;Buona;;0;0;0;5;12.462;41.907;-1;1;Autovettura privata;In marcia / fermata / arresto;Passeggero;M;Illeso;0;;;
5291639;17;20/02/2021 11:45:00;Strada Urbana;VIA COLA DI RIENZO;in corrispondenza;;del civico n.;226;;Tamponamento;Rettilineo;Una carreggiata a doppio senso;Asciutto;In cubetti di porfido;Verticale ed orizzontale;Sereno;Normale;Buona;;0;0;0;5;12.462;41.907;-1;1;Autovettura privata;In marcia / fermata / arresto;Passeggero;M;Illeso;0;;;
5291639;17;20/02/2021 11:45:00;Strada Urbana;VIA COLA DI RIENZO;in corrispondenza;;del civico n.;226;;Tamponamento;Rettilineo;Una carreggiata a doppio senso;Asciutto;In cubetti di porfido;Verticale ed orizzontale;Sereno;Normale;Buona;;0;0;0;5;12.462;41.907;-1;1;Autovettura privata;In marcia / fermata / arresto;Passeggero;M;Illeso;0;;;
5291639;17;20/02/2021 11:45:00;Strada Urbana;VIA COLA DI RIENZO;in corrispondenza;;del civico n.;226;;Tamponamento;Rettilineo;Una carreggiata a doppio senso;Asciutto;In cubetti di porfido;Verticale ed orizzontale;Sereno;Normale;Buona;;0;0;0;5;12.462;41.907;-1;2;Velocipede;In marcia / fermata / arresto;Conducente;M;Illeso;0;;Esente;
5291822;9;19/02/2021 18:00:00;Strada Urbana;VIA TARANTO;in prossimit�;;del civico n.;46;;Scontro laterale fra veicoli in marcia;Rettilineo;Una carreggiata a senso unico di marcia;Asciutto;Asfaltata;Verticale ed orizzontale;Nuvoloso;Intenso;Sufficiente;;1;0;0;1;12.5144;41.8845;-1;1;Autocarro superiore 35 q.;In marcia / fermata / arresto;Conducente;M;Illeso;0;;Non accertato;Inesploso
5291822;9;19/02/2021 18:00:00;Strada Urbana;VIA TARANTO;in prossimit�;;del civico n.;46;;Scontro laterale fra veicoli in marcia;Rettilineo;Una carreggiata a senso unico di marcia;Asciutto;Asfaltata;Verticale ed orizzontale;Nuvoloso;Intenso;Sufficiente;;1;0;0;1;12.5144;41.8845;-1;2;Motociclo a solo;In marcia / fermata / arresto;Conducente;M;Rimandato;0;NON DECEDUTO;Non accertato;
5291825;9;19/02/2021 18:45:00;Strada Urbana;VIA METAPONTO;in prossimit�;;del civico n.;7;;Tamponamento;Rettilineo;Una carreggiata a senso unico di marcia;Asciutto;Asfaltata;Verticale ed orizzontale;Sereno;Normale;Sufficiente;;0;0;0;3;12.5053;41.8818;-1;1;Autocarro inferiore 35 q.;In marcia / fermata / arresto;Conducente;M;Illeso;0;;Non accertato;Inesploso
5291825;9;19/02/2021 18:45:00;Strada Urbana;VIA METAPONTO;in prossimit�;;del civico n.;7;;Tamponamento;Rettilineo;Una carreggiata a senso unico di marcia;Asciutto;Asfaltata;Verticale ed orizzontale;Sereno;Normale;Sufficiente;;0;0;0;3;12.5053;41.8818;-1;2;Motociclo a solo;In marcia / fermata / arresto;Conducente;M;Illeso;0;;Non accertato;
5291825;9;19/02/2021 18:45:00;Strada Urbana;VIA METAPONTO;in prossimit�;;del civico n.;7;;Tamponamento;Rettilineo;Una carreggiata a senso unico di marcia;Asciutto;Asfaltata;Verticale ed orizzontale;Sereno;Normale;Sufficiente;;0;0;0;3;12.5053;41.8818;-1;2;Motociclo a solo;In marcia / fermata / arresto;Passeggero;M;Illeso;0;;Non accertato;
5291826;9;19/02/2021 19:30:00;;VIA APPIA NUOVA;da specificare;;;;fronte civico 8;Veicolo in marcia contro veicolo in sosta;;;;;;;;;;0;0;0;1;12.5099;41.885;0;1;Autovettura privata;In marcia / fermata / arresto;Conducente;F;Illeso;0;;Non accertato;Inesploso
5291826;9;19/02/2021 19:30:00;;VIA APPIA NUOVA;da specificare;;;;fronte civico 8;Veicolo in marcia contro veicolo in sosta;;;;;;;;;;0;0;0;1;12.5099;41.885;0;2;Bicicletta elettrica;Sosta;;;;;;;
5291827;9;20/02/2021 13:05:00;Strada Urbana;VIA ENNA;all'intersezione semaforizzata con;VIA CREMA;VIA CREMA;;;Scontro frontale/laterale DX fra veicoli in marcia;Intersezione semaforizzata;Una carreggiata a doppio senso;Asciutto;Asfaltata;Verticale ed orizzontale;Sereno;Normale;Buona;;0;0;0;3;12.5231;41.8832;-1;1;Autovettura privata;In marcia / fermata / arresto;Conducente;M;Illeso;0;;Non accertato;Inesploso
5291827;9;20/02/2021 13:05:00;Strada Urbana;VIA ENNA;all'intersezione semaforizzata con;VIA CREMA;VIA CREMA;;;Scontro frontale/laterale DX fra veicoli in marcia;Intersezione semaforizzata;Una carreggiata a doppio senso;Asciutto;Asfaltata;Verticale ed orizzontale;Sereno;Normale;Buona;;0;0;0;3;12.5231;41.8832;-1;2;Autovettura privata;In marcia / fermata / arresto;Conducente;M;Illeso;0;;Non accertato;Inesploso
5291827;9;20/02/2021 13:05:00;Strada Urbana;VIA ENNA;all'intersezione semaforizzata con;VIA CREMA;VIA CREMA;;;Scontro frontale/laterale DX fra veicoli in marcia;Intersezione semaforizzata;Una carreggiata a doppio senso;Asciutto;Asfaltata;Verticale ed orizzontale;Sereno;Normale;Buona;;0;0;0;3;12.5231;41.8832;-1;2;Autovettura privata;In marcia / fermata / arresto;Passeggero;F;Illeso;0;;Non accertato;Inesploso
5291828;9;20/02/2021 13:10:00;Strada Urbana;VIALE CASTRENSE;all'intersezione semaforizzata con;VIA CALTAGIRONE;VIA CALTAGIRONE;;;Scontro laterale fra veicoli in marcia;Intersezione semaforizzata;Due carreggiate;Asciutto;Asfaltata;Verticale ed orizzontale;Sereno;Intenso;Buona;;0;0;0;5;12.5151;41.8872;-1;1;Autovettura privata;In marcia / fermata / arresto;Conducente;F;Illeso;0;;Non accertato;Inesploso
5291828;9;20/02/2021 13:10:00;Strada Urbana;VIALE CASTRENSE;all'intersezione semaforizzata con;VIA CALTAGIRONE;VIA CALTAGIRONE;;;Scontro laterale fra veicoli in marcia;Intersezione semaforizzata;Due carreggiate;Asciutto;Asfaltata;Verticale ed orizzontale;Sereno;Intenso;Buona;;0;0;0;5;12.5151;41.8872;-1;2;Autovettura privata;In marcia / fermata / arresto;Conducente;M;Illeso;0;;Non accertato;Inesploso
5291828;9;20/02/2021 13:10:00;Strada Urbana;VIALE CASTRENSE;all'intersezione semaforizzata con;VIA CALTAGIRONE;VIA CALTAGIRONE;;;Scontro laterale fra veicoli in marcia;Intersezione semaforizzata;Due carreggiate;Asciutto;Asfaltata;Verticale ed orizzontale;Sereno;Intenso;Buona;;0;0;0;5;12.5151;41.8872;-1;2;Autovettura privata;In marcia / fermata / arresto;Passeggero;F;Illeso;0;;Non accertato;Inesploso
5291828;9;20/02/2021 13:10:00;Strada Urbana;VIALE CASTRENSE;all'intersezione semaforizzata con;VIA CALTAGIRONE;VIA CALTAGIRONE;;;Scontro laterale fra veicoli in marcia;Intersezione semaforizzata;Due carreggiate;Asciutto;Asfaltata;Verticale ed orizzontale;Sereno;Intenso;Buona;;0;0;0;5;12.5151;41.8872;-1;2;Autovettura privata;In marcia / fermata / arresto;Passeggero;F;Illeso;0;;Non utilizzato;Inesploso
5291828;9;20/02/2021 13:10:00;Strada Urbana;VIALE CASTRENSE;all'intersezione semaforizzata con;VIA CALTAGIRONE;VIA CALTAGIRONE;;;Scontro laterale fra veicoli in marcia;Intersezione semaforizzata;Due carreggiate;Asciutto;Asfaltata;Verticale ed orizzontale;Sereno;Intenso;Buona;;0;0;0;5;12.5151;41.8872;-1;2;Autovettura privata;In marcia / fermata / arresto;Passeggero;F;Illeso;0;;Non accertato;Inesploso
5291832;9;20/02/2021 13:56:00;Strada Urbana;VIA TARANTO;all'intersezione semaforizzata con;PIAZZA CASALMAGGIORE;PIAZZA CASALMAGGIORE;;;Tamponamento;Intersezione stradale segnalata;Una carreggiata a senso unico di marcia;Asciutto;Asfaltata;Verticale ed orizzontale;Sereno;Normale;Buona;;0;0;0;3;12.5174;41.8839;-1;1;Autocarro inferiore 35 q.;In marcia / fermata / arresto;Conducente;M;Illeso;0;;Non accertato;Inesploso
5291832;9;20/02/2021 13:56:00;Strada Urbana;VIA TARANTO;all'intersezione semaforizzata con;PIAZZA CASALMAGGIORE;PIAZZA CASALMAGGIORE;;;Tamponamento;Intersezione stradale segnalata;Una carreggiata a senso unico di marcia;Asciutto;Asfaltata;Verticale ed orizzontale;Sereno;Normale;Buona;;0;0;0;3;12.5174;41.8839;-1;1;Autocarro inferiore 35 q.;In marcia / fermata / arresto;Passeggero;M;Illeso;0;;Non accertato;Inesploso
5291832;9;20/02/2021 13:56:00;Strada Urbana;VIA TARANTO;all'intersezione semaforizzata con;PIAZZA CASALMAGGIORE;PIAZZA CASALMAGGIORE;;;Tamponamento;Intersezione stradale segnalata;Una carreggiata a senso unico di marcia;Asciutto;Asfaltata;Verticale ed orizzontale;Sereno;Normale;Buona;;0;0;0;3;12.5174;41.8839;-1;2;Autovettura privata;In marcia / fermata / arresto;Conducente;M;Illeso;0;;Non accertato;Inesploso
5291833;9;20/02/2021 14:00:00;Strada Urbana;VIA DI PORTA FURBA;all'intersezione semaforizzata con;VIA TUSCOLANA;VIA TUSCOLANA;;;Scontro frontale/laterale DX fra veicoli in marcia;Incrocio;Due carreggiate;Asciutto;Asfaltata;Verticale ed orizzontale;Sereno;Intenso;Buona;;0;0;0;3;12.5404;41.8715;-1;1;Autovettura privata;In marcia / fermata / arresto;Conducente;M;Illeso;0;;Non accertato;Inesploso
5291833;9;20/02/2021 14:00:00;Strada Urbana;VIA DI PORTA FURBA;all'intersezione semaforizzata con;VIA TUSCOLANA;VIA TUSCOLANA;;;Scontro frontale/laterale DX fra veicoli in marcia;Incrocio;Due carreggiate;Asciutto;Asfaltata;Verticale ed orizzontale;Sereno;Intenso;Buona;;0;0;0;3;12.5404;41.8715;-1;1;Autovettura privata;In marcia / fermata / arresto;Passeggero;M;Illeso;0;;Non accertato;Inesploso
5291833;9;20/02/2021 14:00:00;Strada Urbana;VIA DI PORTA FURBA;all'intersezione semaforizzata con;VIA TUSCOLANA;VIA TUSCOLANA;;;Scontro frontale/laterale DX fra veicoli in marcia;Incrocio;Due carreggiate;Asciutto;Asfaltata;Verticale ed orizzontale;Sereno;Intenso;Buona;;0;0;0;3;12.5404;41.8715;-1;2;Autovettura privata;In marcia / fermata / arresto;Conducente;M;Illeso;0;;Non accertato;Inesploso
5291838;9;20/02/2021 16:20:00;;VIA ORVIETO;da specificare;;;;fronte civico 44;Veicolo in marcia contro veicolo in sosta;;;;;;;;;;0;0;0;0;12.5174;41.8853;0;1;Autovettura privata;Allontanatosi;;;;;;;
5291838;9;20/02/2021 16:20:00;;VIA ORVIETO;da specificare;;;;fronte civico 44;Veicolo in marcia contro veicolo in sosta;;;;;;;;;;0;0;0;0;12.5174;41.8853;0;2;Autovettura privata;Sosta;;;;;;;
5291840;9;20/02/2021 16:40:00;Strada Urbana;VIA FRASCATI;all'intersezione con;VIA DEMETRIADE;VIA DEMETRIADE;;;Scontro laterale fra veicoli in marcia;Incrocio;Una carreggiata a senso unico di marcia;Asciutto;Asfaltata;Verticale ed orizzontale;Sereno;Intenso;Buona;;0;0;0;2;12.5419;41.8655;-1;1;Autovettura privata;In marcia / fermata / arresto;Conducente;M;Illeso;0;;Non accertato;Inesploso
5291840;9;20/02/2021 16:40:00;Strada Urbana;VIA FRASCATI;all'intersezione con;VIA DEMETRIADE;VIA DEMETRIADE;;;Scontro laterale fra veicoli in marcia;Incrocio;Una carreggiata a senso unico di marcia;Asciutto;Asfaltata;Verticale ed orizzontale;Sereno;Intenso;Buona;;0;0;0;2;12.5419;41.8655;-1;2;Velocipede;In marcia / fermata / arresto;Conducente;M;Illeso;0;;Esente;
5291875;15;20/02/2021 19:25:00;Strada Urbana;VIA ANTONIO PACINOTTI;in prossimit�;;del civico n.;14/A;;Scontro laterale fra veicoli in marcia;Rettilineo;Una carreggiata a doppio senso;Asciutto;Asfaltata;Verticale ed orizzontale;Sereno;Normale;Sufficiente;;1;0;0;3;12.4687;41.871;-1;1;Autovettura privata;In marcia / fermata / arresto;Conducente;M;Illeso;0;;Non accertato;Inesploso
5291875;15;20/02/2021 19:25:00;Strada Urbana;VIA ANTONIO PACINOTTI;in prossimit�;;del civico n.;14/A;;Scontro laterale fra veicoli in marcia;Rettilineo;Una carreggiata a doppio senso;Asciutto;Asfaltata;Verticale ed orizzontale;Sereno;Normale;Sufficiente;;1;0;0;3;12.4687;41.871;-1;1;Autovettura privata;In marcia / fermata / arresto;Passeggero;F;Illeso;0;;Non accertato;Inesploso
5291875;15;20/02/2021 19:25:00;Strada Urbana;VIA ANTONIO PACINOTTI;in prossimit�;;del civico n.;14/A;;Scontro laterale fra veicoli in marcia;Rettilineo;Una carreggiata a doppio senso;Asciutto;Asfaltata;Verticale ed orizzontale;Sereno;Normale;Sufficiente;;1;0;0;3;12.4687;41.871;-1;1;Autovettura privata;In marcia / fermata / arresto;Passeggero;M;Illeso;0;;Non accertato;Inesploso
5291875;15;20/02/2021 19:25:00;Strada Urbana;VIA ANTONIO PACINOTTI;in prossimit�;;del civico n.;14/A;;Scontro laterale fra veicoli in marcia;Rettilineo;Una carreggiata a doppio senso;Asciutto;Asfaltata;Verticale ed orizzontale;Sereno;Normale;Sufficiente;;1;0;0;3;12.4687;41.871;-1;2;Motociclo a solo;In marcia / fermata / arresto;Conducente;M;Rimandato;0;NON DECEDUTO;Non accertato;
5291880;10;20/02/2021 14:23:00;Strada Urbana;VIALE BRUNO PELIZZI;all'intersezione con;VIA DI TORRE SPACCATA;VIA DI TORRE SPACCATA;;;Veicolo in marcia contro ostacolo fisso;Intersezione semaforizzata;Due carreggiate;Asciutto;Asfaltata;Verticale ed orizzontale;Sereno;Scarso;Buona;;1;0;0;0;12.5837;41.8554;-1;1;Autovettura privata;In marcia / fermata / arresto;Conducente;F;Rimandato;0;NON DECEDUTO;Non accertato;Inesploso
5291885;10;20/02/2021 14:10:00;Strada Urbana;VIA DI TORRE SPACCATA;da specificare;;;;sbocco area di servizio civ 103;Scontro frontale/laterale DX fra veicoli in marcia;Rettilineo;Una carreggiata a doppio senso;Asciutto;Asfaltata;Assente;Sereno;Scarso;Buona;;0;0;0;2;12.5859;41.8572;-1;1;Autocarro inferiore 35 q.;In marcia / fermata / arresto;Conducente;M;Illeso;0;;Non accertato;Inesploso
5291885;10;20/02/2021 14:10:00;Strada Urbana;VIA DI TORRE SPACCATA;da specificare;;;;sbocco area di servizio civ 103;Scontro frontale/laterale DX fra veicoli in marcia;Rettilineo;Una carreggiata a doppio senso;Asciutto;Asfaltata;Assente;Sereno;Scarso;Buona;;0;0;0;2;12.5859;41.8572;-1;2;Autovettura privata;In marcia / fermata / arresto;Conducente;F;Illeso;0;;Non accertato;Inesploso
5291890;20;20/02/2021 18:30:00;Strada Urbana;VIA DI VALLE MURICANA;in corrispondenza;;del civico n.;407;;Scontro laterale fra veicoli in marcia;Rettilineo;Una carreggiata a doppio senso;Asciutto;Asfaltata;Verticale ed orizzontale;Sereno;Normale;Buona;;0;0;0;4;12.47;42.0218;-1;1;Autovettura privata;In marcia / fermata / arresto;Conducente;M;Illeso;0;;;
5291890;20;20/02/2021 18:30:00;Strada Urbana;VIA DI VALLE MURICANA;in corrispondenza;;del civico n.;407;;Scontro laterale fra veicoli in marcia;Rettilineo;Una carreggiata a doppio senso;Asciutto;Asfaltata;Verticale ed orizzontale;Sereno;Normale;Buona;;0;0;0;4;12.47;42.0218;-1;1;Autovettura privata;In marcia / fermata / arresto;Passeggero;F;Illeso;0;;;Inesploso
5291890;20;20/02/2021 18:30:00;Strada Urbana;VIA DI VALLE MURICANA;in corrispondenza;;del civico n.;407;;Scontro laterale fra veicoli in marcia;Rettilineo;Una carreggiata a doppio senso;Asciutto;Asfaltata;Verticale ed orizzontale;Sereno;Normale;Buona;;0;0;0;4;12.47;42.0218;-1;1;Autovettura privata;In marcia / fermata / arresto;Passeggero;M;Illeso;0;;;Inesploso
5291890;20;20/02/2021 18:30:00;Strada Urbana;VIA DI VALLE MURICANA;in corrispondenza;;del civico n.;407;;Scontro laterale fra veicoli in marcia;Rettilineo;Una carreggiata a doppio senso;Asciutto;Asfaltata;Verticale ed orizzontale;Sereno;Normale;Buona;;0;0;0;4;12.47;42.0218;-1;2;Autovettura privata;In marcia / fermata / arresto;Conducente;M;Illeso;0;;;
5291892;1;20/02/2021 17:45:00;Strada Urbana;PIAZZA DELL'EMPORIO;all'intersezione semaforizzata con;VIA AMERIGO VESPUCCI;VIA AMERIGO VESPUCCI;;;Veicolo in marcia contro ostacolo fisso;Intersezione semaforizzata;Una carreggiata a doppio senso;Asciutto;Asfaltata;Verticale ed orizzontale;Sereno;Normale;Buona;;0;0;0;1;12.4762;41.8824;-1;1;Autovettura privata;In marcia / fermata / arresto;Conducente;M;Illeso;0;;;
5291899;13;20/02/2021 04:55:00;Strada Urbana;VIA CARLO ALBIZZATI;in corrispondenza;;del civico n.;495;;Veicolo in marcia contro veicolo in sosta;Rettilineo;Una carreggiata a senso unico di marcia;Asciutto;Asfaltata;Orizzontale;Sereno;Scarso;Sufficiente;;0;0;0;1;12.3308;41.7817;-1;1;Autovettura privata;In marcia / fermata / arresto;Conducente;M;Illeso;0;;Non accertato;Inesploso
5291899;13;20/02/2021 04:55:00;Strada Urbana;VIA CARLO ALBIZZATI;in corrispondenza;;del civico n.;495;;Veicolo in marcia contro veicolo in sosta;Rettilineo;Una carreggiata a senso unico di marcia;Asciutto;Asfaltata;Orizzontale;Sereno;Scarso;Sufficiente;;0;0;0;1;12.3308;41.7817;-1;2;Autovettura privata;Sosta;;;;;;;
5291904;10;20/02/2021 15:20:00;Strada Urbana;VIA LEMONIA;da specificare;;;;pross. chiesa S. Policarpo;Scontro frontale/laterale DX fra veicoli in marcia;Rettilineo;Due carreggiate;Asciutto;Asfaltata;Verticale ed orizzontale;Sereno;Intenso;Buona;;0;0;0;3;12.5586;41.8527;-1;1;Autovettura privata;In marcia / fermata / arresto;Conducente;M;Illeso;0;;Non accertato;Inesploso
5291904;10;20/02/2021 15:20:00;Strada Urbana;VIA LEMONIA;da specificare;;;;pross. chiesa S. Policarpo;Scontro frontale/laterale DX fra veicoli in marcia;Rettilineo;Due carreggiate;Asciutto;Asfaltata;Verticale ed orizzontale;Sereno;Intenso;Buona;;0;0;0;3;12.5586;41.8527;-1;2;Autovettura privata;In marcia / fermata / arresto;Conducente;M;Illeso;0;;Non accertato;Inesploso
5291904;10;20/02/2021 15:20:00;Strada Urbana;VIA LEMONIA;da specificare;;;;pross. chiesa S. Policarpo;Scontro frontale/laterale DX fra veicoli in marcia;Rettilineo;Due carreggiate;Asciutto;Asfaltata;Verticale ed orizzontale;Sereno;Intenso;Buona;;0;0;0;3;12.5586;41.8527;-1;2;Autovettura privata;In marcia / fermata / arresto;Passeggero;F;Illeso;0;;Non accertato;Inesploso
5291908;6;20/02/2021 12:30:00;Strada Urbana;VIA DINO PENAZZATO;in corrispondenza;;del civico n.;93;;Scontro laterale fra veicoli in marcia;Rettilineo;Una carreggiata a doppio senso;Asciutto;Asfaltata;Verticale ed orizzontale;Sereno;Normale;Buona;;0;0;0;2;12.5655;41.8983;-1;1;Autovettura privata;In marcia / fermata / arresto;Conducente;M;Illeso;0;;;
5291908;6;20/02/2021 12:30:00;Strada Urbana;VIA DINO PENAZZATO;in corrispondenza;;del civico n.;93;;Scontro laterale fra veicoli in marcia;Rettilineo;Una carreggiata a doppio senso;Asciutto;Asfaltata;Verticale ed orizzontale;Sereno;Normale;Buona;;0;0;0;2;12.5655;41.8983;-1;2;Autovettura privata;In marcia / fermata / arresto;Conducente;F;Illeso;0;;;
5291916;10;20/02/2021 18:45:00;Strada Urbana;VIA DI TORRE SPACCATA;in corrispondenza;;del palo luce n.;67;;Scontro frontale/laterale DX fra veicoli in marcia;Rettilineo;Una carreggiata a doppio senso;Asciutto;Asfaltata;Verticale ed orizzontale;Sereno;Normale;Sufficiente;;1;0;0;1;12.5821;41.8518;-1;1;Autovettura privata;In marcia / fermata / arresto;Conducente;M;Illeso;0;;Non accertato;Inesploso