Protocollo;Gruppo;DataOraIncidente;Localizzazione1;STRADA1;Localizzazione2;STRADA2;Strada02;Chilometrica;DaSpecificare;NaturaIncidente;particolaritastrade;TipoStrada;FondoStradale;Pavimentazione;Segnaletica;CondizioneAtmosferica;Traffico;Visibilita;Illuminazione;NUM_FERITI;NUM_RISERVATA;NUM_MORTI;NUM_ILLESI;Longitudine;Latitudine;Confermato;Progressivo;TipoVeicolo;StatoVeicolo;TipoPersona;Sesso;Tipolesione;Deceduto;DecedutoDopo;CinturaCascoUtilizzato;Airbag;
5292738;8;21/02/2021 16:05:00;Strada Urbana;VIA AMBROGIO NECCHI;all'intersezione con;VIA ERNESTO BREDA;VIA ERNESTO BREDA;;;Scontro frontale/laterale SX fra veicoli in marcia;Intersezione stradale segnalata;Una carreggiata a senso unico alternato;Asciutto;Asfaltata;Verticale ed orizzontale;Sereno;Normale;Buona;;1;0;0;2;12.643;41.8618;-1;2;Autovettura privata;In marcia / fermata / arresto;Passeggero;F;Illeso;0;;Non accertato;Inesploso
5292739;8;20/02/2021 21:30:00;Strada Urbana;VIA CASILINA;all'intersezione con;VIA SILICELLA;VIA SILICELLA;;;Scontro frontale/laterale SX fra veicoli in marcia;Incrocio;Una carreggiata a doppio senso;Asciutto;Asfaltata;Orizzontale;Sereno;Normale;Sufficiente;;1;0;0;0;12.5987;41.8657;0;1;Motociclo a solo;In marcia / fermata / arresto;Conducente;M;Ricoverato;0;NON DECEDUTO;Non accertato;
5292739;8;20/02/2021 21:30:00;Strada Urbana;VIA CASILINA;all'intersezione con;VIA SILICELLA;VIA SILICELLA;;;Scontro frontale/laterale SX fra veicoli in marcia;Incrocio;Una carreggiata a doppio senso;Asciutto;Asfaltata;Orizzontale;Sereno;Normale;Sufficiente;;1;0;0;0;12.5987;41.8657;0;2;Autovettura privata;Allontanatosi;;;;;;;
5292740;8;21/02/2021 16:50:00;Provinciale;VIA POLENSE;in corrispondenza;;del civico n.;25;;Scontro laterale fra veicoli in marcia;Rettilineo;Una carreggiata a doppio senso;Asciutto;Asfaltata;Verticale ed orizzontale;Sereno;Scarso;Buona;;0;0;0;4;12.7014;41.8934;-1;1;Autovettura privata;In marcia / fermata / arresto;Conducente;M;Illeso;0;;Non accertato;Inesploso
5292740;8;21/02/2021 16:50:00;Provinciale;VIA POLENSE;in corrispondenza;;del civico n.;25;;Scontro laterale fra veicoli in marcia;Rettilineo;Una carreggiata a doppio senso;Asciutto;Asfaltata;Verticale ed orizzontale;Sereno;Scarso;Buona;;0;0;0;4;12.7014;41.8934;-1;1;Autovettura privata;In marcia / fermata / arresto;Passeggero;F;Illeso;0;;Non accertato;Inesploso
5292740;8;21/02/2021 16:50:00;Provinciale;VIA POLENSE;in corrispondenza;;del civico n.;25;;Scontro laterale fra veicoli in marcia;Rettilineo;Una carreggiata a doppio senso;Asciutto;Asfaltata;Verticale ed orizzontale;Sereno;Scarso;Buona;;0;0;0;4;12.7014;41.8934;-1;2;Autovettura privata;In marcia / fermata / arresto;Conducente;F;Illeso;0;;Non accertato;Inesploso
5292740;8;21/02/2021 16:50:00;Provinciale;VIA POLENSE;in corrispondenza;;del civico n.;25;;Scontro laterale fra veicoli in marcia;Rettilineo;Una carreggiata a doppio senso;Asciutto;Asfaltata;Verticale ed orizzontale;Sereno;Scarso;Buona;;0;0;0;4;12.7014;41.8934;-1;2;Autovettura privata;In marcia / fermata / arresto;Passeggero;M;Illeso;0;;Non accertato;Inesploso
5292741;8;21/02/2021 19:45:00;Strada Urbana;VIA ORAZIO BORGIANNI;all'intersezione con;VIA BERNARDO MINOZZI;VIA BERNARDO MINOZZI;;;Scontro frontale/laterale SX fra veicoli in marcia;Incrocio;Una carreggiata a senso unico di marcia;Asciutto;Asfaltata;Verticale ed orizzontale;Sereno;Normale;Sufficiente;;0;0;0;2;12.6279;41.8697;-1;1;Autovettura privata;In marcia / fermata / arresto;Conducente;M;Illeso;0;;;
5292741;8;21/02/2021 19:45:00;Strada Urbana;VIA ORAZIO BORGIANNI;all'intersezione con;VIA BERNARDO MINOZZI;VIA BERNARDO MINOZZI;;;Scontro frontale/laterale SX fra veicoli in marcia;Incrocio;Una carreggiata a senso unico di marcia;Asciutto;Asfaltata;Verticale ed orizzontale;Sereno;Normale;Sufficiente;;0;0;0;2;12.6279;41.8697;-1;2;Autovettura privata;In marcia / fermata / arresto;Conducente;M;Illeso;0;;Non utilizzato;Inesploso
5292741;8;21/02/2021 19:45:00;Strada Urbana;VIA ORAZIO BORGIANNI;all'intersezione con;VIA BERNARDO MINOZZI;VIA BERNARDO MINOZZI;;;Scontro frontale/laterale SX fra veicoli in marcia;Incrocio;Una carreggiata a senso unico di marcia;Asciutto;Asfaltata;Verticale ed orizzontale;Sereno;Normale;Sufficiente;;0;0;0;2;12.6279;41.8697;-1;3;Autovettura privata;Sosta;;;;;;;
5292742;5;21/02/2021 21:20:00;Strada Urbana;PIAZZA DELLE CAMELIE;da specificare;;;;all'intersezione con VIA TOR DE' SCHIAVI dir Casil;Scontro laterale fra veicoli in marcia;Rettilineo;Una carreggiata a senso unico di marcia;Asciutto;Asfaltata;Verticale ed orizzontale;Sereno;Normale;Buona;;1;0;0;1;12.5644;41.8758;-1;1;Motociclo a solo;In marcia / fermata / arresto;Conducente;M;Rimandato;0;NON DECEDUTO;Non accertato;
5292742;5;21/02/2021 21:20:00;Strada Urbana;PIAZZA DELLE CAMELIE;da specificare;;;;all'intersezione con VIA TOR DE' SCHIAVI dir Casil;Scontro laterale fra veicoli in marcia;Rettilineo;Una carreggiata a senso unico di marcia;Asciutto;Asfaltata;Verticale ed orizzontale;Sereno;Normale;Buona;;1;0;0;1;12.5644;41.8758;-1;2;Autovettura privata;In marcia / fermata / arresto;Conducente;M;Illeso;0;;Non accertato;
5292760;5;21/02/2021 20:45:00;Strada Urbana;VIA GIUSEPPE ANTONIO ANDRIULLI;da specificare;;;;altezza A24 corr. invers. marcia, dir. Prenestina;Scontro laterale fra veicoli in marcia;Rettilineo;Due carreggiate;Asciutto;Asfaltata;Verticale ed orizzontale;Sereno;Scarso;Sufficiente;;0;0;0;2;12.557;41.9023;-1;1;Autovettura privata;In marcia / fermata / arresto;Conducente;F;Illeso;0;;Non accertato;
5292760;5;21/02/2021 20:45:00;Strada Urbana;VIA GIUSEPPE ANTONIO ANDRIULLI;da specificare;;;;altezza A24 corr. invers. marcia, dir. Prenestina;Scontro laterale fra veicoli in marcia;Rettilineo;Due carreggiate;Asciutto;Asfaltata;Verticale ed orizzontale;Sereno;Scarso;Sufficiente;;0;0;0;2;12.557;41.9023;-1;2;Autovettura privata;In marcia / fermata / arresto;Conducente;M;Illeso;0;;Non accertato;
5292796;20;21/02/2021 13:00:00;Statale entro l'abitato;VIA FLAMINIA;in corrispondenza;;della chilometrica;15.4;;Veicolo in marcia contro ostacolo fisso;Curva senza visuale libera;Una carreggiata a senso unico di marcia;Asciutto;Asfaltata;Verticale ed orizzontale;Sereno;Scarso;Buona;;0;0;0;1;12.4876;42.016;-1;1;Motociclo a solo;In marcia / fermata / arresto;Conducente;M;Illeso;0;;Non accertato;
5292799;18;19/02/2021 14:45:00;Strada Urbana;VIA DI BOCCEA;in prossimit�;;del civico n.;413;;Tamponamento;Curva a visuale libera;Due carreggiate;Asciutto;Asfaltata;Verticale ed orizzontale;Sereno;Normale;Buona;;0;0;0;2;12.3979;41.9111;-1;1;Motociclo a solo;In marcia / fermata / arresto;Conducente;M;Illeso;0;;;
5292799;18;19/02/2021 14:45:00;Strada Urbana;VIA DI BOCCEA;in prossimit�;;del civico n.;413;;Tamponamento;Curva a visuale libera;Due carreggiate;Asciutto;Asfaltata;Verticale ed orizzontale;Sereno;Normale;Buona;;0;0;0;2;12.3979;41.9111;-1;2;Autocarro inferiore 35 q.;In marcia / fermata / arresto;Conducente;M;Illeso;0;;;
5292809;13;21/02/2021 12:45:00;Strada Urbana;PIAZZALE MAGELLANO;in corrispondenza;;del civico n.;2;;Scontro laterale fra veicoli in marcia;Rettilineo;Due carreggiate;Asciutto;Asfaltata;Verticale ed orizzontale;Sereno;Normale;Buona;;0;0;0;4;12.2873;41.7263;-1;1;Autovettura privata;In marcia / fermata / arresto;Conducente;M;Illeso;0;;Non accertato;Inesploso
5292809;13;21/02/2021 12:45:00;Strada Urbana;PIAZZALE MAGELLANO;in corrispondenza;;del civico n.;2;;Scontro laterale fra veicoli in marcia;Rettilineo;Due carreggiate;Asciutto;Asfaltata;Verticale ed orizzontale;Sereno;Normale;Buona;;0;0;0;4;12.2873;41.7263;-1;1;Autovettura privata;In marcia / fermata / arresto;Passeggero;F;Illeso;0;;Non accertato;Inesploso
5292809;13;21/02/2021 12:45:00;Strada Urbana;PIAZZALE MAGELLANO;in corrispondenza;;del civico n.;2;;Scontro laterale fra veicoli in marcia;Rettilineo;Due carreggiate;Asciutto;Asfaltata;Verticale ed orizzontale;Sereno;Normale;Buona;;0;0;0;4;12.2873;41.7263;-1;2;Autovettura privata;In marcia / fermata / arresto;Conducente;M;Illeso;0;;Non accertato;Inesploso
5292809;13;21/02/2021 12:45:00;Strada Urbana;PIAZZALE MAGELLANO;in corrispondenza;;del civico n.;2;;Scontro laterale fra veicoli in marcia;Rettilineo;Due carreggiate;Asciutto;Asfaltata;Verticale ed orizzontale;Sereno;Normale;Buona;;0;0;0;4;12.2873;41.7263;-1;2;Autovettura privata;In marcia / fermata / arresto;Passeggero;F;Illeso;0;;Non accertato;
5292813;18;19/02/2021 14:30:00;Strada Urbana;VIA GIUSEPPE PALOMBINI;in corrispondenza;;del civico n.;2;;Veicolo in marcia contro veicoli in sosta;Rettilineo;Una carreggiata a doppio senso;Asciutto;Asfaltata;Verticale;Sereno;Scarso;Buona;;0;0;0;0;12.4313;41.8973;-1;1;Autovettura privata;Allontanatosi;;;;;;;
5292813;18;19/02/2021 14:30:00;Strada Urbana;VIA GIUSEPPE PALOMBINI;in corrispondenza;;del civico n.;2;;Veicolo in marcia contro veicoli in sosta;Rettilineo;Una carreggiata a doppio senso;Asciutto;Asfaltata;Verticale;Sereno;Scarso;Buona;;0;0;0;0;12.4313;41.8973;-1;2;Autovettura privata;Sosta;;;;;;;
5292813;18;19/02/2021 14:30:00;Strada Urbana;VIA GIUSEPPE PALOMBINI;in corrispondenza;;del civico n.;2;;Veicolo in marcia contro veicoli in sosta;Rettilineo;Una carreggiata a doppio senso;Asciutto;Asfaltata;Verticale;Sereno;Scarso;Buona;;0;0;0;0;12.4313;41.8973;-1;3;Autovettura privata;Sosta;;;;;;;
5292814;18;19/02/2021 15:35:00;Strada Urbana;VIA TEMISTOCLE CALISTI;all'intersezione con;VIA DI MONTESPACCATO;VIA DI MONTESPACCATO;;;Scontro frontale/laterale DX fra veicoli in marcia;Incrocio;Una carreggiata a senso unico di marcia;Asciutto;Asfaltata;Verticale ed orizzontale;Sereno;Normale;Buona;;1;0;0;3;12.3919;41.9071;-1;1;Autovettura privata;In marcia / fermata / arresto;Conducente;F;Rifiuta cure immediate;0;NON DECEDUTO;;
5292814;18;19/02/2021 15:35:00;Strada Urbana;VIA TEMISTOCLE CALISTI;all'intersezione con;VIA DI MONTESPACCATO;VIA DI MONTESPACCATO;;;Scontro frontale/laterale DX fra veicoli in marcia;Incrocio;Una carreggiata a senso unico di marcia;Asciutto;Asfaltata;Verticale ed orizzontale;Sereno;Normale;Buona;;1;0;0;3;12.3919;41.9071;-1;1;Autovettura privata;In marcia / fermata / arresto;Passeggero;M;Illeso;0;;;
5292814;18;19/02/2021 15:35:00;Strada Urbana;VIA TEMISTOCLE CALISTI;all'intersezione con;VIA DI MONTESPACCATO;VIA DI MONTESPACCATO;;;Scontro frontale/laterale DX fra veicoli in marcia;Incrocio;Una carreggiata a senso unico di marcia;Asciutto;Asfaltata;Verticale ed orizzontale;Sereno;Normale;Buona;;1;0;0;3;12.3919;41.9071;-1;2;Autovettura privata;In marcia / fermata / arresto;Conducente;M;Illeso;0;;;
5292814;18;19/02/2021 15:35:00;Strada Urbana;VIA TEMISTOCLE CALISTI;all'intersezione con;VIA DI MONTESPACCATO;VIA DI MONTESPACCATO;;;Scontro frontale/laterale DX fra veicoli in marcia;Incrocio;Una carreggiata a senso unico di marcia;Asciutto;Asfaltata;Verticale ed orizzontale;Sereno;Normale;Buona;;1;0;0;3;12.3919;41.9071;-1;2;Autovettura privata;In marcia / fermata / arresto;Passeggero;F;Illeso;0;;;
5292823;13;22/02/2021 02:20:00;Strada Urbana;VIA PAVULLO NEL FRIGNANO;da specificare;;;;FRONTE CIVICO 51;Veicolo in marcia contro veicolo in sosta;Rettilineo;Una carreggiata a doppio senso;Asciutto;Asfaltata;Verticale;Sereno;Scarso;Buona;;0;0;0;1;12.3854;41.789;-1;1;Autovettura privata;In marcia / fermata / arresto;Conducente;M;Illeso;0;;Non accertato;Esploso
5292823;13;22/02/2021 02:20:00;Strada Urbana;VIA PAVULLO NEL FRIGNANO;da specificare;;;;FRONTE CIVICO 51;Veicolo in marcia contro veicolo in sosta;Rettilineo;Una carreggiata a doppio senso;Asciutto;Asfaltata;Verticale;Sereno;Scarso;Buona;;0;0;0;1;12.3854;41.789;-1;2;Autovettura privata;Sosta;;;;;;;
5292823;13;22/02/2021 02:20:00;Strada Urbana;VIA PAVULLO NEL FRIGNANO;da specificare;;;;FRONTE CIVICO 51;Veicolo in marcia contro veicolo in sosta;Rettilineo;Una carreggiata a doppio senso;Asciutto;Asfaltata;Verticale;Sereno;Scarso;Buona;;0;0;0;1;12.3854;41.789;-1;3;Autovettura privata;Sosta;;;;;;;
5292823;13;22/02/2021 02:20:00;Strada Urbana;VIA PAVULLO NEL FRIGNANO;da specificare;;;;FRONTE CIVICO 51;Veicolo in marcia contro veicolo in sosta;Rettilineo;Una carreggiata a doppio senso;Asciutto;Asfaltata;Verticale;Sereno;Scarso;Buona;;0;0;0;1;12.3854;41.789;-1;4;Autovettura privata;Sosta;;;;;;;
5292823;13;22/02/2021 02:20:00;Strada Urbana;VIA PAVULLO NEL FRIGNANO;da specificare;;;;FRONTE CIVICO 51;Veicolo in marcia contro veicolo in sosta;Rettilineo;Una carreggiata a doppio senso;Asciutto;Asfaltata;Verticale;Sereno;Scarso;Buona;;0;0;0;1;12.3854;41.789;-1;5;Autovettura privata;Sosta;;;;;;;
5292823;13;22/02/2021 02:20:00;Strada Urbana;VIA PAVULLO NEL FRIGNANO;da specificare;;;;FRONTE CIVICO 51;Veicolo in marcia contro veicolo in sosta;Rettilineo;Una carreggiata a doppio senso;Asciutto;Asfaltata;Verticale;Sereno;Scarso;Buona;;0;0;0;1;12.3854;41.789;-1;6;Autovettura privata;Sosta;;;;;;;
5292830;3;20/02/2021 21:50:00;Strada Urbana;VIA LIVORNO;in corrispondenza;;del civico n.;4b;;Veicolo in marcia contro veicolo fermo;Rettilineo;Una carreggiata a doppio senso;Asciutto;Asfaltata;Verticale ed orizzontale;Sereno;Scarso;Buona;;1;0;0;1;12.522;41.9143;-1;1;Autovettura privata;In marcia / fermata / arresto;Conducente;M;Rimandato;0;NON DECEDUTO;Non accertato;Inesploso
5292830;3;20/02/2021 21:50:00;Strada Urbana;VIA LIVORNO;in corrispondenza;;del civico n.;4b;;Veicolo in marcia contro veicolo fermo;Rettilineo;Una carreggiata a doppio senso;Asciutto;Asfaltata;Verticale ed orizzontale;Sereno;Scarso;Buona;;1;0;0;1;12.522;41.9143;-1;2;Autovettura privata;In marcia / fermata / arresto;Conducente;F;Illeso;0;;Non accertato;Inesploso
5292830;3;20/02/2021 21:50:00;Strada Urbana;VIA LIVORNO;in corrispondenza;;del civico n.;4b;;Veicolo in marcia contro veicolo fermo;Rettilineo;Una carreggiata a doppio senso;Asciutto;Asfaltata;Verticale ed orizzontale;Sereno;Scarso;Buona;;1;0;0;1;12.522;41.9143;-1;3;Autovettura privata;Sosta;;;;;;;
5292857;1;21/02/2021 17:00:00;Strada Urbana;VIA DEL BOCCACCIO;da specificare;;;;in corrispondenza di via rasella;Veicolo in marcia contro veicolo in sosta;Rettilineo;Una carreggiata a senso unico di marcia;Asciutto;In cubetti di porfido;Verticale ed orizzontale;Sereno;Scarso;Buona;;0;0;0;1;12.487;41.9029;-1;1;Motociclo a solo;In marcia / fermata / arresto;Conducente;M;Illeso;0;;;
5292857;1;21/02/2021 17:00:00;Strada Urbana;VIA DEL BOCCACCIO;da specificare;;;;in corrispondenza di via rasella;Veicolo in marcia contro veicolo in sosta;Rettilineo;Una carreggiata a senso unico di marcia;Asciutto;In cubetti di porfido;Verticale ed orizzontale;Sereno;Scarso;Buona;;0;0;0;1;12.487;41.9029;-1;2;Ciclomotore;Sosta;;;;;;;
5292857;1;21/02/2021 17:00:00;Strada Urbana;VIA DEL BOCCACCIO;da specificare;;;;in corrispondenza di via rasella;Veicolo in marcia contro veicolo in sosta;Rettilineo;Una carreggiata a senso unico di marcia;Asciutto;In cubetti di porfido;Verticale ed orizzontale;Sereno;Scarso;Buona;;0;0;0;1;12.487;41.9029;-1;3;Motociclo a solo;Sosta;;;;;;;
5292867;18;19/02/2021 18:35:00;Strada Urbana;CIRCONVALLAZIONE CORNELIA;da specificare;;;;FRONTE CIVICO 125;Investimento di pedone;Curva a visuale libera;Pi� di due carreggiate;Asciutto;Asfaltata;Verticale ed orizzontale;Sereno;Intenso;Buona;;0;0;0;2;12.4259;41.902;-1;;;;Pedone;M;Illeso;0;;;
5292867;18;19/02/2021 18:35:00;Strada Urbana;CIRCONVALLAZIONE CORNELIA;da specificare;;;;FRONTE CIVICO 125;Investimento di pedone;Curva a visuale libera;Pi� di due carreggiate;Asciutto;Asfaltata;Verticale ed orizzontale;Sereno;Intenso;Buona;;0;0;0;2;12.4259;41.902;-1;1;Motociclo a solo;In marcia / fermata / arresto;Conducente;M;Illeso;0;;;
5292869;7;19/02/2021 08:50:00;Strada Urbana;VIA PRENESTINA;in corrispondenza;;del civico n.;894;;Scontro laterale fra veicoli in marcia;Rettilineo;Una carreggiata a doppio senso;Asciutto;Asfaltata;Orizzontale;Sereno;Normale;Buona;;1;0;0;2;12.6191;41.8933;-1;1;Autovettura privata;In marcia / fermata / arresto;Conducente;M;Illeso;0;;Non accertato;Inesploso
5292869;7;19/02/2021 08:50:00;Strada Urbana;VIA PRENESTINA;in corrispondenza;;del civico n.;894;;Scontro laterale fra veicoli in marcia;Rettilineo;Una carreggiata a doppio senso;Asciutto;Asfaltata;Orizzontale;Sereno;Normale;Buona;;1;0;0;2;12.6191;41.8933;-1;1;Autovettura privata;In marcia / fermata / arresto;Passeggero;M;Illeso;0;;Non accertato;Inesploso
5292869;7;19/02/2021 08:50:00;Strada Urbana;VIA PRENESTINA;in corrispondenza;;del civico n.;894;;Scontro laterale fra veicoli in marcia;Rettilineo;Una carreggiata a doppio senso;Asciutto;Asfaltata;Orizzontale;Sereno;Normale;Buona;;1;0;0;2;12.6191;41.8933;-1;2;Autovettura privata;In marcia / fermata / arresto;Conducente;F;Rimandato;0;NON DECEDUTO;Non accertato;Inesploso
5292876;7;21/02/2021 16:50:00;Strada Urbana;VIA GIOVANNI ARCANGELI;in corrispondenza;;del civico n.;1;;Scontro laterale fra veicoli in marcia;Rettilineo;Una carreggiata a senso unico di marcia;Asciutto;Asfaltata;Verticale ed orizzontale;Sereno;Scarso;Buona;;0;0;0;3;12.5618;41.8921;0;1;Autovettura privata;In marcia / fermata / arresto;Conducente;F;Illeso;0;;Non accertato;
5292876;7;21/02/2021 16:50:00;Strada Urbana;VIA GIOVANNI ARCANGELI;in corrispondenza;;del civico n.;1;;Scontro laterale fra veicoli in marcia;Rettilineo;Una carreggiata a senso unico di marcia;Asciutto;Asfaltata;Verticale ed orizzontale;Sereno;Scarso;Buona;;0;0;0;3;12.5618;41.8921;0;2;Autovettura privata;In marcia / fermata / arresto;Conducente;M;Illeso;0;;Non accertato;Inesploso
5292876;7;21/02/2021 16:50:00;Strada Urbana;VIA GIOVANNI ARCANGELI;in corrispondenza;;del civico n.;1;;Scontro laterale fra veicoli in marcia;Rettilineo;Una carreggiata a senso unico di marcia;Asciutto;Asfaltata;Verticale ed orizzontale;Sereno;Scarso;Buona;;0;0;0;3;12.5618;41.8921;0;2;Autovettura privata;In marcia / fermata / arresto;Passeggero;F;Illeso;0;;Non accertato;Inesploso
5292877;4;19/02/2021 07:50:00;Strada Urbana;VIA MONTE ROCCHETTA;all'intersezione con;VIALE JONIO;VIALE JONIO;;;Scontro laterale fra veicoli in marcia;Incrocio;Una carreggiata a doppio senso;Asciutto;Asfaltata;Verticale ed orizzontale;Sereno;Normale;Buona;;0;0;0;4;12.5317;41.9473;-1;1;Autovettura privata;In marcia / fermata / arresto;Conducente;M;Illeso;0;;Non accertato;Inesploso
5292877;4;19/02/2021 07:50:00;Strada Urbana;VIA MONTE ROCCHETTA;all'intersezione con;VIALE JONIO;VIALE JONIO;;;Scontro laterale fra veicoli in marcia;Incrocio;Una carreggiata a doppio senso;Asciutto;Asfaltata;Verticale ed orizzontale;Sereno;Normale;Buona;;0;0;0;4;12.5317;41.9473;-1;1;Autovettura privata;In marcia / fermata / arresto;Passeggero;M;Illeso;0;;Non accertato;Inesploso
5292877;4;19/02/2021 07:50:00;Strada Urbana;VIA MONTE ROCCHETTA;all'intersezione con;VIALE JONIO;VIALE JONIO;;;Scontro laterale fra veicoli in marcia;Incrocio;Una carreggiata a doppio senso;Asciutto;Asfaltata;Verticale ed orizzontale;Sereno;Normale;Buona;;0;0;0;4;12.5317;41.9473;-1;2;Autovettura privata;In marcia / fermata / arresto;Conducente;M;Illeso;0;;Non accertato;Inesploso
5292877;4;19/02/2021 07:50:00;Strada Urbana;VIA MONTE ROCCHETTA;all'intersezione con;VIALE JONIO;VIALE JONIO;;;Scontro laterale fra veicoli in marcia;Incrocio;Una carreggiata a doppio senso;Asciutto;Asfaltata;Verticale ed orizzontale;Sereno;Normale;Buona;;0;0;0;4;12.5317;41.9473;-1;2;Autovettura privata;In marcia / fermata / arresto;Passeggero;F;Illeso;0;;Non accertato;Inesploso
5292882;4;19/02/2021 07:55:00;Strada Urbana;VIADOTTO GIUSEPPE SARAGAT;da specificare;;;;rampa in uscita dir. Monte Giberto;Tamponamento;Rettilineo;Una carreggiata a senso unico di marcia;Asciutto;Asfaltata;Verticale ed orizzontale;Sereno;Normale;Buona;;0;0;0;2;12.5141;41.9798;-1;1;Autovettura privata;In marcia / fermata / arresto;Conducente;M;Illeso;0;;;
5292882;4;19/02/2021 07:55:00;Strada Urbana;VIADOTTO GIUSEPPE SARAGAT;da specificare;;;;rampa in uscita dir. Monte Giberto;Tamponamento;Rettilineo;Una carreggiata a senso unico di marcia;Asciutto;Asfaltata;Verticale ed orizzontale;Sereno;Normale;Buona;;0;0;0;2;12.5141;41.9798;-1;2;Autovettura privata;In marcia / fermata / arresto;Conducente;F;Illeso;0;;;
5292885;18;20/02/2021 12:15:00;Strada Urbana;VIA DEL FORTE BRASCHI;in prossimit�;;del civico n.;99;;Scontro frontale/laterale DX fra veicoli in marcia;Rettilineo;Una carreggiata a doppio senso;Asciutto;Asfaltata;Verticale ed orizzontale;Sereno;Normale;Buona;;0;0;0;2;12.4192;41.9126;-1;1;Autovettura privata;In marcia / fermata / arresto;Conducente;M;Illeso;0;;Non accertato;Inesploso
5292885;18;20/02/2021 12:15:00;Strada Urbana;VIA DEL FORTE BRASCHI;in prossimit�;;del civico n.;99;;Scontro frontale/laterale DX fra veicoli in marcia;Rettilineo;Una carreggiata a doppio senso;Asciutto;Asfaltata;Verticale ed orizzontale;Sereno;Normale;Buona;;0;0;0;2;12.4192;41.9126;-1;2;Autocarro inferiore 35 q.;In marcia / fermata / arresto;Conducente;F;Illeso;0;;Non accertato;Inesploso
5292890;13;21/02/2021 18:00:00;Strada Urbana;VIA GAETANO CHIERCHIA;da specificare;;;;altezza scale direzione via A. Bertolini;Investimento di pedone;Cavalcavia;Una carreggiata a doppio senso;Asciutto;Asfaltata;Verticale;Sereno;Normale;Sufficiente;;1;0;0;1;12.286;41.7321;-1;;;;Pedone;F;Rimandato;0;NON DECEDUTO;;
5292890;13;21/02/2021 18:00:00;Strada Urbana;VIA GAETANO CHIERCHIA;da specificare;;;;altezza scale direzione via A. Bertolini;Investimento di pedone;Cavalcavia;Una carreggiata a doppio senso;Asciutto;Asfaltata;Verticale;Sereno;Normale;Sufficiente;;1;0;0;1;12.286;41.7321;-1;1;Autovettura privata;In marcia / fermata / arresto;Conducente;M;Illeso;0;;Non accertato;Inesploso
5292895;10;21/02/2021 11:30:00;Strada Urbana;VIALE BRUNO RIZZIERI;all'intersezione con;VIA STEFANO OBERTO;VIA STEFANO OBERTO;;;Scontro frontale/laterale DX fra veicoli in marcia;Rotatoria;Due carreggiate;Asciutto;Asfaltata;Verticale ed orizzontale;Sereno;Normale;Buona;;1;0;0;1;12.586;41.8522;-1;1;Autovettura privata;In marcia / fermata / arresto;Conducente;F;Illeso;0;;Non accertato;Inesploso
5292895;10;21/02/2021 11:30:00;Strada Urbana;VIALE BRUNO RIZZIERI;all'intersezione con;VIA STEFANO OBERTO;VIA STEFANO OBERTO;;;Scontro frontale/laterale DX fra veicoli in marcia;Rotatoria;Due carreggiate;Asciutto;Asfaltata;Verticale ed orizzontale;Sereno;Normale;Buona;;1;0;0;1;12.586;41.8522;-1;2;Motociclo a solo;In marcia / fermata / arresto;Conducente;M;Rimandato;0;NON DECEDUTO;Non accertato;
5292897;18;20/02/2021 15:20:00;Strada Urbana;PIAZZA DI VILLA CARPEGNA;in prossimit�;;del civico n.;42;;Scontro laterale fra veicoli in marcia;Curva a visuale libera;Pi� di due carreggiate;Asciutto;Asfaltata;Verticale ed orizzontale;Sereno;Normale;Buona;;1;0;0;1;12.4296;41.8954;-1;1;Autovettura privata;In marcia / fermata / arresto;Conducente;M;Rifiuta cure immediate;0;NON DECEDUTO;Non accertato;Inesploso
5292897;18;20/02/2021 15:20:00;Strada Urbana;PIAZZA DI VILLA CARPEGNA;in prossimit�;;del civico n.;42;;Scontro laterale fra veicoli in marcia;Curva a visuale libera;Pi� di due carreggiate;Asciutto;Asfaltata;Verticale ed orizzontale;Sereno;Normale;Buona;;1;0;0;1;12.4296;41.8954;-1;2;Autovettura privata;In marcia / fermata / arresto;Conducente;M;Illeso;0;;Non accertato;Inesploso
5292905;18;20/02/2021 16:45:00;Strada Urbana;VIA DEL CASALE DI S. PIO V;in corrispondenza;;del civico n.;13;;Scontro frontale/laterale DX fra veicoli in marcia;Rettilineo;Una carreggiata a doppio senso;Asciutto;Asfaltata;Verticale ed orizzontale;Sereno;Normale;Buona;;1;0;0;2;12.4323;41.8922;-1;1;Autovettura privata;In marcia / fermata / arresto;Conducente;M;Illeso;0;;Non accertato;Inesploso
5292905;18;20/02/2021 16:45:00;Strada Urbana;VIA DEL CASALE DI S. PIO V;in corrispondenza;;del civico n.;13;;Scontro frontale/laterale DX fra veicoli in marcia;Rettilineo;Una carreggiata a doppio senso;Asciutto;Asfaltata;Verticale ed orizzontale;Sereno;Normale;Buona;;1;0;0;2;12.4323;41.8922;-1;1;Autovettura privata;In marcia / fermata / arresto;Passeggero;F;Illeso;0;;;