Protocollo;Gruppo;DataOraIncidente;Localizzazione1;STRADA1;Localizzazione2;STRADA2;Strada02;Chilometrica;DaSpecificare;NaturaIncidente;particolaritastrade;TipoStrada;FondoStradale;Pavimentazione;Segnaletica;CondizioneAtmosferica;Traffico;Visibilita;Illuminazione;NUM_FERITI;NUM_RISERVATA;NUM_MORTI;NUM_ILLESI;Longitudine;Latitudine;Confermato;Progressivo;TipoVeicolo;StatoVeicolo;TipoPersona;Sesso;Tipolesione;Deceduto;DecedutoDopo;CinturaCascoUtilizzato;Airbag;
5293176;18;21/02/2021 19:40:00;Strada Urbana;VIA DI MONTESPACCATO;all'intersezione con;VIA TEMISTOCLE CALISTI;VIA TEMISTOCLE CALISTI;;;Scontro frontale/laterale DX fra veicoli in marcia;Intersezione stradale segnalata;Due carreggiate;Asciutto;Asfaltata;Verticale ed orizzontale;Sereno;Scarso;Buona;;0;0;0;3;12.3931;41.9076;-1;1;Autovettura privata;In marcia / fermata / arresto;Conducente;M;Illeso;0;;Non accertato;Inesploso
5293176;18;21/02/2021 19:40:00;Strada Urbana;VIA DI MONTESPACCATO;all'intersezione con;VIA TEMISTOCLE CALISTI;VIA TEMISTOCLE CALISTI;;;Scontro frontale/laterale DX fra veicoli in marcia;Intersezione stradale segnalata;Due carreggiate;Asciutto;Asfaltata;Verticale ed orizzontale;Sereno;Scarso;Buona;;0;0;0;3;12.3931;41.9076;-1;1;Autovettura privata;In marcia / fermata / arresto;Passeggero;M;Illeso;0;;Non accertato;Inesploso
5293176;18;21/02/2021 19:40:00;Strada Urbana;VIA DI MONTESPACCATO;all'intersezione con;VIA TEMISTOCLE CALISTI;VIA TEMISTOCLE CALISTI;;;Scontro frontale/laterale DX fra veicoli in marcia;Intersezione stradale segnalata;Due carreggiate;Asciutto;Asfaltata;Verticale ed orizzontale;Sereno;Scarso;Buona;;0;0;0;3;12.3931;41.9076;-1;2;Autovettura privata;In marcia / fermata / arresto;Conducente;M;Illeso;0;;Non accertato;Inesploso
5293180;13;21/02/2021 17:05:00;Strada Urbana;VIALE DELLE REPUBBLICHE MARINARE;all'intersezione con;VIA MARCELLO PUCCI BONCAMBI;VIA MARCELLO PUCCI BONCAMBI;;;Tamponamento;Incrocio;Due carreggiate;Asciutto;Asfaltata;Verticale;Sereno;Normale;Buona;;0;0;0;4;12.2682;41.735;-1;1;Autovettura privata;In marcia / fermata / arresto;Conducente;M;Illeso;0;;;
5293180;13;21/02/2021 17:05:00;Strada Urbana;VIALE DELLE REPUBBLICHE MARINARE;all'intersezione con;VIA MARCELLO PUCCI BONCAMBI;VIA MARCELLO PUCCI BONCAMBI;;;Tamponamento;Incrocio;Due carreggiate;Asciutto;Asfaltata;Verticale;Sereno;Normale;Buona;;0;0;0;4;12.2682;41.735;-1;1;Autovettura privata;In marcia / fermata / arresto;Passeggero;F;Illeso;0;;;
5293180;13;21/02/2021 17:05:00;Strada Urbana;VIALE DELLE REPUBBLICHE MARINARE;all'intersezione con;VIA MARCELLO PUCCI BONCAMBI;VIA MARCELLO PUCCI BONCAMBI;;;Tamponamento;Incrocio;Due carreggiate;Asciutto;Asfaltata;Verticale;Sereno;Normale;Buona;;0;0;0;4;12.2682;41.735;-1;2;Autovettura privata;In marcia / fermata / arresto;Conducente;M;Illeso;0;;;
5293180;13;21/02/2021 17:05:00;Strada Urbana;VIALE DELLE REPUBBLICHE MARINARE;all'intersezione con;VIA MARCELLO PUCCI BONCAMBI;VIA MARCELLO PUCCI BONCAMBI;;;Tamponamento;Incrocio;Due carreggiate;Asciutto;Asfaltata;Verticale;Sereno;Normale;Buona;;0;0;0;4;12.2682;41.735;-1;2;Autovettura privata;In marcia / fermata / arresto;Passeggero;F;Illeso;0;;Non accertato;Inesploso
5293222;4;21/02/2021 18:45:00;Strada Urbana;VIA DI PIETRALATA;da specificare;;;;in prossimit� del fronte civico 51;Ribaltamento senza urto contro ostacolo fisso;Curva a visuale libera;Una carreggiata a doppio senso;Asciutto;Asfaltata;Orizzontale;Sereno;Normale;Buona;;0;0;0;1;12.5469;41.9214;-1;1;Autovettura privata;In marcia / fermata / arresto;Conducente;M;Illeso;0;;;
5293230;19;19/02/2021 10:10:00;Strada Urbana;VIA DI BOCCEA;in prossimit�;;del civico n.;1320;;Veicolo in marcia contro veicolo in sosta;Rettilineo;Una carreggiata a doppio senso;Asciutto;Asfaltata;Verticale ed orizzontale;Sereno;Scarso;Buona;;1;0;0;0;12.3135;41.9512;-1;1;Autovettura privata;In marcia / fermata / arresto;Conducente;M;Rifiuta cure immediate;0;NON DECEDUTO;Non accertato;Esploso
5293230;19;19/02/2021 10:10:00;Strada Urbana;VIA DI BOCCEA;in prossimit�;;del civico n.;1320;;Veicolo in marcia contro veicolo in sosta;Rettilineo;Una carreggiata a doppio senso;Asciutto;Asfaltata;Verticale ed orizzontale;Sereno;Scarso;Buona;;1;0;0;0;12.3135;41.9512;-1;2;Autocarro inferiore 35 q.;Sosta;;;;;;;
5293238;7;21/02/2021 17:15:00;Strada Urbana;VIA PRENESTINA;all'intersezione con;VIA DI TOR TRE TESTE;VIA DI TOR TRE TESTE;;;Scontro laterale fra veicoli in marcia;Incrocio;Una carreggiata a doppio senso;Asciutto;Asfaltata;Verticale ed orizzontale;Sereno;Normale;Buona;;0;0;0;5;12.5912;41.894;-1;1;Autovettura privata;In marcia / fermata / arresto;Conducente;M;Illeso;0;;Non accertato;Inesploso
5293238;7;21/02/2021 17:15:00;Strada Urbana;VIA PRENESTINA;all'intersezione con;VIA DI TOR TRE TESTE;VIA DI TOR TRE TESTE;;;Scontro laterale fra veicoli in marcia;Incrocio;Una carreggiata a doppio senso;Asciutto;Asfaltata;Verticale ed orizzontale;Sereno;Normale;Buona;;0;0;0;5;12.5912;41.894;-1;1;Autovettura privata;In marcia / fermata / arresto;Passeggero;F;Illeso;0;;Non accertato;Inesploso
5293238;7;21/02/2021 17:15:00;Strada Urbana;VIA PRENESTINA;all'intersezione con;VIA DI TOR TRE TESTE;VIA DI TOR TRE TESTE;;;Scontro laterale fra veicoli in marcia;Incrocio;Una carreggiata a doppio senso;Asciutto;Asfaltata;Verticale ed orizzontale;Sereno;Normale;Buona;;0;0;0;5;12.5912;41.894;-1;1;Autovettura privata;In marcia / fermata / arresto;Passeggero;F;Illeso;0;;;
5293238;7;21/02/2021 17:15:00;Strada Urbana;VIA PRENESTINA;all'intersezione con;VIA DI TOR TRE TESTE;VIA DI TOR TRE TESTE;;;Scontro laterale fra veicoli in marcia;Incrocio;Una carreggiata a doppio senso;Asciutto;Asfaltata;Verticale ed orizzontale;Sereno;Normale;Buona;;0;0;0;5;12.5912;41.894;-1;1;Autovettura privata;In marcia / fermata / arresto;Passeggero;M;Illeso;0;;;
5293238;7;21/02/2021 17:15:00;Strada Urbana;VIA PRENESTINA;all'intersezione con;VIA DI TOR TRE TESTE;VIA DI TOR TRE TESTE;;;Scontro laterale fra veicoli in marcia;Incrocio;Una carreggiata a doppio senso;Asciutto;Asfaltata;Verticale ed orizzontale;Sereno;Normale;Buona;;0;0;0;5;12.5912;41.894;-1;2;Autovettura privata;In marcia / fermata / arresto;Conducente;M;Illeso;0;;Non accertato;Inesploso
5293250;4;20/02/2021 11:50:00;Strada Urbana;VIA GIOVANNI CONTI;in prossimit�;;del civico n.;74;;Scontro laterale fra veicoli in marcia;Rettilineo;Due carreggiate;Asciutto;Asfaltata;Verticale ed orizzontale;Sereno;Normale;Buona;;1;0;0;1;12.531;41.9542;-1;1;Autovettura privata;In marcia / fermata / arresto;Conducente;M;Illeso;0;;;
5293250;4;20/02/2021 11:50:00;Strada Urbana;VIA GIOVANNI CONTI;in prossimit�;;del civico n.;74;;Scontro laterale fra veicoli in marcia;Rettilineo;Due carreggiate;Asciutto;Asfaltata;Verticale ed orizzontale;Sereno;Normale;Buona;;1;0;0;1;12.531;41.9542;-1;2;Motociclo a solo;In marcia / fermata / arresto;Conducente;M;Rimandato;0;NON DECEDUTO;;
5293253;13;21/02/2021 18:20:00;Strada Urbana;VIA CARLO AVEGNO;all'intersezione con;VIA DOMENICO BAFFIGO;VIA DOMENICO BAFFIGO;;;Scontro frontale/laterale DX fra veicoli in marcia;Incrocio;Una carreggiata a doppio senso;Asciutto;Asfaltata;Verticale ed orizzontale;Sereno;Normale;Sufficiente;;1;0;0;1;12.2534;41.7389;-1;1;Autovettura privata;In marcia / fermata / arresto;Conducente;M;Illeso;0;;Non accertato;Inesploso
5293253;13;21/02/2021 18:20:00;Strada Urbana;VIA CARLO AVEGNO;all'intersezione con;VIA DOMENICO BAFFIGO;VIA DOMENICO BAFFIGO;;;Scontro frontale/laterale DX fra veicoli in marcia;Incrocio;Una carreggiata a doppio senso;Asciutto;Asfaltata;Verticale ed orizzontale;Sereno;Normale;Sufficiente;;1;0;0;1;12.2534;41.7389;-1;2;Motociclo a solo;In marcia / fermata / arresto;Conducente;M;Rimandato;0;NON DECEDUTO;Non accertato;
5293257;17;20/02/2021 17:50:00;Strada Urbana;VIA ANGELO EMO;in prossimit�;;del civico n.;23;;Scontro laterale fra veicoli in marcia;Rettilineo;Due carreggiate;Asciutto;Asfaltata;Verticale ed orizzontale;Sereno;Normale;Buona;;0;0;0;3;12.4484;41.9056;-1;1;Autovettura privata;In marcia / fermata / arresto;Conducente;F;Illeso;0;;;
5293257;17;20/02/2021 17:50:00;Strada Urbana;VIA ANGELO EMO;in prossimit�;;del civico n.;23;;Scontro laterale fra veicoli in marcia;Rettilineo;Due carreggiate;Asciutto;Asfaltata;Verticale ed orizzontale;Sereno;Normale;Buona;;0;0;0;3;12.4484;41.9056;-1;1;Autovettura privata;In marcia / fermata / arresto;Passeggero;F;Illeso;0;;;
5293257;17;20/02/2021 17:50:00;Strada Urbana;VIA ANGELO EMO;in prossimit�;;del civico n.;23;;Scontro laterale fra veicoli in marcia;Rettilineo;Due carreggiate;Asciutto;Asfaltata;Verticale ed orizzontale;Sereno;Normale;Buona;;0;0;0;3;12.4484;41.9056;-1;2;Autovettura privata;In marcia / fermata / arresto;Conducente;F;Illeso;0;;;
5293264;2;21/02/2021 19:10:00;Strada Urbana;VIALE BRUNO BUOZZI;in prossimit�;;del civico n.;49;;Veicolo in marcia contro veicolo in sosta;Curva a visuale libera;Una carreggiata a doppio senso;Asciutto;Asfaltata;Verticale ed orizzontale;Sereno;Scarso;Sufficiente;;0;0;0;2;12.4858;41.9215;-1;1;Autovettura privata;Sosta;;;;;;;
5293264;2;21/02/2021 19:10:00;Strada Urbana;VIALE BRUNO BUOZZI;in prossimit�;;del civico n.;49;;Veicolo in marcia contro veicolo in sosta;Curva a visuale libera;Una carreggiata a doppio senso;Asciutto;Asfaltata;Verticale ed orizzontale;Sereno;Scarso;Sufficiente;;0;0;0;2;12.4858;41.9215;-1;2;Autovettura privata;Allontanatosi;Conducente;F;Illeso;0;;;
5293264;2;21/02/2021 19:10:00;Strada Urbana;VIALE BRUNO BUOZZI;in prossimit�;;del civico n.;49;;Veicolo in marcia contro veicolo in sosta;Curva a visuale libera;Una carreggiata a doppio senso;Asciutto;Asfaltata;Verticale ed orizzontale;Sereno;Scarso;Sufficiente;;0;0;0;2;12.4858;41.9215;-1;2;Autovettura privata;Allontanatosi;Passeggero;M;Illeso;0;;;
5293273;17;20/02/2021 21:45:00;Strada Urbana;VIA NOMENTANA;all'intersezione semaforizzata con;VIA ALESSANDRO TORLONIA;VIA ALESSANDRO TORLONIA;;;Scontro laterale fra veicoli in marcia;Incrocio;Pi� di due carreggiate;Asciutto;Asfaltata;Verticale ed orizzontale;Sereno;Scarso;Buona;;1;0;0;2;12.5736;41.959;-1;1;Quadriciclo leggero;In marcia / fermata / arresto;Conducente;F;Rimandato;0;NON DECEDUTO;;
5293273;17;20/02/2021 21:45:00;Strada Urbana;VIA NOMENTANA;all'intersezione semaforizzata con;VIA ALESSANDRO TORLONIA;VIA ALESSANDRO TORLONIA;;;Scontro laterale fra veicoli in marcia;Incrocio;Pi� di due carreggiate;Asciutto;Asfaltata;Verticale ed orizzontale;Sereno;Scarso;Buona;;1;0;0;2;12.5736;41.959;-1;2;Autovettura privata;In marcia / fermata / arresto;Conducente;M;Illeso;0;;;
5293273;17;20/02/2021 21:45:00;Strada Urbana;VIA NOMENTANA;all'intersezione semaforizzata con;VIA ALESSANDRO TORLONIA;VIA ALESSANDRO TORLONIA;;;Scontro laterale fra veicoli in marcia;Incrocio;Pi� di due carreggiate;Asciutto;Asfaltata;Verticale ed orizzontale;Sereno;Scarso;Buona;;1;0;0;2;12.5736;41.959;-1;2;Autovettura privata;In marcia / fermata / arresto;Passeggero;F;Illeso;0;;;
5293278;19;19/02/2021 11:45:00;Strada Urbana;VIA TRIONFALE;all'intersezione con;VIA RODI;VIA RODI;;;Scontro frontale/laterale SX fra veicoli in marcia;Incrocio;Una carreggiata a doppio senso;Asciutto;Asfaltata;Verticale ed orizzontale;Sereno;Normale;Buona;;1;0;0;1;12.4525;41.9124;-1;1;Autovettura privata;In marcia / fermata / arresto;Conducente;F;Illeso;0;;Non accertato;Inesploso
5293278;19;19/02/2021 11:45:00;Strada Urbana;VIA TRIONFALE;all'intersezione con;VIA RODI;VIA RODI;;;Scontro frontale/laterale SX fra veicoli in marcia;Incrocio;Una carreggiata a doppio senso;Asciutto;Asfaltata;Verticale ed orizzontale;Sereno;Normale;Buona;;1;0;0;1;12.4525;41.9124;-1;2;Motociclo a solo;In marcia / fermata / arresto;Conducente;M;Rimandato;0;NON DECEDUTO;;
5293290;4;20/02/2021 10:15:00;Strada Urbana;PIAZZALE JONIO;all'intersezione semaforizzata con;VIA DEI PRATI FISCALI;VIA DEI PRATI FISCALI;;;Scontro laterale fra veicoli in marcia;Rotatoria;Una carreggiata a senso unico di marcia;Asciutto;Asfaltata;Verticale ed orizzontale;Sereno;Normale;Buona;;0;0;0;2;12.5261;41.9456;-1;1;Autovettura privata;In marcia / fermata / arresto;Conducente;F;Illeso;0;;Non accertato;Inesploso
5293290;4;20/02/2021 10:15:00;Strada Urbana;PIAZZALE JONIO;all'intersezione semaforizzata con;VIA DEI PRATI FISCALI;VIA DEI PRATI FISCALI;;;Scontro laterale fra veicoli in marcia;Rotatoria;Una carreggiata a senso unico di marcia;Asciutto;Asfaltata;Verticale ed orizzontale;Sereno;Normale;Buona;;0;0;0;2;12.5261;41.9456;-1;2;Autovettura privata;In marcia / fermata / arresto;Conducente;F;Illeso;0;;Non accertato;Inesploso
5293295;4;20/02/2021 12:40:00;Strada Urbana;VIA CARLO BARAVALLE;all'intersezione con;VIA EMILIO TEZA;VIA EMILIO TEZA;;;Veicolo in marcia contro animale;Intersezione stradale segnalata;Una carreggiata a senso unico di marcia;Asciutto;Asfaltata;Verticale ed orizzontale;Sereno;Normale;Buona;;0;0;0;1;12.5631;41.9828;-1;1;Autovettura privata;In marcia / fermata / arresto;Conducente;F;Illeso;0;;;
5293314;23;19/02/2021 18:30:00;Strada Urbana;VIALE GUGLIELMO MARCONI;all'intersezione con;VIA FRANCESCO GRIMALDI;VIA FRANCESCO GRIMALDI;;;Scontro laterale fra veicoli in marcia;Incrocio;Due carreggiate;Asciutto;Asfaltata;Verticale ed orizzontale;Sereno;Intenso;Buona;;0;0;0;2;12.4713;41.8573;-1;1;Autovettura privata;In marcia / fermata / arresto;Conducente;M;Illeso;0;;Non accertato;
5293314;23;19/02/2021 18:30:00;Strada Urbana;VIALE GUGLIELMO MARCONI;all'intersezione con;VIA FRANCESCO GRIMALDI;VIA FRANCESCO GRIMALDI;;;Scontro laterale fra veicoli in marcia;Incrocio;Due carreggiate;Asciutto;Asfaltata;Verticale ed orizzontale;Sereno;Intenso;Buona;;0;0;0;2;12.4713;41.8573;-1;2;Motociclo a solo;In marcia / fermata / arresto;Conducente;M;Illeso;0;;Utilizzato;
5293317;19;19/02/2021 16:05:00;Strada Urbana;VIA DELL'ACQUEDOTTO DEL PESCHIERA;da specificare;;;;PROSSIMITA' VIA DELL'ACQUEDOTTO PAOLO;Veicolo in marcia contro ostacolo accidentale;Rettilineo;Una carreggiata a senso unico di marcia;Asciutto;Asfaltata;Verticale ed orizzontale;Sereno;Normale;Buona;;0;0;0;1;12.4253;41.9366;-1;1;Motociclo a solo;In marcia / fermata / arresto;Conducente;M;Illeso;0;;Non accertato;
5293323;4;21/02/2021 02:30:00;Strada Urbana;VIALE ETIOPIA;in corrispondenza;;del civico n.;87;;Veicolo in marcia contro veicolo in sosta;Rettilineo;Due carreggiate;Asciutto;Asfaltata;Verticale ed orizzontale;Sereno;Scarso;Buona;;0;0;0;0;12.5215;41.9327;-1;1;Autovettura privata;Sosta;;;;;;;
5293323;4;21/02/2021 02:30:00;Strada Urbana;VIALE ETIOPIA;in corrispondenza;;del civico n.;87;;Veicolo in marcia contro veicolo in sosta;Rettilineo;Due carreggiate;Asciutto;Asfaltata;Verticale ed orizzontale;Sereno;Scarso;Buona;;0;0;0;0;12.5215;41.9327;-1;2;Autovettura privata;Allontanatosi;;;;;;;
5293334;17;21/02/2021 09:00:00;Strada Urbana;VIA BERNARDINO TELESIO;all'intersezione semaforizzata con;CIRCONVALLAZIONE TRIONFALE;CIRCONVALLAZIONE TRIONFALE;;;Scontro frontale/laterale DX fra veicoli in marcia;Intersezione semaforizzata;Una carreggiata a senso unico di marcia;Asciutto;Asfaltata;Verticale ed orizzontale;Sereno;Normale;Buona;;1;0;0;1;12.4495;41.911;-1;1;Autovettura privata;In marcia / fermata / arresto;Conducente;F;Rimandato;0;NON DECEDUTO;;
5293334;17;21/02/2021 09:00:00;Strada Urbana;VIA BERNARDINO TELESIO;all'intersezione semaforizzata con;CIRCONVALLAZIONE TRIONFALE;CIRCONVALLAZIONE TRIONFALE;;;Scontro frontale/laterale DX fra veicoli in marcia;Intersezione semaforizzata;Una carreggiata a senso unico di marcia;Asciutto;Asfaltata;Verticale ed orizzontale;Sereno;Normale;Buona;;1;0;0;1;12.4495;41.911;-1;2;Autocarro inferiore 35 q.;In marcia / fermata / arresto;Conducente;M;Illeso;0;;;
5293338;3;18/02/2021 12:00:00;Strada Urbana;VIA TIBURTINA;da specificare;;;;ingresso Portonaccio Cimitero Verano;Tamponamento;Rettilineo;Due carreggiate;Asciutto;Asfaltata;Assente;Sereno;Intenso;Buona;;0;0;0;3;12.5256;41.9078;-1;1;Autovettura privata;In marcia / fermata / arresto;Conducente;M;Illeso;0;;Non accertato;
5293338;3;18/02/2021 12:00:00;Strada Urbana;VIA TIBURTINA;da specificare;;;;ingresso Portonaccio Cimitero Verano;Tamponamento;Rettilineo;Due carreggiate;Asciutto;Asfaltata;Assente;Sereno;Intenso;Buona;;0;0;0;3;12.5256;41.9078;-1;1;Autovettura privata;In marcia / fermata / arresto;Passeggero;F;Illeso;0;;Non accertato;
5293338;3;18/02/2021 12:00:00;Strada Urbana;VIA TIBURTINA;da specificare;;;;ingresso Portonaccio Cimitero Verano;Tamponamento;Rettilineo;Due carreggiate;Asciutto;Asfaltata;Assente;Sereno;Intenso;Buona;;0;0;0;3;12.5256;41.9078;-1;2;Autocarro inferiore 35 q.;In marcia / fermata / arresto;Conducente;M;Illeso;0;;Non accertato;
5293368;4;20/02/2021 10:40:00;Strada Urbana;VIA DELLA BUFALOTTA;in prossimit�;;del civico n.;640;;Scontro laterale fra veicoli in marcia;Rettilineo;Una carreggiata a doppio senso;Asciutto;Asfaltata;Verticale ed orizzontale;Sereno;Normale;Buona;;0;0;0;2;12.5496;41.9657;-1;1;Autovettura privata;In marcia / fermata / arresto;Conducente;M;Illeso;0;;Non accertato;Inesploso
5293368;4;20/02/2021 10:40:00;Strada Urbana;VIA DELLA BUFALOTTA;in prossimit�;;del civico n.;640;;Scontro laterale fra veicoli in marcia;Rettilineo;Una carreggiata a doppio senso;Asciutto;Asfaltata;Verticale ed orizzontale;Sereno;Normale;Buona;;0;0;0;2;12.5496;41.9657;-1;2;Autocarro inferiore 35 q.;In marcia / fermata / arresto;Conducente;M;Illeso;0;;Non accertato;Inesploso
5293374;17;21/02/2021 14:10:00;Strada Urbana;PIAZZA ADRIANA;in prossimit�;;del civico n.;4;;Scontro laterale fra veicoli in marcia;Rettilineo;Una carreggiata a senso unico di marcia;Asciutto;Asfaltata;Verticale ed orizzontale;Sereno;Normale;Buona;;0;0;0;5;12.4685;41.9046;-1;1;Autovettura privata;In marcia / fermata / arresto;Conducente;M;Illeso;0;;;
5293374;17;21/02/2021 14:10:00;Strada Urbana;PIAZZA ADRIANA;in prossimit�;;del civico n.;4;;Scontro laterale fra veicoli in marcia;Rettilineo;Una carreggiata a senso unico di marcia;Asciutto;Asfaltata;Verticale ed orizzontale;Sereno;Normale;Buona;;0;0;0;5;12.4685;41.9046;-1;1;Autovettura privata;In marcia / fermata / arresto;Passeggero;F;Illeso;0;;;
5293374;17;21/02/2021 14:10:00;Strada Urbana;PIAZZA ADRIANA;in prossimit�;;del civico n.;4;;Scontro laterale fra veicoli in marcia;Rettilineo;Una carreggiata a senso unico di marcia;Asciutto;Asfaltata;Verticale ed orizzontale;Sereno;Normale;Buona;;0;0;0;5;12.4685;41.9046;-1;2;Autovettura privata;In marcia / fermata / arresto;Conducente;F;Illeso;0;;;
5293374;17;21/02/2021 14:10:00;Strada Urbana;PIAZZA ADRIANA;in prossimit�;;del civico n.;4;;Scontro laterale fra veicoli in marcia;Rettilineo;Una carreggiata a senso unico di marcia;Asciutto;Asfaltata;Verticale ed orizzontale;Sereno;Normale;Buona;;0;0;0;5;12.4685;41.9046;-1;2;Autovettura privata;In marcia / fermata / arresto;Passeggero;F;Illeso;0;;;
5293374;17;21/02/2021 14:10:00;Strada Urbana;PIAZZA ADRIANA;in prossimit�;;del civico n.;4;;Scontro laterale fra veicoli in marcia;Rettilineo;Una carreggiata a senso unico di marcia;Asciutto;Asfaltata;Verticale ed orizzontale;Sereno;Normale;Buona;;0;0;0;5;12.4685;41.9046;-1;2;Autovettura privata;In marcia / fermata / arresto;Passeggero;M;Illeso;0;;;
5293401;4;21/02/2021 21:20:00;Strada Urbana;VIA DELLE ISOLE CURZOLANE;all'intersezione con;VIA SARANDI;VIA SARANDI;;;Scontro frontale/laterale DX fra veicoli in marcia;Incrocio;Due carreggiate;Asciutto;Asfaltata;Verticale ed orizzontale;Sereno;Normale;Buona;;0;0;0;2;12.532;41.9488;-1;1;Autovettura privata;In marcia / fermata / arresto;Conducente;M;Illeso;0;;Non accertato;Inesploso
5293401;4;21/02/2021 21:20:00;Strada Urbana;VIA DELLE ISOLE CURZOLANE;all'intersezione con;VIA SARANDI;VIA SARANDI;;;Scontro frontale/laterale DX fra veicoli in marcia;Incrocio;Due carreggiate;Asciutto;Asfaltata;Verticale ed orizzontale;Sereno;Normale;Buona;;0;0;0;2;12.532;41.9488;-1;2;Autovettura privata;In marcia / fermata / arresto;Conducente;M;Illeso;0;;Non accertato;Inesploso
5293407;19;19/02/2021 19:15:00;Strada Urbana;VIA DELLA PINETA SACCHETTI;in prossimit�;;del civico n.;171;;Tamponamento;Rettilineo;Una carreggiata a senso unico di marcia;Asciutto;Asfaltata;Verticale ed orizzontale;Sereno;Intenso;Buona;;0;0;0;3;12.4248;41.924;-1;1;Autovettura privata;In marcia / fermata / arresto;Conducente;M;Illeso;0;;Non accertato;Inesploso
5293407;19;19/02/2021 19:15:00;Strada Urbana;VIA DELLA PINETA SACCHETTI;in prossimit�;;del civico n.;171;;Tamponamento;Rettilineo;Una carreggiata a senso unico di marcia;Asciutto;Asfaltata;Verticale ed orizzontale;Sereno;Intenso;Buona;;0;0;0;3;12.4248;41.924;-1;1;Autovettura privata;In marcia / fermata / arresto;Passeggero;M;Illeso;0;;Non accertato;Inesploso
5293407;19;19/02/2021 19:15:00;Strada Urbana;VIA DELLA PINETA SACCHETTI;in prossimit�;;del civico n.;171;;Tamponamento;Rettilineo;Una carreggiata a senso unico di marcia;Asciutto;Asfaltata;Verticale ed orizzontale;Sereno;Intenso;Buona;;0;0;0;3;12.4248;41.924;-1;2;Autovettura privata;In marcia / fermata / arresto;Conducente;F;Illeso;0;;Non accertato;Inesploso
5293440;19;19/02/2021 21:44:00;Strada Urbana;VIA ATTILIO FRIGGERI;all'intersezione con;VIA GIUSEPPE ROSSO;VIA GIUSEPPE ROSSO;;;Veicolo in marcia contro ostacolo accidentale;Incrocio;Una carreggiata a doppio senso;Asciutto;Asfaltata;Verticale;Nuvoloso;Scarso;Sufficiente;;1;0;0;0;12.4399;41.9194;-1;1;Motociclo a solo;In marcia / fermata / arresto;Conducente;M;Rimandato;0;NON DECEDUTO;Non accertato;
5293459;19;20/02/2021 17:15:00;Strada Urbana;VIA EMMA CARELLI;in corrispondenza;;del civico n.;2;;Investimento di pedone;Rettilineo;Una carreggiata a senso unico di marcia;Asciutto;Asfaltata;Orizzontale;Sereno;Scarso;Buona;;1;0;0;2;12.4222;41.9234;-1;;;;Pedone;F;Rifiuta cure immediate;0;NON DECEDUTO;;
5293459;19;20/02/2021 17:15:00;Strada Urbana;VIA EMMA CARELLI;in corrispondenza;;del civico n.;2;;Investimento di pedone;Rettilineo;Una carreggiata a senso unico di marcia;Asciutto;Asfaltata;Orizzontale;Sereno;Scarso;Buona;;1;0;0;2;12.4222;41.9234;-1;1;Autovettura privata;In marcia / fermata / arresto;Conducente;M;Illeso;0;;Non accertato;Inesploso
5293459;19;20/02/2021 17:15:00;Strada Urbana;VIA EMMA CARELLI;in corrispondenza;;del civico n.;2;;Investimento di pedone;Rettilineo;Una carreggiata a senso unico di marcia;Asciutto;Asfaltata;Orizzontale;Sereno;Scarso;Buona;;1;0;0;2;12.4222;41.9234;-1;1;Autovettura privata;In marcia / fermata / arresto;Passeggero;M;Illeso;0;;Non accertato;Inesploso
5293500;19;21/02/2021 10:10:00;Strada Urbana;VIA THOMAS MANN;da specificare;;;;FRONTE CIVICO 4;Veicolo in marcia contro veicolo in sosta;Rettilineo;Una carreggiata a doppio senso;Asciutto;Asfaltata;Assente;Sereno;Normale;Buona;;0;0;0;0;12.4008;41.9227;-1;1;Autovettura privata;Sosta;;;;;;;
5293500;19;21/02/2021 10:10:00;Strada Urbana;VIA THOMAS MANN;da specificare;;;;FRONTE CIVICO 4;Veicolo in marcia contro veicolo in sosta;Rettilineo;Una carreggiata a doppio senso;Asciutto;Asfaltata;Assente;Sereno;Normale;Buona;;0;0;0;0;12.4008;41.9227;-1;2;Autovettura privata;Allontanatosi;;;;;;;
5293522;3;18/02/2021 11:45:00;Strada Urbana;VIA BARI;in prossimit�;;del civico n.;6;;Scontro laterale fra veicoli in marcia;Rettilineo;Due carreggiate;Asciutto;Asfaltata;Verticale ed orizzontale;Sereno;Normale;Buona;;0;0;0;2;12.5139;41.9106;-1;1;Autovettura privata;In marcia / fermata / arresto;Conducente;M;Illeso;0;;Non accertato;
5293522;3;18/02/2021 11:45:00;Strada Urbana;VIA BARI;in prossimit�;;del civico n.;6;;Scontro laterale fra veicoli in marcia;Rettilineo;Due carreggiate;Asciutto;Asfaltata;Verticale ed orizzontale;Sereno;Normale;Buona;;0;0;0;2;12.5139;41.9106;-1;2;Motociclo a solo;In marcia / fermata / arresto;Conducente;M;Illeso;0;;Non accertato;
5293531;3;18/02/2021 15:30:00;Strada Urbana;VIA IGNAZIO GIORGI;in corrispondenza;;del civico n.;55;;Veicolo in marcia contro veicolo in sosta;Rettilineo;Una carreggiata a senso unico di marcia;Asciutto;Asfaltata;Verticale ed orizzontale;Sereno;Normale;Buona;;0;0;0;1;12.5224;41.9198;-1;1;Autovettura privata;In marcia / fermata / arresto;Conducente;F;Illeso;0;;Non accertato;
5293531;3;18/02/2021 15:30:00;Strada Urbana;VIA IGNAZIO GIORGI;in corrispondenza;;del civico n.;55;;Veicolo in marcia contro veicolo in sosta;Rettilineo;Una carreggiata a senso unico di marcia;Asciutto;Asfaltata;Verticale ed orizzontale;Sereno;Normale;Buona;;0;0;0;1;12.5224;41.9198;-1;2;Autovettura privata;Sosta;;;;;;;