Protocollo;Gruppo;DataOraIncidente;Localizzazione1;STRADA1;Localizzazione2;STRADA2;Strada02;Chilometrica;DaSpecificare;NaturaIncidente;particolaritastrade;TipoStrada;FondoStradale;Pavimentazione;Segnaletica;CondizioneAtmosferica;Traffico;Visibilita;Illuminazione;NUM_FERITI;NUM_RISERVATA;NUM_MORTI;NUM_ILLESI;Longitudine;Latitudine;Confermato;Progressivo;TipoVeicolo;StatoVeicolo;TipoPersona;Sesso;Tipolesione;Deceduto;DecedutoDopo;CinturaCascoUtilizzato;Airbag;
5293538;3;18/02/2021 14:50:00;Strada Urbana;VIA GIOVANNI BATTISTA DE ROSSI;in corrispondenza;;del civico n.;15;;Scontro frontale/laterale SX fra veicoli in marcia;Rettilineo;Una carreggiata a doppio senso;Asciutto;Asfaltata;Verticale ed orizzontale;Sereno;Scarso;Buona;;0;0;0;2;12.5152;41.9159;-1;1;Autovettura privata;In marcia / fermata / arresto;Conducente;M;Illeso;0;;Non accertato;
5293538;3;18/02/2021 14:50:00;Strada Urbana;VIA GIOVANNI BATTISTA DE ROSSI;in corrispondenza;;del civico n.;15;;Scontro frontale/laterale SX fra veicoli in marcia;Rettilineo;Una carreggiata a doppio senso;Asciutto;Asfaltata;Verticale ed orizzontale;Sereno;Scarso;Buona;;0;0;0;2;12.5152;41.9159;-1;2;Motociclo a solo;In marcia / fermata / arresto;Conducente;M;Illeso;0;;Non accertato;
5293554;3;18/02/2021 09:00:00;Strada Urbana;PIAZZA DOMENICO GNOLI;in corrispondenza;;del civico n.;7;;Scontro laterale fra veicoli in marcia;Rettilineo;Una carreggiata a doppio senso;Asciutto;Asfaltata;Verticale ed orizzontale;Sereno;Normale;Buona;;0;0;0;2;12.52;41.9201;-1;1;Autovettura privata;In marcia / fermata / arresto;Conducente;F;Illeso;0;;Non accertato;
5293554;3;18/02/2021 09:00:00;Strada Urbana;PIAZZA DOMENICO GNOLI;in corrispondenza;;del civico n.;7;;Scontro laterale fra veicoli in marcia;Rettilineo;Una carreggiata a doppio senso;Asciutto;Asfaltata;Verticale ed orizzontale;Sereno;Normale;Buona;;0;0;0;2;12.52;41.9201;-1;2;Motociclo a solo;In marcia / fermata / arresto;Conducente;F;Illeso;0;;;
5293561;3;19/02/2021 16:40:00;Strada Urbana;VIA BARI;in prossimit�;;del civico n.;11;;Veicolo in marcia contro veicolo in sosta;Rettilineo;Pi� di due carreggiate;Asciutto;Asfaltata;Assente;Sereno;Normale;Buona;;0;0;0;1;12.515;41.9111;-1;1;Autovettura privata;In marcia / fermata / arresto;Conducente;F;Illeso;0;;;
5293561;3;19/02/2021 16:40:00;Strada Urbana;VIA BARI;in prossimit�;;del civico n.;11;;Veicolo in marcia contro veicolo in sosta;Rettilineo;Pi� di due carreggiate;Asciutto;Asfaltata;Assente;Sereno;Normale;Buona;;0;0;0;1;12.515;41.9111;-1;2;Autovettura privata;Sosta;;;;;;;
5293571;3;19/02/2021 15:45:00;Strada Urbana;VIALE DELLO SCALO S. LORENZO;da specificare;;;;fronte civico 97;Tamponamento;Rettilineo;Una carreggiata a senso unico di marcia;Asciutto;Asfaltata;Orizzontale;Sereno;Normale;Buona;;1;0;0;3;12.518;41.8952;-1;1;Autovettura privata;In marcia / fermata / arresto;Conducente;F;Rimandato;0;NON DECEDUTO;;
5293571;3;19/02/2021 15:45:00;Strada Urbana;VIALE DELLO SCALO S. LORENZO;da specificare;;;;fronte civico 97;Tamponamento;Rettilineo;Una carreggiata a senso unico di marcia;Asciutto;Asfaltata;Orizzontale;Sereno;Normale;Buona;;1;0;0;3;12.518;41.8952;-1;2;Autovettura privata;In marcia / fermata / arresto;Conducente;M;Illeso;0;;;
5293571;3;19/02/2021 15:45:00;Strada Urbana;VIALE DELLO SCALO S. LORENZO;da specificare;;;;fronte civico 97;Tamponamento;Rettilineo;Una carreggiata a senso unico di marcia;Asciutto;Asfaltata;Orizzontale;Sereno;Normale;Buona;;1;0;0;3;12.518;41.8952;-1;2;Autovettura privata;In marcia / fermata / arresto;Passeggero;M;Illeso;0;;;
5293571;3;19/02/2021 15:45:00;Strada Urbana;VIALE DELLO SCALO S. LORENZO;da specificare;;;;fronte civico 97;Tamponamento;Rettilineo;Una carreggiata a senso unico di marcia;Asciutto;Asfaltata;Orizzontale;Sereno;Normale;Buona;;1;0;0;3;12.518;41.8952;-1;2;Autovettura privata;In marcia / fermata / arresto;Passeggero;M;Illeso;0;;;
5293599;10;22/02/2021 12:35:00;Strada Urbana;VIA TUSCOLANA;all'intersezione semaforizzata con;VIALE PALMIRO TOGLIATTI;VIALE PALMIRO TOGLIATTI;;;Tamponamento;Intersezione semaforizzata;Pi� di due carreggiate;Asciutto;Asfaltata;Verticale ed orizzontale;Sereno;Normale;Buona;;0;0;0;2;12.5699;41.8525;-1;1;Autovettura pubblica;In marcia / fermata / arresto;Conducente;M;Illeso;0;;Non accertato;Inesploso
5293599;10;22/02/2021 12:35:00;Strada Urbana;VIA TUSCOLANA;all'intersezione semaforizzata con;VIALE PALMIRO TOGLIATTI;VIALE PALMIRO TOGLIATTI;;;Tamponamento;Intersezione semaforizzata;Pi� di due carreggiate;Asciutto;Asfaltata;Verticale ed orizzontale;Sereno;Normale;Buona;;0;0;0;2;12.5699;41.8525;-1;2;Autovettura privata;In marcia / fermata / arresto;Conducente;M;Illeso;0;;Non accertato;Inesploso
5293621;13;22/02/2021 10:30:00;Strada Urbana;VIA CAIOLO;in corrispondenza;;del civico n.;113/b;;Scontro laterale fra veicoli in marcia;Rettilineo;Una carreggiata a doppio senso;Asciutto;Asfaltata;Assente;Sereno;Scarso;Buona;;0;0;0;5;12.3304;41.7778;-1;1;Autovettura privata;In marcia / fermata / arresto;Conducente;M;Illeso;0;;;
5293621;13;22/02/2021 10:30:00;Strada Urbana;VIA CAIOLO;in corrispondenza;;del civico n.;113/b;;Scontro laterale fra veicoli in marcia;Rettilineo;Una carreggiata a doppio senso;Asciutto;Asfaltata;Assente;Sereno;Scarso;Buona;;0;0;0;5;12.3304;41.7778;-1;1;Autovettura privata;In marcia / fermata / arresto;Passeggero;F;Illeso;0;;;
5293621;13;22/02/2021 10:30:00;Strada Urbana;VIA CAIOLO;in corrispondenza;;del civico n.;113/b;;Scontro laterale fra veicoli in marcia;Rettilineo;Una carreggiata a doppio senso;Asciutto;Asfaltata;Assente;Sereno;Scarso;Buona;;0;0;0;5;12.3304;41.7778;-1;2;Autovettura privata;In marcia / fermata / arresto;Conducente;M;Illeso;0;;;
5293621;13;22/02/2021 10:30:00;Strada Urbana;VIA CAIOLO;in corrispondenza;;del civico n.;113/b;;Scontro laterale fra veicoli in marcia;Rettilineo;Una carreggiata a doppio senso;Asciutto;Asfaltata;Assente;Sereno;Scarso;Buona;;0;0;0;5;12.3304;41.7778;-1;2;Autovettura privata;In marcia / fermata / arresto;Passeggero;M;Illeso;0;;;
5293621;13;22/02/2021 10:30:00;Strada Urbana;VIA CAIOLO;in corrispondenza;;del civico n.;113/b;;Scontro laterale fra veicoli in marcia;Rettilineo;Una carreggiata a doppio senso;Asciutto;Asfaltata;Assente;Sereno;Scarso;Buona;;0;0;0;5;12.3304;41.7778;-1;2;Autovettura privata;In marcia / fermata / arresto;Passeggero;F;Illeso;0;;;
5293631;9;22/02/2021 11:40:00;Strada Urbana;VIA DI VILLA AQUARI;in prossimit�;;del civico n.;15;;Scontro laterale fra veicoli in marcia;Rettilineo;Una carreggiata a senso unico di marcia;Asciutto;Asfaltata;Verticale;Sereno;Scarso;Buona;;0;0;0;2;12.5098;41.8736;-1;1;Motociclo a solo;In marcia / fermata / arresto;Conducente;M;Illeso;0;;Non accertato;
5293631;9;22/02/2021 11:40:00;Strada Urbana;VIA DI VILLA AQUARI;in prossimit�;;del civico n.;15;;Scontro laterale fra veicoli in marcia;Rettilineo;Una carreggiata a senso unico di marcia;Asciutto;Asfaltata;Verticale;Sereno;Scarso;Buona;;0;0;0;2;12.5098;41.8736;-1;2;Autovettura privata;In marcia / fermata / arresto;Conducente;M;Illeso;0;;Non accertato;Inesploso
5293631;9;22/02/2021 11:40:00;Strada Urbana;VIA DI VILLA AQUARI;in prossimit�;;del civico n.;15;;Scontro laterale fra veicoli in marcia;Rettilineo;Una carreggiata a senso unico di marcia;Asciutto;Asfaltata;Verticale;Sereno;Scarso;Buona;;0;0;0;2;12.5098;41.8736;-1;3;Autovettura privata;Sosta;;;;;;;
5293645;3;19/02/2021 10:00:00;Strada Urbana;VIA DELLA LEGA LOMBARDA;da specificare;;;;fronte civico 36;Scontro laterale fra veicoli in marcia;Rettilineo;Due carreggiate;Asciutto;Asfaltata;Verticale ed orizzontale;Sereno;Normale;Buona;;0;0;0;3;12.5239;41.9084;-1;1;Motociclo a solo;In marcia / fermata / arresto;Conducente;M;Illeso;0;;;
5293645;3;19/02/2021 10:00:00;Strada Urbana;VIA DELLA LEGA LOMBARDA;da specificare;;;;fronte civico 36;Scontro laterale fra veicoli in marcia;Rettilineo;Due carreggiate;Asciutto;Asfaltata;Verticale ed orizzontale;Sereno;Normale;Buona;;0;0;0;3;12.5239;41.9084;-1;2;Autovettura privata;In marcia / fermata / arresto;Conducente;M;Illeso;0;;Non accertato;
5293645;3;19/02/2021 10:00:00;Strada Urbana;VIA DELLA LEGA LOMBARDA;da specificare;;;;fronte civico 36;Scontro laterale fra veicoli in marcia;Rettilineo;Due carreggiate;Asciutto;Asfaltata;Verticale ed orizzontale;Sereno;Normale;Buona;;0;0;0;3;12.5239;41.9084;-1;2;Autovettura privata;In marcia / fermata / arresto;Passeggero;F;Illeso;0;;Non accertato;
5293660;17;22/02/2021 08:10:00;Strada Urbana;VIALE ANGELICO;all'intersezione con;VIA MUGGIA;VIA MUGGIA;;;Scontro frontale/laterale DX fra veicoli in marcia;Intersezione semaforizzata;Una carreggiata a senso unico di marcia;Asciutto;Asfaltata;Verticale ed orizzontale;Sereno;Scarso;Buona;;0;0;0;2;12.4584;41.9188;-1;1;Autocarro inferiore 35 q.;In marcia / fermata / arresto;Conducente;M;Illeso;0;;;
5293660;17;22/02/2021 08:10:00;Strada Urbana;VIALE ANGELICO;all'intersezione con;VIA MUGGIA;VIA MUGGIA;;;Scontro frontale/laterale DX fra veicoli in marcia;Intersezione semaforizzata;Una carreggiata a senso unico di marcia;Asciutto;Asfaltata;Verticale ed orizzontale;Sereno;Scarso;Buona;;0;0;0;2;12.4584;41.9188;-1;2;Motociclo a solo;In marcia / fermata / arresto;Conducente;M;Illeso;0;;;
5293681;13;22/02/2021 08:37:00;Strada Urbana;VIA ADOLFO COZZA;in corrispondenza;;del civico n.;56;;Veicolo in marcia contro veicolo in sosta;Rettilineo;Una carreggiata a senso unico di marcia;Asciutto;Asfaltata;Orizzontale;Sereno;Normale;Buona;;0;0;0;1;12.2712;41.7329;-1;1;Autovettura privata;In marcia / fermata / arresto;Conducente;M;Illeso;0;;Non accertato;Inesploso
5293681;13;22/02/2021 08:37:00;Strada Urbana;VIA ADOLFO COZZA;in corrispondenza;;del civico n.;56;;Veicolo in marcia contro veicolo in sosta;Rettilineo;Una carreggiata a senso unico di marcia;Asciutto;Asfaltata;Orizzontale;Sereno;Normale;Buona;;0;0;0;1;12.2712;41.7329;-1;2;Autovettura privata;Sosta;;;;;;;
5293759;6;22/02/2021 15:40:00;Strada Urbana;VIA CALTANISSETTA;da specificare;;;;pross.t� via del PIGNETO;Veicolo in marcia contro veicolo fermo;Rettilineo;Una carreggiata a senso unico di marcia;Asciutto;Asfaltata;Orizzontale;Nuvoloso;Normale;Buona;;0;0;0;2;12.5267;41.8888;-1;1;Autocarro inferiore 35 q.;In marcia / fermata / arresto;Conducente;M;Illeso;0;;Non accertato;Inesploso
5293759;6;22/02/2021 15:40:00;Strada Urbana;VIA CALTANISSETTA;da specificare;;;;pross.t� via del PIGNETO;Veicolo in marcia contro veicolo fermo;Rettilineo;Una carreggiata a senso unico di marcia;Asciutto;Asfaltata;Orizzontale;Nuvoloso;Normale;Buona;;0;0;0;2;12.5267;41.8888;-1;2;Motociclo a solo;In marcia / fermata / arresto;Conducente;M;Illeso;0;;Non accertato;
5293761;23;24/02/2021 11:10:00;Strada Urbana;VIA CAVOUR;in prossimit�;;del civico n.;213;;Veicolo in marcia contro veicolo fermo;Rettilineo;Una carreggiata a doppio senso;Asciutto;Asfaltata;Verticale ed orizzontale;Sereno;Scarso;Buona;;0;0;0;3;12.4929;41.8947;-1;1;Autocarro inferiore 35 q.;In marcia / fermata / arresto;Conducente;M;Illeso;0;;Non accertato;Inesploso
5293761;23;24/02/2021 11:10:00;Strada Urbana;VIA CAVOUR;in prossimit�;;del civico n.;213;;Veicolo in marcia contro veicolo fermo;Rettilineo;Una carreggiata a doppio senso;Asciutto;Asfaltata;Verticale ed orizzontale;Sereno;Scarso;Buona;;0;0;0;3;12.4929;41.8947;-1;2;Autovettura di polizia;In marcia / fermata / arresto;Conducente;F;Illeso;0;;Non accertato;Inesploso
5293761;23;24/02/2021 11:10:00;Strada Urbana;VIA CAVOUR;in prossimit�;;del civico n.;213;;Veicolo in marcia contro veicolo fermo;Rettilineo;Una carreggiata a doppio senso;Asciutto;Asfaltata;Verticale ed orizzontale;Sereno;Scarso;Buona;;0;0;0;3;12.4929;41.8947;-1;2;Autovettura di polizia;In marcia / fermata / arresto;Passeggero;M;Illeso;0;;Non accertato;Inesploso
5293786;9;22/02/2021 13:15:00;Strada Urbana;VIA CAMILLA;in prossimit�;;del civico n.;44;;Veicolo in marcia contro veicoli in sosta;Rettilineo;Una carreggiata a senso unico di marcia;Asciutto;Asfaltata;Orizzontale;Sereno;Normale;Buona;;0;0;0;1;12.5256;41.8753;-1;1;Autovettura privata;In marcia / fermata / arresto;Conducente;M;Illeso;0;;Non accertato;Inesploso
5293786;9;22/02/2021 13:15:00;Strada Urbana;VIA CAMILLA;in prossimit�;;del civico n.;44;;Veicolo in marcia contro veicoli in sosta;Rettilineo;Una carreggiata a senso unico di marcia;Asciutto;Asfaltata;Orizzontale;Sereno;Normale;Buona;;0;0;0;1;12.5256;41.8753;-1;2;Motociclo a solo;Sosta;;;;;;;
5293786;9;22/02/2021 13:15:00;Strada Urbana;VIA CAMILLA;in prossimit�;;del civico n.;44;;Veicolo in marcia contro veicoli in sosta;Rettilineo;Una carreggiata a senso unico di marcia;Asciutto;Asfaltata;Orizzontale;Sereno;Normale;Buona;;0;0;0;1;12.5256;41.8753;-1;3;Motociclo a solo;Sosta;;;;;;;
5293786;9;22/02/2021 13:15:00;Strada Urbana;VIA CAMILLA;in prossimit�;;del civico n.;44;;Veicolo in marcia contro veicoli in sosta;Rettilineo;Una carreggiata a senso unico di marcia;Asciutto;Asfaltata;Orizzontale;Sereno;Normale;Buona;;0;0;0;1;12.5256;41.8753;-1;4;Motociclo a solo;Sosta;;;;;;;
5293816;9;22/02/2021 12:30:00;Strada Urbana;VIA TUSCOLANA;all'intersezione semaforizzata con;VIALE FURIO CAMILLO;VIALE FURIO CAMILLO;;;Scontro frontale/laterale DX fra veicoli in marcia;Intersezione semaforizzata;Una carreggiata a doppio senso;Asciutto;Asfaltata;Verticale ed orizzontale;Sereno;Intenso;Buona;;0;0;0;2;12.5259;41.8767;-1;1;Autovettura privata;In marcia / fermata / arresto;Conducente;M;Illeso;0;;Non accertato;Inesploso
5293816;9;22/02/2021 12:30:00;Strada Urbana;VIA TUSCOLANA;all'intersezione semaforizzata con;VIALE FURIO CAMILLO;VIALE FURIO CAMILLO;;;Scontro frontale/laterale DX fra veicoli in marcia;Intersezione semaforizzata;Una carreggiata a doppio senso;Asciutto;Asfaltata;Verticale ed orizzontale;Sereno;Intenso;Buona;;0;0;0;2;12.5259;41.8767;-1;2;Motociclo a solo;In marcia / fermata / arresto;Conducente;M;Illeso;0;;Non accertato;
5293882;16;20/02/2021 15:35:00;Strada Urbana;VIA LAURA MANTEGAZZA;all'intersezione con;VIA S. VINCENZO DE' PAOLI;VIA S. VINCENZO DE' PAOLI;;;Scontro frontale/laterale DX fra veicoli in marcia;Incrocio;Una carreggiata a senso unico di marcia;Asciutto;Asfaltata;Verticale ed orizzontale;Sereno;Normale;Buona;;0;0;0;2;12.456;41.8714;-1;1;Autovettura privata;In marcia / fermata / arresto;Conducente;M;Illeso;0;;Non accertato;
5293882;16;20/02/2021 15:35:00;Strada Urbana;VIA LAURA MANTEGAZZA;all'intersezione con;VIA S. VINCENZO DE' PAOLI;VIA S. VINCENZO DE' PAOLI;;;Scontro frontale/laterale DX fra veicoli in marcia;Incrocio;Una carreggiata a senso unico di marcia;Asciutto;Asfaltata;Verticale ed orizzontale;Sereno;Normale;Buona;;0;0;0;2;12.456;41.8714;-1;2;Quadriciclo leggero;In marcia / fermata / arresto;Conducente;F;Illeso;0;;Non accertato;
5293882;16;20/02/2021 15:35:00;Strada Urbana;VIA LAURA MANTEGAZZA;all'intersezione con;VIA S. VINCENZO DE' PAOLI;VIA S. VINCENZO DE' PAOLI;;;Scontro frontale/laterale DX fra veicoli in marcia;Incrocio;Una carreggiata a senso unico di marcia;Asciutto;Asfaltata;Verticale ed orizzontale;Sereno;Normale;Buona;;0;0;0;2;12.456;41.8714;-1;3;Autovettura privata;Sosta;;;;;;;
5293882;16;20/02/2021 15:35:00;Strada Urbana;VIA LAURA MANTEGAZZA;all'intersezione con;VIA S. VINCENZO DE' PAOLI;VIA S. VINCENZO DE' PAOLI;;;Scontro frontale/laterale DX fra veicoli in marcia;Incrocio;Una carreggiata a senso unico di marcia;Asciutto;Asfaltata;Verticale ed orizzontale;Sereno;Normale;Buona;;0;0;0;2;12.456;41.8714;-1;4;Motociclo a solo;Sosta;;;;;;;
5293914;5;22/02/2021 08:00:00;Strada Urbana;VIA GAETANO GIORGIO GEMMELLARO;in prossimit�;;del civico n.;22;;Veicolo in marcia contro veicolo in sosta;Rettilineo;Una carreggiata a doppio senso;Asciutto;Asfaltata;Assente;Sereno;Scarso;Sufficiente;;0;0;0;0;12.5498;41.9205;-1;1;Autovettura privata;Sosta;;;;;;;
5293914;5;22/02/2021 08:00:00;Strada Urbana;VIA GAETANO GIORGIO GEMMELLARO;in prossimit�;;del civico n.;22;;Veicolo in marcia contro veicolo in sosta;Rettilineo;Una carreggiata a doppio senso;Asciutto;Asfaltata;Assente;Sereno;Scarso;Sufficiente;;0;0;0;0;12.5498;41.9205;-1;2;Autovettura privata;Allontanatosi;;;;;;;
5293921;5;22/02/2021 09:50:00;Strada Urbana;VIA TIBURTINA;in prossimit�;;del civico n.;655;;Scontro laterale fra veicoli in marcia;Rettilineo;Due carreggiate;Asciutto;Asfaltata;Verticale ed orizzontale;Sereno;Normale;Buona;;0;0;0;2;12.5477;41.9099;-1;1;Autovettura privata;In marcia / fermata / arresto;Conducente;M;Illeso;0;;Esente;
5293921;5;22/02/2021 09:50:00;Strada Urbana;VIA TIBURTINA;in prossimit�;;del civico n.;655;;Scontro laterale fra veicoli in marcia;Rettilineo;Due carreggiate;Asciutto;Asfaltata;Verticale ed orizzontale;Sereno;Normale;Buona;;0;0;0;2;12.5477;41.9099;-1;2;Autocarro inferiore 35 q.;In marcia / fermata / arresto;Conducente;M;Illeso;0;;Non accertato;
5293928;5;22/02/2021 10:00:00;Strada Urbana;NUOVA CIRCONVALLAZIONE INTERNA;da specificare;;;;tratto coperto direz.Salaria prox.uscita Nomentana;Scontro laterale fra veicoli in marcia;Galleria illuminata;Una carreggiata a senso unico di marcia;Asciutto;Asfaltata;Verticale ed orizzontale;Sereno;Normale;Buona;;1;0;0;1;12.5274;41.929;-1;1;Motociclo a solo;In marcia / fermata / arresto;Conducente;M;Illeso;0;;Non accertato;
5293928;5;22/02/2021 10:00:00;Strada Urbana;NUOVA CIRCONVALLAZIONE INTERNA;da specificare;;;;tratto coperto direz.Salaria prox.uscita Nomentana;Scontro laterale fra veicoli in marcia;Galleria illuminata;Una carreggiata a senso unico di marcia;Asciutto;Asfaltata;Verticale ed orizzontale;Sereno;Normale;Buona;;1;0;0;1;12.5274;41.929;-1;2;Motociclo a solo;In marcia / fermata / arresto;Conducente;M;Rimandato;0;NON DECEDUTO;Non accertato;
5293931;11;22/02/2021 13:15:00;Strada Urbana;LUNGOTEVERE DANTE;all'intersezione con;VIA UGO AMALDI;VIA UGO AMALDI;;;Scontro laterale fra veicoli in marcia;Intersezione stradale segnalata;Una carreggiata a doppio senso;Asciutto;Asfaltata;Verticale;Sereno;Scarso;Buona;;0;0;0;3;12.4672;41.8518;-1;1;Motociclo a solo;In marcia / fermata / arresto;Conducente;M;Illeso;0;;;
5293931;11;22/02/2021 13:15:00;Strada Urbana;LUNGOTEVERE DANTE;all'intersezione con;VIA UGO AMALDI;VIA UGO AMALDI;;;Scontro laterale fra veicoli in marcia;Intersezione stradale segnalata;Una carreggiata a doppio senso;Asciutto;Asfaltata;Verticale;Sereno;Scarso;Buona;;0;0;0;3;12.4672;41.8518;-1;2;Autovettura con rimorchio;In marcia / fermata / arresto;Conducente;M;Illeso;0;;;
5293931;11;22/02/2021 13:15:00;Strada Urbana;LUNGOTEVERE DANTE;all'intersezione con;VIA UGO AMALDI;VIA UGO AMALDI;;;Scontro laterale fra veicoli in marcia;Intersezione stradale segnalata;Una carreggiata a doppio senso;Asciutto;Asfaltata;Verticale;Sereno;Scarso;Buona;;0;0;0;3;12.4672;41.8518;-1;2;Autovettura con rimorchio;In marcia / fermata / arresto;Passeggero;M;Illeso;0;;Non accertato;Inesploso
5293933;6;22/02/2021 17:00:00;Strada Urbana;VIA COLLATINA;in prossimit�;;del civico n.;58;;Investimento di pedone;Rettilineo;Una carreggiata a doppio senso;Asciutto;Asfaltata;Orizzontale;Sereno;Normale;Buona;;1;0;0;1;12.5629;41.8975;-1;;;;Pedone;M;Rimandato;0;NON DECEDUTO;;
5293933;6;22/02/2021 17:00:00;Strada Urbana;VIA COLLATINA;in prossimit�;;del civico n.;58;;Investimento di pedone;Rettilineo;Una carreggiata a doppio senso;Asciutto;Asfaltata;Orizzontale;Sereno;Normale;Buona;;1;0;0;1;12.5629;41.8975;-1;1;Autovettura privata;In marcia / fermata / arresto;Conducente;F;Illeso;0;;Non accertato;Inesploso
5293947;19;22/02/2021 09:50:00;Strada Urbana;VIA TRIONFALE;all'intersezione con;VIA MARIO FANI;VIA MARIO FANI;;;Scontro laterale fra veicoli in marcia;Intersezione stradale segnalata;Una carreggiata a doppio senso;Asciutto;Asfaltata;Verticale ed orizzontale;Sereno;Normale;Buona;;0;0;0;2;12.4385;41.935;-1;1;Autovettura privata;In marcia / fermata / arresto;Conducente;M;Illeso;0;;Non accertato;
5293947;19;22/02/2021 09:50:00;Strada Urbana;VIA TRIONFALE;all'intersezione con;VIA MARIO FANI;VIA MARIO FANI;;;Scontro laterale fra veicoli in marcia;Intersezione stradale segnalata;Una carreggiata a doppio senso;Asciutto;Asfaltata;Verticale ed orizzontale;Sereno;Normale;Buona;;0;0;0;2;12.4385;41.935;-1;2;Autovettura privata;In marcia / fermata / arresto;Conducente;F;Illeso;0;;Non accertato;
5293965;5;22/02/2021 10:05:00;Strada Urbana;VIA DI GROTTA DI GREGNA;da specificare;;;;prossimit� mercato Sacco e Vanzetti;Investimento di pedone;Rettilineo;Due carreggiate;Asciutto;Asfaltata;Orizzontale;Sereno;Normale;Buona;;1;0;0;1;12.5649;41.9081;0;;;;Pedone;F;Ricoverato;0;NON DECEDUTO;;
5293965;5;22/02/2021 10:05:00;Strada Urbana;VIA DI GROTTA DI GREGNA;da specificare;;;;prossimit� mercato Sacco e Vanzetti;Investimento di pedone;Rettilineo;Due carreggiate;Asciutto;Asfaltata;Orizzontale;Sereno;Normale;Buona;;1;0;0;1;12.5649;41.9081;0;1;Autovettura privata;In marcia / fermata / arresto;Conducente;M;Illeso;0;;Non accertato;
5294029;2;22/02/2021 16:20:00;Strada Urbana;VIA ULISSE ALDROVANDI;all'intersezione semaforizzata con;VIA MICHELE MERCATI;VIA MICHELE MERCATI;;;Veicolo in marcia contro ostacolo fisso;Intersezione semaforizzata;Una carreggiata a doppio senso;Asciutto;Asfaltata;Verticale ed orizzontale;Sereno;Normale;Buona;;0;0;0;2;12.486;41.919;-1;1;Ciclomotore;In marcia / fermata / arresto;Conducente;F;Illeso;0;;;
5294029;2;22/02/2021 16:20:00;Strada Urbana;VIA ULISSE ALDROVANDI;all'intersezione semaforizzata con;VIA MICHELE MERCATI;VIA MICHELE MERCATI;;;Veicolo in marcia contro ostacolo fisso;Intersezione semaforizzata;Una carreggiata a doppio senso;Asciutto;Asfaltata;Verticale ed orizzontale;Sereno;Normale;Buona;;0;0;0;2;12.486;41.919;-1;1;Ciclomotore;In marcia / fermata / arresto;Passeggero;F;Illeso;0;;;
5294055;5;22/02/2021 13:15:00;Strada Urbana;VIA FILIPPO FIORENTINI;da specificare;;;;prossimit� Andriulli direzione Prenestina;Tamponamento Multiplo;Rettilineo;Due carreggiate;Asciutto;Asfaltata;Verticale ed orizzontale;Sereno;Normale;Buona;;0;0;0;3;12.5567;41.9064;-1;1;Autovettura privata;In marcia / fermata / arresto;Conducente;M;Illeso;0;;Non accertato;
5294055;5;22/02/2021 13:15:00;Strada Urbana;VIA FILIPPO FIORENTINI;da specificare;;;;prossimit� Andriulli direzione Prenestina;Tamponamento Multiplo;Rettilineo;Due carreggiate;Asciutto;Asfaltata;Verticale ed orizzontale;Sereno;Normale;Buona;;0;0;0;3;12.5567;41.9064;-1;2;Autovettura privata;In marcia / fermata / arresto;Conducente;F;Illeso;0;;Non accertato;
5294055;5;22/02/2021 13:15:00;Strada Urbana;VIA FILIPPO FIORENTINI;da specificare;;;;prossimit� Andriulli direzione Prenestina;Tamponamento Multiplo;Rettilineo;Due carreggiate;Asciutto;Asfaltata;Verticale ed orizzontale;Sereno;Normale;Buona;;0;0;0;3;12.5567;41.9064;-1;3;Autovettura privata;In marcia / fermata / arresto;Conducente;M;Illeso;0;;Non accertato;
5294061;5;22/02/2021 16:00:00;Strada Urbana;VIA ALBERTO POLLIO;in corrispondenza;;del civico n.;10;;Scontro frontale/laterale DX fra veicoli in marcia;Rettilineo;Una carreggiata a doppio senso;Asciutto;Asfaltata;Orizzontale;Sereno;Normale;Buona;;0;0;0;2;12.5343;41.9002;-1;1;Autovettura privata;In marcia / fermata / arresto;Conducente;M;Illeso;0;;Non accertato;
5294061;5;22/02/2021 16:00:00;Strada Urbana;VIA ALBERTO POLLIO;in corrispondenza;;del civico n.;10;;Scontro frontale/laterale DX fra veicoli in marcia;Rettilineo;Una carreggiata a doppio senso;Asciutto;Asfaltata;Orizzontale;Sereno;Normale;Buona;;0;0;0;2;12.5343;41.9002;-1;2;Autovettura privata;In marcia / fermata / arresto;Conducente;M;Illeso;0;;Non accertato;
5294071;11;22/02/2021 17:00:00;Strada Urbana;VIA ARDEATINA;da specificare;;;;all'interno di area privata al civico 933;Scontro frontale/laterale SX fra veicoli in marcia;Rettilineo;Una carreggiata a doppio senso;Sdrucciolevole (pietrisco);Strada pavimentata dissestata;Assente;Sereno;Scarso;Buona;;0;0;0;2;12.5255;41.8131;-1;1;Autovettura privata;In marcia / fermata / arresto;Conducente;M;Illeso;0;;Non accertato;Inesploso
5294071;11;22/02/2021 17:00:00;Strada Urbana;VIA ARDEATINA;da specificare;;;;all'interno di area privata al civico 933;Scontro frontale/laterale SX fra veicoli in marcia;Rettilineo;Una carreggiata a doppio senso;Sdrucciolevole (pietrisco);Strada pavimentata dissestata;Assente;Sereno;Scarso;Buona;;0;0;0;2;12.5255;41.8131;-1;2;Motociclo a solo;In marcia / fermata / arresto;Conducente;M;Illeso;0;;Non accertato;