Protocollo;Gruppo;DataOraIncidente;Localizzazione1;STRADA1;Localizzazione2;STRADA2;Strada02;Chilometrica;DaSpecificare;NaturaIncidente;particolaritastrade;TipoStrada;FondoStradale;Pavimentazione;Segnaletica;CondizioneAtmosferica;Traffico;Visibilita;Illuminazione;NUM_FERITI;NUM_RISERVATA;NUM_MORTI;NUM_ILLESI;Longitudine;Latitudine;Confermato;Progressivo;TipoVeicolo;StatoVeicolo;TipoPersona;Sesso;Tipolesione;Deceduto;DecedutoDopo;CinturaCascoUtilizzato;Airbag;
5294089;12;22/02/2021 12:45:00;Strada Urbana;VIA CRISTOFORO COLOMBO;da specificare;;;;direzione Roma alt. P.le Nazioni Unite;Scontro laterale fra veicoli in marcia;Rettilineo;Pi� di due carreggiate;Asciutto;Asfaltata;Verticale ed orizzontale;Sereno;Normale;Buona;;0;0;0;2;12.4536;41.8089;-1;1;Autovettura privata;In marcia / fermata / arresto;Conducente;M;Illeso;0;;Utilizzato;Inesploso
5294089;12;22/02/2021 12:45:00;Strada Urbana;VIA CRISTOFORO COLOMBO;da specificare;;;;direzione Roma alt. P.le Nazioni Unite;Scontro laterale fra veicoli in marcia;Rettilineo;Pi� di due carreggiate;Asciutto;Asfaltata;Verticale ed orizzontale;Sereno;Normale;Buona;;0;0;0;2;12.4536;41.8089;-1;2;Autovettura privata;In marcia / fermata / arresto;Conducente;M;Illeso;0;;Utilizzato;Inesploso
5294097;7;22/02/2021 19:10:00;Strada Urbana;VIALE ALESSANDRINO;in prossimit�;;del civico n.;340;;Scontro laterale fra veicoli in marcia;Rettilineo;Una carreggiata a doppio senso;Asciutto;Asfaltata;Orizzontale;Sereno;Normale;Sufficiente;;0;0;0;1;12.5791;41.8764;-1;1;Autovettura privata;In marcia / fermata / arresto;Conducente;M;Illeso;0;;Non accertato;Inesploso
5294097;7;22/02/2021 19:10:00;Strada Urbana;VIALE ALESSANDRINO;in prossimit�;;del civico n.;340;;Scontro laterale fra veicoli in marcia;Rettilineo;Una carreggiata a doppio senso;Asciutto;Asfaltata;Orizzontale;Sereno;Normale;Sufficiente;;0;0;0;1;12.5791;41.8764;-1;2;Autovettura privata;Allontanatosi;;;;;;;
5294120;16;20/02/2021 16:00:00;Strada Urbana;VIA FEDERICO DI DONATO;da specificare;;;;fronte Vicolo di Valtellina;Scontro laterale fra veicoli in marcia;Rettilineo;Due carreggiate;Asciutto;Asfaltata;Assente;Sereno;Normale;Buona;;0;0;0;2;12.4488;41.8651;-1;1;Autovettura privata;In marcia / fermata / arresto;Conducente;F;Illeso;0;;Non accertato;Inesploso
5294120;16;20/02/2021 16:00:00;Strada Urbana;VIA FEDERICO DI DONATO;da specificare;;;;fronte Vicolo di Valtellina;Scontro laterale fra veicoli in marcia;Rettilineo;Due carreggiate;Asciutto;Asfaltata;Assente;Sereno;Normale;Buona;;0;0;0;2;12.4488;41.8651;-1;2;Motociclo a solo;In marcia / fermata / arresto;Conducente;M;Illeso;0;;Non accertato;
5294124;16;20/02/2021 18:45:00;Strada Urbana;VIA BERNARDINO RAMAZZINI;all'intersezione semaforizzata con;LARGO VOLONTARI DEL SANGUE;LARGO VOLONTARI DEL SANGUE;;;Tamponamento;Intersezione semaforizzata;Due carreggiate;Asciutto;Asfaltata;Verticale ed orizzontale;Sereno;Normale;Sufficiente;;0;0;0;5;12.4505;41.8666;-1;1;Autovettura privata;In marcia / fermata / arresto;Conducente;M;Illeso;0;;Non accertato;Inesploso
5294124;16;20/02/2021 18:45:00;Strada Urbana;VIA BERNARDINO RAMAZZINI;all'intersezione semaforizzata con;LARGO VOLONTARI DEL SANGUE;LARGO VOLONTARI DEL SANGUE;;;Tamponamento;Intersezione semaforizzata;Due carreggiate;Asciutto;Asfaltata;Verticale ed orizzontale;Sereno;Normale;Sufficiente;;0;0;0;5;12.4505;41.8666;-1;1;Autovettura privata;In marcia / fermata / arresto;Passeggero;F;Illeso;0;;Non accertato;
5294124;16;20/02/2021 18:45:00;Strada Urbana;VIA BERNARDINO RAMAZZINI;all'intersezione semaforizzata con;LARGO VOLONTARI DEL SANGUE;LARGO VOLONTARI DEL SANGUE;;;Tamponamento;Intersezione semaforizzata;Due carreggiate;Asciutto;Asfaltata;Verticale ed orizzontale;Sereno;Normale;Sufficiente;;0;0;0;5;12.4505;41.8666;-1;2;Autovettura privata;In marcia / fermata / arresto;Conducente;F;Illeso;0;;Non accertato;
5294124;16;20/02/2021 18:45:00;Strada Urbana;VIA BERNARDINO RAMAZZINI;all'intersezione semaforizzata con;LARGO VOLONTARI DEL SANGUE;LARGO VOLONTARI DEL SANGUE;;;Tamponamento;Intersezione semaforizzata;Due carreggiate;Asciutto;Asfaltata;Verticale ed orizzontale;Sereno;Normale;Sufficiente;;0;0;0;5;12.4505;41.8666;-1;2;Autovettura privata;In marcia / fermata / arresto;Passeggero;M;Illeso;0;;Non accertato;
5294124;16;20/02/2021 18:45:00;Strada Urbana;VIA BERNARDINO RAMAZZINI;all'intersezione semaforizzata con;LARGO VOLONTARI DEL SANGUE;LARGO VOLONTARI DEL SANGUE;;;Tamponamento;Intersezione semaforizzata;Due carreggiate;Asciutto;Asfaltata;Verticale ed orizzontale;Sereno;Normale;Sufficiente;;0;0;0;5;12.4505;41.8666;-1;2;Autovettura privata;In marcia / fermata / arresto;Passeggero;M;Illeso;0;;Non accertato;
5294215;8;22/02/2021 09:35:00;Strada Urbana;VIA ENDIMIONE;in prossimit�;;del civico n.;1;;Veicolo in marcia contro veicolo in sosta;Rettilineo;Una carreggiata a doppio senso;Asciutto;Asfaltata;Verticale ed orizzontale;Sereno;Normale;Buona;;0;0;0;1;12.6195;41.874;-1;1;Autovettura privata;In marcia / fermata / arresto;Conducente;F;Illeso;0;;Non accertato;Inesploso
5294215;8;22/02/2021 09:35:00;Strada Urbana;VIA ENDIMIONE;in prossimit�;;del civico n.;1;;Veicolo in marcia contro veicolo in sosta;Rettilineo;Una carreggiata a doppio senso;Asciutto;Asfaltata;Verticale ed orizzontale;Sereno;Normale;Buona;;0;0;0;1;12.6195;41.874;-1;2;Autovettura privata;Sosta;;;;;;;
5294216;8;22/02/2021 10:00:00;Strada Urbana;VIA DI TOR BELLA MONACA;in prossimit�;;del civico n.;305;;Scontro laterale fra veicoli in marcia;Rettilineo;Una carreggiata a senso unico di marcia;Asciutto;Asfaltata;Assente;Sereno;Scarso;Buona;;0;0;0;3;12.6204;41.8805;-1;1;Autovettura privata;In marcia / fermata / arresto;Conducente;M;Illeso;0;;Non accertato;Inesploso
5294216;8;22/02/2021 10:00:00;Strada Urbana;VIA DI TOR BELLA MONACA;in prossimit�;;del civico n.;305;;Scontro laterale fra veicoli in marcia;Rettilineo;Una carreggiata a senso unico di marcia;Asciutto;Asfaltata;Assente;Sereno;Scarso;Buona;;0;0;0;3;12.6204;41.8805;-1;1;Autovettura privata;In marcia / fermata / arresto;Passeggero;F;Illeso;0;;Non accertato;Inesploso
5294216;8;22/02/2021 10:00:00;Strada Urbana;VIA DI TOR BELLA MONACA;in prossimit�;;del civico n.;305;;Scontro laterale fra veicoli in marcia;Rettilineo;Una carreggiata a senso unico di marcia;Asciutto;Asfaltata;Assente;Sereno;Scarso;Buona;;0;0;0;3;12.6204;41.8805;-1;2;Autovettura privata;In marcia / fermata / arresto;Conducente;M;Illeso;0;;Non accertato;Inesploso
5294217;8;22/02/2021 11:45:00;Strada Urbana;VIA BORGHESIANA;in prossimit�;;del civico n.;301;;Scontro frontale fra veicoli in marcia;Rettilineo;Una carreggiata a doppio senso;Asciutto;Asfaltata;Orizzontale;Sereno;Normale;Buona;;1;0;0;2;12.675;41.8671;-1;1;Autovettura privata;In marcia / fermata / arresto;Conducente;F;Rifiuta cure immediate;0;NON DECEDUTO;Non accertato;Inesploso
5294217;8;22/02/2021 11:45:00;Strada Urbana;VIA BORGHESIANA;in prossimit�;;del civico n.;301;;Scontro frontale fra veicoli in marcia;Rettilineo;Una carreggiata a doppio senso;Asciutto;Asfaltata;Orizzontale;Sereno;Normale;Buona;;1;0;0;2;12.675;41.8671;-1;2;Autovettura privata;In marcia / fermata / arresto;Conducente;M;Illeso;0;;Non accertato;Inesploso
5294217;8;22/02/2021 11:45:00;Strada Urbana;VIA BORGHESIANA;in prossimit�;;del civico n.;301;;Scontro frontale fra veicoli in marcia;Rettilineo;Una carreggiata a doppio senso;Asciutto;Asfaltata;Orizzontale;Sereno;Normale;Buona;;1;0;0;2;12.675;41.8671;-1;2;Autovettura privata;In marcia / fermata / arresto;Passeggero;M;Illeso;0;;Non accertato;Inesploso
5294218;8;22/02/2021 16:00:00;Strada Urbana;VIALE DELLA SORBONA;in prossimit�;;del palo luce n.;121;;Tamponamento;Rotatoria;Una carreggiata a doppio senso;Asciutto;Asfaltata;Verticale ed orizzontale;Sereno;Normale;Buona;;1;0;0;1;12.612;41.8546;-1;1;Autovettura privata;In marcia / fermata / arresto;Conducente;M;Illeso;0;;;
5294218;8;22/02/2021 16:00:00;Strada Urbana;VIALE DELLA SORBONA;in prossimit�;;del palo luce n.;121;;Tamponamento;Rotatoria;Una carreggiata a doppio senso;Asciutto;Asfaltata;Verticale ed orizzontale;Sereno;Normale;Buona;;1;0;0;1;12.612;41.8546;-1;2;Autovettura privata;In marcia / fermata / arresto;Conducente;F;Rifiuta cure immediate;0;NON DECEDUTO;;
5294219;8;22/02/2021 16:20:00;Strada Urbana;VIALE DELL'ARCHIGINNASIO;da specificare;;;;rotatoria Via Salamanca;Scontro laterale fra veicoli in marcia;Rotatoria;Due carreggiate;Asciutto;Asfaltata;Verticale ed orizzontale;Sereno;Scarso;Buona;;2;0;0;1;12.6393;41.8494;-1;1;Motociclo con passeggero;In marcia / fermata / arresto;Conducente;M;Rifiuta cure immediate;0;NON DECEDUTO;Non accertato;
5294219;8;22/02/2021 16:20:00;Strada Urbana;VIALE DELL'ARCHIGINNASIO;da specificare;;;;rotatoria Via Salamanca;Scontro laterale fra veicoli in marcia;Rotatoria;Due carreggiate;Asciutto;Asfaltata;Verticale ed orizzontale;Sereno;Scarso;Buona;;2;0;0;1;12.6393;41.8494;-1;1;Motociclo con passeggero;In marcia / fermata / arresto;Passeggero;F;Rifiuta cure immediate;0;NON DECEDUTO;Non accertato;
5294219;8;22/02/2021 16:20:00;Strada Urbana;VIALE DELL'ARCHIGINNASIO;da specificare;;;;rotatoria Via Salamanca;Scontro laterale fra veicoli in marcia;Rotatoria;Due carreggiate;Asciutto;Asfaltata;Verticale ed orizzontale;Sereno;Scarso;Buona;;2;0;0;1;12.6393;41.8494;-1;2;Autobus turistico;In marcia / fermata / arresto;Conducente;M;Illeso;0;;Non accertato;Inesploso
5294220;8;22/02/2021 18:00:00;Strada Urbana;VIA DI GROTTE CELONI;da specificare;;;;fronte civ. 20;Veicolo in marcia contro veicolo in sosta;Rettilineo;Una carreggiata a senso unico di marcia;Asciutto;Asfaltata;Orizzontale;Sereno;Scarso;Sufficiente;;0;0;0;0;12.6425;41.8571;-1;1;Autovettura privata;Sosta;;;;;;;
5294220;8;22/02/2021 18:00:00;Strada Urbana;VIA DI GROTTE CELONI;da specificare;;;;fronte civ. 20;Veicolo in marcia contro veicolo in sosta;Rettilineo;Una carreggiata a senso unico di marcia;Asciutto;Asfaltata;Orizzontale;Sereno;Scarso;Sufficiente;;0;0;0;0;12.6425;41.8571;-1;2;Veicolo speciale;Allontanatosi;;;;;;;
5294221;8;22/02/2021 18:50:00;Strada Urbana;VIALE DEI ROMANISTI;in prossimit�;;del palo luce n.;4;;Scontro laterale fra veicoli in marcia;Rettilineo;Una carreggiata a senso unico di marcia;Asciutto;Strada pavimentata dissestata;Verticale ed orizzontale;Sereno;Normale;Buona;;0;0;0;3;12.5774;41.8675;-1;1;Autovettura privata;In marcia / fermata / arresto;Conducente;M;Illeso;0;;Non accertato;Inesploso
5294221;8;22/02/2021 18:50:00;Strada Urbana;VIALE DEI ROMANISTI;in prossimit�;;del palo luce n.;4;;Scontro laterale fra veicoli in marcia;Rettilineo;Una carreggiata a senso unico di marcia;Asciutto;Strada pavimentata dissestata;Verticale ed orizzontale;Sereno;Normale;Buona;;0;0;0;3;12.5774;41.8675;-1;2;Autovettura privata;In marcia / fermata / arresto;Conducente;F;Illeso;0;;Non accertato;Inesploso
5294221;8;22/02/2021 18:50:00;Strada Urbana;VIALE DEI ROMANISTI;in prossimit�;;del palo luce n.;4;;Scontro laterale fra veicoli in marcia;Rettilineo;Una carreggiata a senso unico di marcia;Asciutto;Strada pavimentata dissestata;Verticale ed orizzontale;Sereno;Normale;Buona;;0;0;0;3;12.5774;41.8675;-1;2;Autovettura privata;In marcia / fermata / arresto;Passeggero;F;Illeso;0;;Utilizzato;Inesploso
5294222;8;22/02/2021 19:45:00;Strada Urbana;VIA ANTEO;all'intersezione con;VIA DI TORRENOVA;VIA DI TORRENOVA;;;Veicolo in marcia contro veicolo fermo;Incrocio;Una carreggiata a senso unico di marcia;Asciutto;Asfaltata;Verticale ed orizzontale;Sereno;Normale;Buona;;0;0;0;2;12.616;41.8806;-1;1;Autovettura privata;In marcia / fermata / arresto;Conducente;M;Illeso;0;;;
5294222;8;22/02/2021 19:45:00;Strada Urbana;VIA ANTEO;all'intersezione con;VIA DI TORRENOVA;VIA DI TORRENOVA;;;Veicolo in marcia contro veicolo fermo;Incrocio;Una carreggiata a senso unico di marcia;Asciutto;Asfaltata;Verticale ed orizzontale;Sereno;Normale;Buona;;0;0;0;2;12.616;41.8806;-1;2;Autovettura privata;In marcia / fermata / arresto;Conducente;F;Illeso;0;;;
5294343;19;22/02/2021 14:50:00;Strada Urbana;VIA DELL'ACQUEDOTTO DEL PESCHIERA;in prossimit�;;del civico n.;20;;Veicolo in marcia contro veicolo fermo;Rettilineo;Una carreggiata a senso unico di marcia;Asciutto;Asfaltata;Verticale ed orizzontale;Sereno;Normale;Buona;;0;0;0;1;12.4238;41.9395;-1;1;Autovettura privata;Allontanatosi;;;;;;;
5294343;19;22/02/2021 14:50:00;Strada Urbana;VIA DELL'ACQUEDOTTO DEL PESCHIERA;in prossimit�;;del civico n.;20;;Veicolo in marcia contro veicolo fermo;Rettilineo;Una carreggiata a senso unico di marcia;Asciutto;Asfaltata;Verticale ed orizzontale;Sereno;Normale;Buona;;0;0;0;1;12.4238;41.9395;-1;2;Autovettura privata;In marcia / fermata / arresto;Conducente;M;Illeso;0;;Non accertato;Inesploso
5294358;11;22/02/2021 20:10:00;Strada Urbana;CIRCONVALLAZIONE OSTIENSE;all'intersezione con;VIA CAFFARO;VIA CAFFARO;;;Scontro frontale/laterale DX fra veicoli in marcia;Intersezione stradale segnalata;Due carreggiate;Asciutto;Asfaltata;Verticale ed orizzontale;Sereno;Normale;Buona;;1;0;0;1;12.4859;41.8672;-1;1;Autovettura privata;In marcia / fermata / arresto;Conducente;F;Illeso;0;;Non accertato;
5294358;11;22/02/2021 20:10:00;Strada Urbana;CIRCONVALLAZIONE OSTIENSE;all'intersezione con;VIA CAFFARO;VIA CAFFARO;;;Scontro frontale/laterale DX fra veicoli in marcia;Intersezione stradale segnalata;Due carreggiate;Asciutto;Asfaltata;Verticale ed orizzontale;Sereno;Normale;Buona;;1;0;0;1;12.4859;41.8672;-1;2;Motociclo a solo;In marcia / fermata / arresto;Conducente;F;Rimandato;0;NON DECEDUTO;Non accertato;
5294367;13;22/02/2021 12:00:00;Strada Urbana;VIA ALESSIO OLIVIERI;in corrispondenza;;del civico n.;55;;Veicolo in marcia contro ostacolo accidentale;Rettilineo;Una carreggiata a doppio senso;Asciutto;Con buche;Assente;Sereno;Intenso;Buona;;0;0;0;1;12.368;41.7467;-1;1;Autocarro inferiore 35 q.;In marcia / fermata / arresto;Conducente;M;Illeso;0;;Non accertato;Inesploso
5294371;13;22/02/2021 10:00:00;Strada Urbana;VIA ISOLE DEL CAPO VERDE;all'intersezione con;VIA CARLO BOSIO;VIA CARLO BOSIO;;;Tamponamento;Intersezione semaforizzata;Due carreggiate;Asciutto;Asfaltata;Verticale ed orizzontale;Sereno;Normale;Buona;;0;0;0;2;12.2744;41.7379;-1;1;Autovettura privata;In marcia / fermata / arresto;Conducente;M;Illeso;0;;Non accertato;Inesploso
5294371;13;22/02/2021 10:00:00;Strada Urbana;VIA ISOLE DEL CAPO VERDE;all'intersezione con;VIA CARLO BOSIO;VIA CARLO BOSIO;;;Tamponamento;Intersezione semaforizzata;Due carreggiate;Asciutto;Asfaltata;Verticale ed orizzontale;Sereno;Normale;Buona;;0;0;0;2;12.2744;41.7379;-1;2;Velocipede;In marcia / fermata / arresto;Conducente;M;Illeso;0;;Esente;
5294380;10;22/02/2021 12:10:00;Strada Urbana;VIA QUINTO NOVIO;all'intersezione con;VIA GAIO MELISSO;VIA GAIO MELISSO;;;Scontro frontale/laterale DX fra veicoli in marcia;Incrocio;Una carreggiata a senso unico di marcia;Asciutto;Asfaltata;Verticale ed orizzontale;Sereno;Normale;Buona;;0;0;0;2;12.5506;41.8662;-1;1;Autovettura privata;In marcia / fermata / arresto;Conducente;M;Illeso;0;;Non accertato;Inesploso
5294380;10;22/02/2021 12:10:00;Strada Urbana;VIA QUINTO NOVIO;all'intersezione con;VIA GAIO MELISSO;VIA GAIO MELISSO;;;Scontro frontale/laterale DX fra veicoli in marcia;Incrocio;Una carreggiata a senso unico di marcia;Asciutto;Asfaltata;Verticale ed orizzontale;Sereno;Normale;Buona;;0;0;0;2;12.5506;41.8662;-1;2;Autovettura privata;In marcia / fermata / arresto;Conducente;M;Illeso;0;;Non accertato;Inesploso
5294381;20;22/02/2021 08:30:00;Regionale;VIA FLAMINIA;in prossimit�;;della chilometrica;13.6;;Tamponamento;Rettilineo;Pi� di due carreggiate;Asciutto;Asfaltata;Verticale ed orizzontale;Sereno;Normale;Buona;;0;0;0;2;12.4871;42.0286;-1;1;Autovettura privata;In marcia / fermata / arresto;Conducente;M;Illeso;0;;;
5294381;20;22/02/2021 08:30:00;Regionale;VIA FLAMINIA;in prossimit�;;della chilometrica;13.6;;Tamponamento;Rettilineo;Pi� di due carreggiate;Asciutto;Asfaltata;Verticale ed orizzontale;Sereno;Normale;Buona;;0;0;0;2;12.4871;42.0286;-1;2;Autovettura privata;In marcia / fermata / arresto;Conducente;F;Illeso;0;;Non accertato;
5294390;20;22/02/2021 14:00:00;Strada Urbana;VIA CASSIA;all'intersezione con;VIA GIULIO GALLI;VIA GIULIO GALLI;;;Scontro frontale fra veicoli in marcia;Intersezione stradale segnalata;Una carreggiata a doppio senso;Asciutto;Asfaltata;Verticale ed orizzontale;Sereno;Normale;Buona;;1;0;0;1;12.4137;41.9828;-1;1;Motociclo a solo;In marcia / fermata / arresto;Conducente;M;Rimandato;0;NON DECEDUTO;Non accertato;
5294390;20;22/02/2021 14:00:00;Strada Urbana;VIA CASSIA;all'intersezione con;VIA GIULIO GALLI;VIA GIULIO GALLI;;;Scontro frontale fra veicoli in marcia;Intersezione stradale segnalata;Una carreggiata a doppio senso;Asciutto;Asfaltata;Verticale ed orizzontale;Sereno;Normale;Buona;;1;0;0;1;12.4137;41.9828;-1;2;Autovettura privata;In marcia / fermata / arresto;Conducente;M;Illeso;0;;Non accertato;Inesploso
5294394;11;22/02/2021 15:00:00;Strada Urbana;CIRCONVALLAZIONE OSTIENSE;in corrispondenza;;del civico n.;188;;Scontro laterale fra veicoli in marcia;Rettilineo;Due carreggiate;Asciutto;Asfaltata;Verticale ed orizzontale;Sereno;Normale;Buona;;0;0;0;2;12.4876;41.867;-1;1;Autovettura privata;In marcia / fermata / arresto;Conducente;M;Illeso;0;;Non accertato;
5294394;11;22/02/2021 15:00:00;Strada Urbana;CIRCONVALLAZIONE OSTIENSE;in corrispondenza;;del civico n.;188;;Scontro laterale fra veicoli in marcia;Rettilineo;Due carreggiate;Asciutto;Asfaltata;Verticale ed orizzontale;Sereno;Normale;Buona;;0;0;0;2;12.4876;41.867;-1;2;Autovettura privata;In marcia / fermata / arresto;Conducente;F;Illeso;0;;Non accertato;
5294398;16;21/02/2021 17:20:00;;VIA PORTUENSE;in prossimit�;;del civico n.;95/s;;Infortunio per caduta del veicolo;;;;;;;;;;0;0;0;1;12.4684;41.8778;0;1;Ciclomotore;In marcia / fermata / arresto;Conducente;M;Illeso;0;;;
5294407;20;22/02/2021 19:15:00;Strada Urbana;VIA TRIONFALE;in corrispondenza;;del civico n.;13927;;Investimento di pedone;Rettilineo;Una carreggiata a doppio senso;Asciutto;Asfaltata;Verticale ed orizzontale;Sereno;Normale;Buona;;1;0;0;1;12.4075;41.9829;-1;;;;Pedone;F;Rimandato;0;NON DECEDUTO;;
5294407;20;22/02/2021 19:15:00;Strada Urbana;VIA TRIONFALE;in corrispondenza;;del civico n.;13927;;Investimento di pedone;Rettilineo;Una carreggiata a doppio senso;Asciutto;Asfaltata;Verticale ed orizzontale;Sereno;Normale;Buona;;1;0;0;1;12.4075;41.9829;-1;1;Autovettura privata;In marcia / fermata / arresto;Conducente;M;Illeso;0;;;
5294427;16;21/02/2021 20:05:00;Strada Urbana;VIA BERNARDINO RAMAZZINI;da specificare;;;;prossimit� fronte civico 113;Scontro frontale/laterale DX fra veicoli in marcia;Rettilineo;Una carreggiata a doppio senso;Asciutto;Asfaltata;Assente;Sereno;Scarso;Sufficiente;;0;0;0;2;12.4505;41.8666;-1;1;Autovettura privata;In marcia / fermata / arresto;Conducente;F;Illeso;0;;Non accertato;Inesploso
5294427;16;21/02/2021 20:05:00;Strada Urbana;VIA BERNARDINO RAMAZZINI;da specificare;;;;prossimit� fronte civico 113;Scontro frontale/laterale DX fra veicoli in marcia;Rettilineo;Una carreggiata a doppio senso;Asciutto;Asfaltata;Assente;Sereno;Scarso;Sufficiente;;0;0;0;2;12.4505;41.8666;-1;2;Autovettura privata;In marcia / fermata / arresto;Conducente;M;Illeso;0;;Non accertato;Inesploso
5294429;18;22/02/2021 13:20:00;Strada Urbana;VIA DI BOCCEA;all'intersezione con;VIA CAREZZANO;VIA CAREZZANO;;;Scontro laterale fra veicoli in marcia;Intersezione non regolata/non segnalata;Una carreggiata a doppio senso;Asciutto;Asfaltata;Verticale ed orizzontale;Sereno;Scarso;Buona;;1;0;0;1;12.3356;41.9338;-1;1;Autovettura privata;In marcia / fermata / arresto;Conducente;F;Illeso;0;;Non accertato;Inesploso
5294429;18;22/02/2021 13:20:00;Strada Urbana;VIA DI BOCCEA;all'intersezione con;VIA CAREZZANO;VIA CAREZZANO;;;Scontro laterale fra veicoli in marcia;Intersezione non regolata/non segnalata;Una carreggiata a doppio senso;Asciutto;Asfaltata;Verticale ed orizzontale;Sereno;Scarso;Buona;;1;0;0;1;12.3356;41.9338;-1;2;Autovettura privata;In marcia / fermata / arresto;Conducente;M;Rimandato;0;NON DECEDUTO;Non accertato;
5294432;12;22/02/2021 19:00:00;Provinciale;VIA PONTINA;in prossimit�;;della chilometrica;25;;Scontro laterale fra veicoli in marcia;Rettilineo;Una carreggiata a senso unico di marcia;Asciutto;Asfaltata;Verticale ed orizzontale;Sereno;Normale;Buona;;0;0;0;1;12.4522;41.794;-1;1;Altro;In marcia / fermata / arresto;Conducente;M;Illeso;0;;Non accertato;Inesploso
5294432;12;22/02/2021 19:00:00;Provinciale;VIA PONTINA;in prossimit�;;della chilometrica;25;;Scontro laterale fra veicoli in marcia;Rettilineo;Una carreggiata a senso unico di marcia;Asciutto;Asfaltata;Verticale ed orizzontale;Sereno;Normale;Buona;;0;0;0;1;12.4522;41.794;-1;2;Autocarro superiore 35 q.;Allontanatosi;;;;;;;
5294443;20;22/02/2021 10:05:00;Strada Urbana;VIA FLAMINIA NUOVA;da specificare;;;;alt. via Bomarzo dir. Gra;Tamponamento Multiplo;Rettilineo;Due carreggiate;Asciutto;Asfaltata;Orizzontale;Sereno;Intenso;Buona;;0;0;0;5;12.4794;41.9552;-1;1;Autovettura privata;In marcia / fermata / arresto;Conducente;F;Illeso;0;;Non accertato;Inesploso
5294443;20;22/02/2021 10:05:00;Strada Urbana;VIA FLAMINIA NUOVA;da specificare;;;;alt. via Bomarzo dir. Gra;Tamponamento Multiplo;Rettilineo;Due carreggiate;Asciutto;Asfaltata;Orizzontale;Sereno;Intenso;Buona;;0;0;0;5;12.4794;41.9552;-1;2;Autovettura privata;In marcia / fermata / arresto;Conducente;F;Illeso;0;;Non accertato;Inesploso
5294443;20;22/02/2021 10:05:00;Strada Urbana;VIA FLAMINIA NUOVA;da specificare;;;;alt. via Bomarzo dir. Gra;Tamponamento Multiplo;Rettilineo;Due carreggiate;Asciutto;Asfaltata;Orizzontale;Sereno;Intenso;Buona;;0;0;0;5;12.4794;41.9552;-1;3;Autovettura privata;In marcia / fermata / arresto;Conducente;F;Illeso;0;;Non accertato;Inesploso
5294443;20;22/02/2021 10:05:00;Strada Urbana;VIA FLAMINIA NUOVA;da specificare;;;;alt. via Bomarzo dir. Gra;Tamponamento Multiplo;Rettilineo;Due carreggiate;Asciutto;Asfaltata;Orizzontale;Sereno;Intenso;Buona;;0;0;0;5;12.4794;41.9552;-1;4;Autovettura privata;In marcia / fermata / arresto;Conducente;F;Illeso;0;;Non accertato;Inesploso
5294443;20;22/02/2021 10:05:00;Strada Urbana;VIA FLAMINIA NUOVA;da specificare;;;;alt. via Bomarzo dir. Gra;Tamponamento Multiplo;Rettilineo;Due carreggiate;Asciutto;Asfaltata;Orizzontale;Sereno;Intenso;Buona;;0;0;0;5;12.4794;41.9552;-1;5;Autovettura privata;In marcia / fermata / arresto;Conducente;M;Illeso;0;;Non accertato;Inesploso
5294449;7;22/02/2021 10:30:00;Strada Urbana;VIA PIETRO CASTELLI;in corrispondenza;;del civico n.;60;;Scontro frontale/laterale SX fra veicoli in marcia;Curva a visuale libera;Una carreggiata a senso unico di marcia;Asciutto;Asfaltata;Verticale ed orizzontale;Sereno;Normale;Buona;;0;0;0;2;12.5842;41.8789;-1;1;Autovettura privata;In marcia / fermata / arresto;Conducente;M;Illeso;0;;Non accertato;Inesploso
5294449;7;22/02/2021 10:30:00;Strada Urbana;VIA PIETRO CASTELLI;in corrispondenza;;del civico n.;60;;Scontro frontale/laterale SX fra veicoli in marcia;Curva a visuale libera;Una carreggiata a senso unico di marcia;Asciutto;Asfaltata;Verticale ed orizzontale;Sereno;Normale;Buona;;0;0;0;2;12.5842;41.8789;-1;2;Autovettura privata;In marcia / fermata / arresto;Conducente;M;Illeso;0;;Non accertato;Inesploso
5294457;16;22/02/2021 07:50:00;Strada Urbana;VICOLO DEGLI ORTI PORTUENSI;in prossimit�;;del palo luce n.;3;;Veicolo in marcia contro veicolo in sosta;Rettilineo;Una carreggiata a senso unico di marcia;Asciutto;Asfaltata;Verticale ed orizzontale;Sereno;Scarso;Buona;;0;0;1;0;12.4461;41.8579;-1;1;Autovettura privata;In marcia / fermata / arresto;Conducente;M;Deceduto sul posto;-1;;Non accertato;Inesploso
5294457;16;22/02/2021 07:50:00;Strada Urbana;VICOLO DEGLI ORTI PORTUENSI;in prossimit�;;del palo luce n.;3;;Veicolo in marcia contro veicolo in sosta;Rettilineo;Una carreggiata a senso unico di marcia;Asciutto;Asfaltata;Verticale ed orizzontale;Sereno;Scarso;Buona;;0;0;1;0;12.4461;41.8579;-1;2;Autovettura privata;Sosta;;;;;;;