Protocollo;Gruppo;DataOraIncidente;Localizzazione1;STRADA1;Localizzazione2;STRADA2;Strada02;Chilometrica;DaSpecificare;NaturaIncidente;particolaritastrade;TipoStrada;FondoStradale;Pavimentazione;Segnaletica;CondizioneAtmosferica;Traffico;Visibilita;Illuminazione;NUM_FERITI;NUM_RISERVATA;NUM_MORTI;NUM_ILLESI;Longitudine;Latitudine;Confermato;Progressivo;TipoVeicolo;StatoVeicolo;TipoPersona;Sesso;Tipolesione;Deceduto;DecedutoDopo;CinturaCascoUtilizzato;Airbag;
5304144;16;26/02/2021 13:40:00;Strada Urbana;VIA DEGLI ALDOBRANDESCHI;all'intersezione con;VIA DI VILLA TROILI;VIA DI VILLA TROILI;;;Veicolo in marcia contro ostacolo accidentale;Incrocio;Una carreggiata a doppio senso;Bagnato (pioggia);Asfaltata;Verticale ed orizzontale;Sereno;Normale;Buona;;1;0;0;8;12.4056;41.8832;-1;1;Autovettura privata;In marcia / fermata / arresto;Passeggero;M;Illeso;0;;Non accertato;Inesploso
5304144;16;26/02/2021 13:40:00;Strada Urbana;VIA DEGLI ALDOBRANDESCHI;all'intersezione con;VIA DI VILLA TROILI;VIA DI VILLA TROILI;;;Veicolo in marcia contro ostacolo accidentale;Incrocio;Una carreggiata a doppio senso;Bagnato (pioggia);Asfaltata;Verticale ed orizzontale;Sereno;Normale;Buona;;1;0;0;8;12.4056;41.8832;-1;1;Autovettura privata;In marcia / fermata / arresto;Passeggero;M;Illeso;0;;Non accertato;Inesploso
5304144;16;26/02/2021 13:40:00;Strada Urbana;VIA DEGLI ALDOBRANDESCHI;all'intersezione con;VIA DI VILLA TROILI;VIA DI VILLA TROILI;;;Veicolo in marcia contro ostacolo accidentale;Incrocio;Una carreggiata a doppio senso;Bagnato (pioggia);Asfaltata;Verticale ed orizzontale;Sereno;Normale;Buona;;1;0;0;8;12.4056;41.8832;-1;1;Autovettura privata;In marcia / fermata / arresto;Passeggero;M;Illeso;0;;Non accertato;Inesploso
5304144;16;26/02/2021 13:40:00;Strada Urbana;VIA DEGLI ALDOBRANDESCHI;all'intersezione con;VIA DI VILLA TROILI;VIA DI VILLA TROILI;;;Veicolo in marcia contro ostacolo accidentale;Incrocio;Una carreggiata a doppio senso;Bagnato (pioggia);Asfaltata;Verticale ed orizzontale;Sereno;Normale;Buona;;1;0;0;8;12.4056;41.8832;-1;1;Autovettura privata;In marcia / fermata / arresto;Passeggero;M;Illeso;0;;Non accertato;Inesploso
5304144;16;26/02/2021 13:40:00;Strada Urbana;VIA DEGLI ALDOBRANDESCHI;all'intersezione con;VIA DI VILLA TROILI;VIA DI VILLA TROILI;;;Veicolo in marcia contro ostacolo accidentale;Incrocio;Una carreggiata a doppio senso;Bagnato (pioggia);Asfaltata;Verticale ed orizzontale;Sereno;Normale;Buona;;1;0;0;8;12.4056;41.8832;-1;1;Autovettura privata;In marcia / fermata / arresto;Passeggero;M;Illeso;0;;Non accertato;Inesploso
5304144;16;26/02/2021 13:40:00;Strada Urbana;VIA DEGLI ALDOBRANDESCHI;all'intersezione con;VIA DI VILLA TROILI;VIA DI VILLA TROILI;;;Veicolo in marcia contro ostacolo accidentale;Incrocio;Una carreggiata a doppio senso;Bagnato (pioggia);Asfaltata;Verticale ed orizzontale;Sereno;Normale;Buona;;1;0;0;8;12.4056;41.8832;-1;2;Ciclomotore;In marcia / fermata / arresto;Conducente;M;Rimandato;0;NON DECEDUTO;Non accertato;
5304151;17;27/02/2021 21:00:00;Strada Urbana;VIA DI S. COSIMATO;in prossimit�;;del civico n.;6;;Veicolo in marcia contro veicolo in sosta;Rettilineo;Una carreggiata a senso unico di marcia;Asciutto;Acciotolata;Verticale ed orizzontale;Sereno;Scarso;Buona;;0;0;0;1;12.4704;41.8884;-1;1;Autovettura privata;In marcia / fermata / arresto;Conducente;M;Illeso;0;;;
5304151;17;27/02/2021 21:00:00;Strada Urbana;VIA DI S. COSIMATO;in prossimit�;;del civico n.;6;;Veicolo in marcia contro veicolo in sosta;Rettilineo;Una carreggiata a senso unico di marcia;Asciutto;Acciotolata;Verticale ed orizzontale;Sereno;Scarso;Buona;;0;0;0;1;12.4704;41.8884;-1;2;Motociclo a solo;Sosta;;;;;;;
5304155;17;28/02/2021 20:35:00;Strada Urbana;VIA RIALTO;all'intersezione con;VIA LUIGI RIZZO;VIA LUIGI RIZZO;;;Scontro frontale/laterale DX fra veicoli in marcia;Intersezione stradale segnalata;Una carreggiata a senso unico di marcia;Asciutto;Asfaltata;Verticale ed orizzontale;Sereno;Scarso;Buona;;0;0;0;2;12.4453;41.9083;-1;1;Autovettura privata;In marcia / fermata / arresto;Conducente;M;Illeso;0;;;
5304155;17;28/02/2021 20:35:00;Strada Urbana;VIA RIALTO;all'intersezione con;VIA LUIGI RIZZO;VIA LUIGI RIZZO;;;Scontro frontale/laterale DX fra veicoli in marcia;Intersezione stradale segnalata;Una carreggiata a senso unico di marcia;Asciutto;Asfaltata;Verticale ed orizzontale;Sereno;Scarso;Buona;;0;0;0;2;12.4453;41.9083;-1;2;Autovettura privata;In marcia / fermata / arresto;Conducente;M;Illeso;0;;;
5304171;17;28/02/2021 21:50:00;Strada Urbana;VIA GIOVANNI BETTOLO;all'intersezione con;VIA SIMONE DE SAINT BON;VIA SIMONE DE SAINT BON;;;Scontro frontale/laterale DX fra veicoli in marcia;Incrocio;Una carreggiata a senso unico di marcia;Asciutto;Asfaltata;Verticale ed orizzontale;Sereno;Scarso;Buona;;0;0;0;3;12.4565;41.9118;-1;1;Autovettura privata;In marcia / fermata / arresto;Conducente;M;Illeso;0;;Non accertato;Inesploso
5304171;17;28/02/2021 21:50:00;Strada Urbana;VIA GIOVANNI BETTOLO;all'intersezione con;VIA SIMONE DE SAINT BON;VIA SIMONE DE SAINT BON;;;Scontro frontale/laterale DX fra veicoli in marcia;Incrocio;Una carreggiata a senso unico di marcia;Asciutto;Asfaltata;Verticale ed orizzontale;Sereno;Scarso;Buona;;0;0;0;3;12.4565;41.9118;-1;1;Autovettura privata;In marcia / fermata / arresto;Passeggero;F;Illeso;0;;Non accertato;Inesploso
5304171;17;28/02/2021 21:50:00;Strada Urbana;VIA GIOVANNI BETTOLO;all'intersezione con;VIA SIMONE DE SAINT BON;VIA SIMONE DE SAINT BON;;;Scontro frontale/laterale DX fra veicoli in marcia;Incrocio;Una carreggiata a senso unico di marcia;Asciutto;Asfaltata;Verticale ed orizzontale;Sereno;Scarso;Buona;;0;0;0;3;12.4565;41.9118;-1;2;Autovettura privata;In marcia / fermata / arresto;Conducente;F;Illeso;0;;;
5304501;16;26/02/2021 13:20:00;Strada Urbana;VIA DI VAL TELLINA;in prossimit�;;del civico n.;71;;Veicolo in marcia contro veicoli in arresto;Rettilineo;Una carreggiata a doppio senso;Asciutto;Asfaltata;Verticale ed orizzontale;Sereno;Normale;Buona;;0;0;0;4;12.4477;41.8676;-1;1;Autovettura privata;In marcia / fermata / arresto;Conducente;M;Illeso;0;;Non accertato;Inesploso
5304501;16;26/02/2021 13:20:00;Strada Urbana;VIA DI VAL TELLINA;in prossimit�;;del civico n.;71;;Veicolo in marcia contro veicoli in arresto;Rettilineo;Una carreggiata a doppio senso;Asciutto;Asfaltata;Verticale ed orizzontale;Sereno;Normale;Buona;;0;0;0;4;12.4477;41.8676;-1;2;Motociclo con passeggero;In marcia / fermata / arresto;Conducente;M;Illeso;0;;Non accertato;
5304501;16;26/02/2021 13:20:00;Strada Urbana;VIA DI VAL TELLINA;in prossimit�;;del civico n.;71;;Veicolo in marcia contro veicoli in arresto;Rettilineo;Una carreggiata a doppio senso;Asciutto;Asfaltata;Verticale ed orizzontale;Sereno;Normale;Buona;;0;0;0;4;12.4477;41.8676;-1;2;Motociclo con passeggero;In marcia / fermata / arresto;Passeggero;F;Illeso;0;;Non accertato;
5304501;16;26/02/2021 13:20:00;Strada Urbana;VIA DI VAL TELLINA;in prossimit�;;del civico n.;71;;Veicolo in marcia contro veicoli in arresto;Rettilineo;Una carreggiata a doppio senso;Asciutto;Asfaltata;Verticale ed orizzontale;Sereno;Normale;Buona;;0;0;0;4;12.4477;41.8676;-1;3;Autovettura privata;In marcia / fermata / arresto;Conducente;F;Illeso;0;;Non accertato;Inesploso
5304517;16;26/02/2021 14:20:00;;PIAZZA S. GIOVANNI DI DIO;all'intersezione con;VIA GIUSEPPE GHISLIERI;VIA GIUSEPPE GHISLIERI;;;Veicolo in marcia contro veicolo in sosta;;;;;;;;;;0;0;0;1;12.4467;41.8744;0;1;Autovettura privata;Sosta;;;;;;;
5304517;16;26/02/2021 14:20:00;;PIAZZA S. GIOVANNI DI DIO;all'intersezione con;VIA GIUSEPPE GHISLIERI;VIA GIUSEPPE GHISLIERI;;;Veicolo in marcia contro veicolo in sosta;;;;;;;;;;0;0;0;1;12.4467;41.8744;0;2;Autovettura privata;In marcia / fermata / arresto;Conducente;F;Illeso;0;;;
5304532;16;26/02/2021 13:30:00;Strada Urbana;VIA BERNARDINO RAMAZZINI;da specificare;;;;prossimit� Piazza Carlo Forlanini;Scontro laterale fra veicoli in marcia;Rettilineo;Due carreggiate;Asciutto;Asfaltata;Assente;Sereno;Normale;Buona;;0;0;0;3;12.4505;41.8666;-1;1;Motociclo con passeggero;In marcia / fermata / arresto;Conducente;M;Illeso;0;;Non accertato;
5304532;16;26/02/2021 13:30:00;Strada Urbana;VIA BERNARDINO RAMAZZINI;da specificare;;;;prossimit� Piazza Carlo Forlanini;Scontro laterale fra veicoli in marcia;Rettilineo;Due carreggiate;Asciutto;Asfaltata;Assente;Sereno;Normale;Buona;;0;0;0;3;12.4505;41.8666;-1;2;Autovettura privata;In marcia / fermata / arresto;Conducente;M;Illeso;0;;Non accertato;Inesploso
5304532;16;26/02/2021 13:30:00;Strada Urbana;VIA BERNARDINO RAMAZZINI;da specificare;;;;prossimit� Piazza Carlo Forlanini;Scontro laterale fra veicoli in marcia;Rettilineo;Due carreggiate;Asciutto;Asfaltata;Assente;Sereno;Normale;Buona;;0;0;0;3;12.4505;41.8666;-1;2;Autovettura privata;In marcia / fermata / arresto;Passeggero;F;Illeso;0;;Non accertato;Inesploso
5304543;16;26/02/2021 19:00:00;Strada Urbana;VIA AURELIA ANTICA;all'intersezione con;VIA DI TORRE ROSSA;VIA DI TORRE ROSSA;;;Scontro frontale fra veicoli in marcia;Intersezione stradale segnalata;Una carreggiata a doppio senso;Asciutto;Asfaltata;Verticale ed orizzontale;Sereno;Normale;Sufficiente;;0;0;0;6;12.435;41.8902;-1;1;Autovettura privata;In marcia / fermata / arresto;Conducente;M;Illeso;0;;Non accertato;
5304543;16;26/02/2021 19:00:00;Strada Urbana;VIA AURELIA ANTICA;all'intersezione con;VIA DI TORRE ROSSA;VIA DI TORRE ROSSA;;;Scontro frontale fra veicoli in marcia;Intersezione stradale segnalata;Una carreggiata a doppio senso;Asciutto;Asfaltata;Verticale ed orizzontale;Sereno;Normale;Sufficiente;;0;0;0;6;12.435;41.8902;-1;2;Autovettura privata;In marcia / fermata / arresto;Conducente;M;Illeso;0;;Non accertato;
5304543;16;26/02/2021 19:00:00;Strada Urbana;VIA AURELIA ANTICA;all'intersezione con;VIA DI TORRE ROSSA;VIA DI TORRE ROSSA;;;Scontro frontale fra veicoli in marcia;Intersezione stradale segnalata;Una carreggiata a doppio senso;Asciutto;Asfaltata;Verticale ed orizzontale;Sereno;Normale;Sufficiente;;0;0;0;6;12.435;41.8902;-1;2;Autovettura privata;In marcia / fermata / arresto;Passeggero;M;Illeso;0;;Non accertato;
5304543;16;26/02/2021 19:00:00;Strada Urbana;VIA AURELIA ANTICA;all'intersezione con;VIA DI TORRE ROSSA;VIA DI TORRE ROSSA;;;Scontro frontale fra veicoli in marcia;Intersezione stradale segnalata;Una carreggiata a doppio senso;Asciutto;Asfaltata;Verticale ed orizzontale;Sereno;Normale;Sufficiente;;0;0;0;6;12.435;41.8902;-1;2;Autovettura privata;In marcia / fermata / arresto;Passeggero;F;Illeso;0;;Non accertato;
5304543;16;26/02/2021 19:00:00;Strada Urbana;VIA AURELIA ANTICA;all'intersezione con;VIA DI TORRE ROSSA;VIA DI TORRE ROSSA;;;Scontro frontale fra veicoli in marcia;Intersezione stradale segnalata;Una carreggiata a doppio senso;Asciutto;Asfaltata;Verticale ed orizzontale;Sereno;Normale;Sufficiente;;0;0;0;6;12.435;41.8902;-1;2;Autovettura privata;In marcia / fermata / arresto;Passeggero;M;Illeso;0;;Non accertato;
5304543;16;26/02/2021 19:00:00;Strada Urbana;VIA AURELIA ANTICA;all'intersezione con;VIA DI TORRE ROSSA;VIA DI TORRE ROSSA;;;Scontro frontale fra veicoli in marcia;Intersezione stradale segnalata;Una carreggiata a doppio senso;Asciutto;Asfaltata;Verticale ed orizzontale;Sereno;Normale;Sufficiente;;0;0;0;6;12.435;41.8902;-1;2;Autovettura privata;In marcia / fermata / arresto;Passeggero;F;Illeso;0;;Non accertato;
5304552;16;26/02/2021 21:45:00;Strada Urbana;PIAZZETTA DEL BEL RESPIRO;in prossimit�;;del civico n.;1;;Scontro laterale fra veicoli in marcia;Rettilineo;Due carreggiate;Asciutto;Asfaltata;Assente;Sereno;Scarso;Buona;;0;0;0;4;12.441;41.8794;-1;1;Autovettura privata;In marcia / fermata / arresto;Conducente;M;Illeso;0;;Non accertato;Inesploso
5304552;16;26/02/2021 21:45:00;Strada Urbana;PIAZZETTA DEL BEL RESPIRO;in prossimit�;;del civico n.;1;;Scontro laterale fra veicoli in marcia;Rettilineo;Due carreggiate;Asciutto;Asfaltata;Assente;Sereno;Scarso;Buona;;0;0;0;4;12.441;41.8794;-1;1;Autovettura privata;In marcia / fermata / arresto;Passeggero;M;Illeso;0;;Non accertato;Inesploso
5304552;16;26/02/2021 21:45:00;Strada Urbana;PIAZZETTA DEL BEL RESPIRO;in prossimit�;;del civico n.;1;;Scontro laterale fra veicoli in marcia;Rettilineo;Due carreggiate;Asciutto;Asfaltata;Assente;Sereno;Scarso;Buona;;0;0;0;4;12.441;41.8794;-1;2;Autovettura privata;In marcia / fermata / arresto;Conducente;F;Illeso;0;;Non accertato;Inesploso
5304552;16;26/02/2021 21:45:00;Strada Urbana;PIAZZETTA DEL BEL RESPIRO;in prossimit�;;del civico n.;1;;Scontro laterale fra veicoli in marcia;Rettilineo;Due carreggiate;Asciutto;Asfaltata;Assente;Sereno;Scarso;Buona;;0;0;0;4;12.441;41.8794;-1;2;Autovettura privata;In marcia / fermata / arresto;Passeggero;M;Illeso;0;;Non accertato;Inesploso
5304564;16;27/02/2021 13:50:00;Strada Urbana;PIAZZA IPPOLITO NIEVO;in prossimit�;;del civico n.;12;;Scontro laterale fra veicoli in marcia;Rettilineo;Pi� di due carreggiate;Asciutto;Asfaltata;Verticale ed orizzontale;Sereno;Normale;Buona;;0;0;0;3;12.4668;41.8808;-1;1;Motociclo con passeggero;In marcia / fermata / arresto;Conducente;M;Illeso;0;;Non accertato;
5304564;16;27/02/2021 13:50:00;Strada Urbana;PIAZZA IPPOLITO NIEVO;in prossimit�;;del civico n.;12;;Scontro laterale fra veicoli in marcia;Rettilineo;Pi� di due carreggiate;Asciutto;Asfaltata;Verticale ed orizzontale;Sereno;Normale;Buona;;0;0;0;3;12.4668;41.8808;-1;1;Motociclo con passeggero;In marcia / fermata / arresto;Passeggero;M;Illeso;0;;Non accertato;
5304564;16;27/02/2021 13:50:00;Strada Urbana;PIAZZA IPPOLITO NIEVO;in prossimit�;;del civico n.;12;;Scontro laterale fra veicoli in marcia;Rettilineo;Pi� di due carreggiate;Asciutto;Asfaltata;Verticale ed orizzontale;Sereno;Normale;Buona;;0;0;0;3;12.4668;41.8808;-1;2;Autocarro inferiore 35 q.;In marcia / fermata / arresto;Conducente;M;Illeso;0;;Non accertato;
5304575;16;27/02/2021 21:15:00;Strada Urbana;VIA BERNARDINO RAMAZZINI;in prossimit�;;del civico n.;5;;Scontro laterale fra veicoli in marcia;Rettilineo;Due carreggiate;Asciutto;Asfaltata;Assente;Sereno;Scarso;Buona;;1;0;0;1;12.4524;41.8621;-1;1;Motociclo con passeggero;In marcia / fermata / arresto;Conducente;M;Rimandato;0;NON DECEDUTO;;
5304575;16;27/02/2021 21:15:00;Strada Urbana;VIA BERNARDINO RAMAZZINI;in prossimit�;;del civico n.;5;;Scontro laterale fra veicoli in marcia;Rettilineo;Due carreggiate;Asciutto;Asfaltata;Assente;Sereno;Scarso;Buona;;1;0;0;1;12.4524;41.8621;-1;2;Autovettura privata;In marcia / fermata / arresto;Conducente;M;Illeso;0;;;
5304622;16;27/02/2021 21:50:00;Strada Urbana;VIALE DEI COLLI PORTUENSI;in corrispondenza;;del civico n.;169;;Veicolo in marcia contro veicoli in sosta;Rettilineo;Due carreggiate;Asciutto;Asfaltata;Verticale ed orizzontale;Sereno;Scarso;Sufficiente;;0;0;0;1;12.4435;41.8713;-1;1;Autovettura privata;In marcia / fermata / arresto;Conducente;M;Illeso;0;;Non accertato;Inesploso
5304622;16;27/02/2021 21:50:00;Strada Urbana;VIALE DEI COLLI PORTUENSI;in corrispondenza;;del civico n.;169;;Veicolo in marcia contro veicoli in sosta;Rettilineo;Due carreggiate;Asciutto;Asfaltata;Verticale ed orizzontale;Sereno;Scarso;Sufficiente;;0;0;0;1;12.4435;41.8713;-1;2;Autovettura privata;Sosta;;;;;;;
5304622;16;27/02/2021 21:50:00;Strada Urbana;VIALE DEI COLLI PORTUENSI;in corrispondenza;;del civico n.;169;;Veicolo in marcia contro veicoli in sosta;Rettilineo;Due carreggiate;Asciutto;Asfaltata;Verticale ed orizzontale;Sereno;Scarso;Sufficiente;;0;0;0;1;12.4435;41.8713;-1;3;Motociclo a solo;Sosta;;;;;;;
5304622;16;27/02/2021 21:50:00;Strada Urbana;VIALE DEI COLLI PORTUENSI;in corrispondenza;;del civico n.;169;;Veicolo in marcia contro veicoli in sosta;Rettilineo;Due carreggiate;Asciutto;Asfaltata;Verticale ed orizzontale;Sereno;Scarso;Sufficiente;;0;0;0;1;12.4435;41.8713;-1;4;Ciclomotore;Sosta;;;;;;;
5304633;16;28/02/2021 13:00:00;Strada Urbana;VIA RAFFAELE PAOLUCCI;in corrispondenza;;del civico n.;39;;Veicolo in marcia contro veicolo in sosta;Rettilineo;Una carreggiata a doppio senso;Asciutto;Asfaltata;Assente;Sereno;Scarso;Buona;;0;0;0;1;12.4493;41.8785;-1;1;Autovettura privata;Sosta;;;;;;;
5304633;16;28/02/2021 13:00:00;Strada Urbana;VIA RAFFAELE PAOLUCCI;in corrispondenza;;del civico n.;39;;Veicolo in marcia contro veicolo in sosta;Rettilineo;Una carreggiata a doppio senso;Asciutto;Asfaltata;Assente;Sereno;Scarso;Buona;;0;0;0;1;12.4493;41.8785;-1;2;Motociclo a solo;Sosta;;;;;;;
5304633;16;28/02/2021 13:00:00;Strada Urbana;VIA RAFFAELE PAOLUCCI;in corrispondenza;;del civico n.;39;;Veicolo in marcia contro veicolo in sosta;Rettilineo;Una carreggiata a doppio senso;Asciutto;Asfaltata;Assente;Sereno;Scarso;Buona;;0;0;0;1;12.4493;41.8785;-1;3;Autovettura privata;In marcia / fermata / arresto;Conducente;M;Illeso;0;;Non accertato;Esploso
5304641;16;28/02/2021 20:30:00;;VIA AURELIA ANTICA;all'intersezione con;VIA DELLE FORNACI;VIA DELLE FORNACI;;;Scontro frontale/laterale DX fra veicoli in marcia;;;;;;;;;;1;0;0;2;12.435;41.8902;0;1;Autovettura privata;In marcia / fermata / arresto;Conducente;M;Illeso;0;;;
5304641;16;28/02/2021 20:30:00;;VIA AURELIA ANTICA;all'intersezione con;VIA DELLE FORNACI;VIA DELLE FORNACI;;;Scontro frontale/laterale DX fra veicoli in marcia;;;;;;;;;;1;0;0;2;12.435;41.8902;0;1;Autovettura privata;In marcia / fermata / arresto;Passeggero;F;Illeso;0;;;
5304641;16;28/02/2021 20:30:00;;VIA AURELIA ANTICA;all'intersezione con;VIA DELLE FORNACI;VIA DELLE FORNACI;;;Scontro frontale/laterale DX fra veicoli in marcia;;;;;;;;;;1;0;0;2;12.435;41.8902;0;2;Velocipede;In marcia / fermata / arresto;Conducente;M;Rimandato;0;NON DECEDUTO;Esente;
5304651;16;28/02/2021 20:30:00;;VIA DI DONNA OLIMPIA;in corrispondenza;;del civico n.;35;;Tamponamento;;;;;;;;;;0;0;0;1;12.4526;41.8779;0;1;Autovettura privata;In marcia / fermata / arresto;Conducente;F;Illeso;0;;;
5304651;16;28/02/2021 20:30:00;;VIA DI DONNA OLIMPIA;in corrispondenza;;del civico n.;35;;Tamponamento;;;;;;;;;;0;0;0;1;12.4526;41.8779;0;2;Motociclo a solo;In marcia / fermata / arresto;;;;;;;
5305146;3;28/02/2021 11:20:00;Strada Urbana;VIA NOMENTANA;all'intersezione semaforizzata con;VIALE GORIZIA;VIALE GORIZIA;;;Scontro laterale fra veicoli in marcia;Intersezione semaforizzata;Pi� di due carreggiate;Asciutto;Asfaltata;Verticale ed orizzontale;Sereno;Normale;Buona;;1;0;0;4;12.5148;41.9186;-1;1;Autocarro inferiore 35 q.;In marcia / fermata / arresto;Conducente;M;Rimandato;0;NON DECEDUTO;Non accertato;
5305146;3;28/02/2021 11:20:00;Strada Urbana;VIA NOMENTANA;all'intersezione semaforizzata con;VIALE GORIZIA;VIALE GORIZIA;;;Scontro laterale fra veicoli in marcia;Intersezione semaforizzata;Pi� di due carreggiate;Asciutto;Asfaltata;Verticale ed orizzontale;Sereno;Normale;Buona;;1;0;0;4;12.5148;41.9186;-1;2;Autovettura privata;In marcia / fermata / arresto;Conducente;M;Illeso;0;;Non accertato;
5305146;3;28/02/2021 11:20:00;Strada Urbana;VIA NOMENTANA;all'intersezione semaforizzata con;VIALE GORIZIA;VIALE GORIZIA;;;Scontro laterale fra veicoli in marcia;Intersezione semaforizzata;Pi� di due carreggiate;Asciutto;Asfaltata;Verticale ed orizzontale;Sereno;Normale;Buona;;1;0;0;4;12.5148;41.9186;-1;2;Autovettura privata;In marcia / fermata / arresto;Passeggero;F;Illeso;0;;Non accertato;
5305146;3;28/02/2021 11:20:00;Strada Urbana;VIA NOMENTANA;all'intersezione semaforizzata con;VIALE GORIZIA;VIALE GORIZIA;;;Scontro laterale fra veicoli in marcia;Intersezione semaforizzata;Pi� di due carreggiate;Asciutto;Asfaltata;Verticale ed orizzontale;Sereno;Normale;Buona;;1;0;0;4;12.5148;41.9186;-1;2;Autovettura privata;In marcia / fermata / arresto;Passeggero;M;Illeso;0;;Non accertato;
5305146;3;28/02/2021 11:20:00;Strada Urbana;VIA NOMENTANA;all'intersezione semaforizzata con;VIALE GORIZIA;VIALE GORIZIA;;;Scontro laterale fra veicoli in marcia;Intersezione semaforizzata;Pi� di due carreggiate;Asciutto;Asfaltata;Verticale ed orizzontale;Sereno;Normale;Buona;;1;0;0;4;12.5148;41.9186;-1;2;Autovettura privata;In marcia / fermata / arresto;Passeggero;M;Illeso;0;;Non accertato;
5306007;9;27/02/2021 18:10:00;Strada Urbana;PIAZZA DEI RE DI ROMA;da specificare;;;;tra VIA CERVETERI e VIA ALBALONGA;Scontro laterale fra veicoli in marcia;Rotatoria;Una carreggiata a senso unico di marcia;Asciutto;Asfaltata;Assente;Sereno;Intenso;Buona;;0;0;0;2;12.5133;41.882;-1;1;Autovettura privata;In marcia / fermata / arresto;Conducente;M;Illeso;0;;;
5306007;9;27/02/2021 18:10:00;Strada Urbana;PIAZZA DEI RE DI ROMA;da specificare;;;;tra VIA CERVETERI e VIA ALBALONGA;Scontro laterale fra veicoli in marcia;Rotatoria;Una carreggiata a senso unico di marcia;Asciutto;Asfaltata;Assente;Sereno;Intenso;Buona;;0;0;0;2;12.5133;41.882;-1;2;Autovettura privata;In marcia / fermata / arresto;Conducente;M;Illeso;0;;Non accertato;Inesploso
5306165;18;28/02/2021 19:20:00;Strada Urbana;VIA DELLA MAGLIANELLA;in corrispondenza;;del civico n.;133;;Scontro frontale/laterale DX fra veicoli in marcia;Rettilineo;Una carreggiata a doppio senso;Asciutto;Asfaltata;Verticale ed orizzontale;Sereno;Normale;Sufficiente;;0;0;0;1;12.378;41.8946;-1;1;Autovettura privata;In marcia / fermata / arresto;Conducente;F;Illeso;0;;;
5306165;18;28/02/2021 19:20:00;Strada Urbana;VIA DELLA MAGLIANELLA;in corrispondenza;;del civico n.;133;;Scontro frontale/laterale DX fra veicoli in marcia;Rettilineo;Una carreggiata a doppio senso;Asciutto;Asfaltata;Verticale ed orizzontale;Sereno;Normale;Sufficiente;;0;0;0;1;12.378;41.8946;-1;2;Autovettura privata;Allontanatosi;;;;;;;
5307519;17;27/02/2021 20:10:00;Strada Urbana;VIALE ANGELICO;in prossimit�;;del civico n.;88;;Scontro frontale/laterale SX fra veicoli in marcia;Rettilineo;Pi� di due carreggiate;Asciutto;Asfaltata;Verticale ed orizzontale;Sereno;Normale;Buona;;1;0;0;2;12.4589;41.9205;-1;1;Autovettura privata;In marcia / fermata / arresto;Conducente;F;Illeso;0;;;
5307519;17;27/02/2021 20:10:00;Strada Urbana;VIALE ANGELICO;in prossimit�;;del civico n.;88;;Scontro frontale/laterale SX fra veicoli in marcia;Rettilineo;Pi� di due carreggiate;Asciutto;Asfaltata;Verticale ed orizzontale;Sereno;Normale;Buona;;1;0;0;2;12.4589;41.9205;-1;1;Autovettura privata;In marcia / fermata / arresto;Passeggero;F;Rimandato;0;NON DECEDUTO;;
5307519;17;27/02/2021 20:10:00;Strada Urbana;VIALE ANGELICO;in prossimit�;;del civico n.;88;;Scontro frontale/laterale SX fra veicoli in marcia;Rettilineo;Pi� di due carreggiate;Asciutto;Asfaltata;Verticale ed orizzontale;Sereno;Normale;Buona;;1;0;0;2;12.4589;41.9205;-1;2;Autovettura privata;In marcia / fermata / arresto;Conducente;F;Illeso;0;;;
5328527;20;04/02/2021 14:30:00;Strada Urbana;VIA ORZINUOVI;all'intersezione con;VIA DOLZAGO;VIA DOLZAGO;;;Veicolo in marcia contro ostacolo fisso;Intersezione non regolata/non segnalata;Una carreggiata a doppio senso;Sdrucciolevole (terriccio);Sterrata;Assente;Sereno;Scarso;Buona;;0;0;0;1;12.4706;42.0412;-1;1;Autocarro inferiore 35 q.;In marcia / fermata / arresto;Conducente;M;Illeso;0;;;
5334620;6;23/02/2021 13:25:00;Strada Urbana;VIA LATISANA;in corrispondenza;;del civico n.;25;;Veicolo in marcia contro animale;Rettilineo;Una carreggiata a doppio senso;Asciutto;Asfaltata;Assente;Sereno;Scarso;Buona;;1;0;0;0;12.5606;41.8955;-1;1;Autovettura privata;Sosta;Passeggero;F;Rimandato;0;NON DECEDUTO;;
5337828;8;24/02/2021 21:15:00;Strada Urbana;VIA SAN BASILE;da specificare;;;;in prossimit� fermata ATAC "SAN BASILE";Investimento di pedone;Rettilineo;Una carreggiata a doppio senso;Asciutto;Asfaltata;Verticale ed orizzontale;Sereno;Scarso;Buona;;1;0;0;0;12.616;41.8296;-1;;;;Pedone;M;Rimandato;0;NON DECEDUTO;;
5337828;8;24/02/2021 21:15:00;Strada Urbana;VIA SAN BASILE;da specificare;;;;in prossimit� fermata ATAC "SAN BASILE";Investimento di pedone;Rettilineo;Una carreggiata a doppio senso;Asciutto;Asfaltata;Verticale ed orizzontale;Sereno;Scarso;Buona;;1;0;0;0;12.616;41.8296;-1;1;Autobus di linea;In marcia / fermata / arresto;;;;;;;
5529081;23;06/02/2021 13:45:00;Strada Urbana;VIALE FIORELLO LA GUARDIA;all'intersezione con;PIAZZALE DELLE CANESTRE;PIAZZALE DELLE CANESTRE;;;Infortunio per sola frenata improvvisa;Incrocio;Una carreggiata a doppio senso;Sdrucciolevole (terriccio);Asfaltata;Assente;Sereno;Scarso;Buona;;1;0;0;0;12.4828;41.9133;-1;1;Velocipede;In marcia / fermata / arresto;Conducente;F;Ricoverato;0;NON DECEDUTO;Esente;